Rc files read:
  latexmkrc
Latexmk: This is Latexmk, John Collins, 15 June 2025. Version 4.87.
Latexmk: applying rule 'pdflatex'...
Rule 'pdflatex':  Reasons for rerun
Changed files or newly in use/created:
  fragment/replica_joint_density.tex
Category 'changed_user':
  fragment/replica_joint_density.tex

------------
Run number 1 of rule 'pdflatex'
------------
------------
Running 'xelatex -synctex=1  -recorder -output-directory="/Users/siruilu/Local/agentFormalization/QICLean/worktrees/area-law-replica-symmetry/blueprint/print"  "print.tex"'
------------
This is XeTeX, Version 3.141592653-2.6-0.999998 (TeX Live 2026/Homebrew) (preloaded format=xelatex)
 restricted \write18 enabled.
entering extended mode
(./print.tex
LaTeX2e <2025-11-01>
L3 programming layer <2026-01-19>

(/opt/homebrew/Cellar/texlive/20260301/share/texmf-dist/tex/latex/base/report.c
ls
Document Class: report 2025/01/22 v1.4n Standard LaTeX document class

(/opt/homebrew/Cellar/texlive/20260301/share/texmf-dist/tex/latex/base/size10.c
lo))
(/opt/homebrew/Cellar/texlive/20260301/share/texmf-dist/tex/latex/geometry/geom
etry.sty
(/opt/homebrew/Cellar/texlive/20260301/share/texmf-dist/tex/latex/graphics/keyv
al.sty)
(/opt/homebrew/Cellar/texlive/20260301/share/texmf-dist/tex/generic/iftex/ifvte
x.sty
(/opt/homebrew/Cellar/texlive/20260301/share/texmf-dist/tex/generic/iftex/iftex
.sty)))
(/opt/homebrew/Cellar/texlive/20260301/share/texmf-dist/tex/latex/l3kernel/expl
3.sty
(/opt/homebrew/Cellar/texlive/20260301/share/texmf-dist/tex/latex/l3backend/l3b
ackend-xetex.def))
(/opt/homebrew/Cellar/texlive/20260301/share/texmf-dist/tex/latex/amsfonts/amss
ymb.sty
(/opt/homebrew/Cellar/texlive/20260301/share/texmf-dist/tex/latex/amsfonts/amsf
onts.sty))
(/opt/homebrew/Cellar/texlive/20260301/share/texmf-dist/tex/latex/amscls/amsthm
.sty)
(/opt/homebrew/Cellar/texlive/20260301/share/texmf-dist/tex/latex/mathtools/mat
htools.sty
(/opt/homebrew/Cellar/texlive/20260301/share/texmf-dist/tex/latex/tools/calc.st
y)
(/opt/homebrew/Cellar/texlive/20260301/share/texmf-dist/tex/latex/mathtools/mhs
etup.sty)
(/opt/homebrew/Cellar/texlive/20260301/share/texmf-dist/tex/latex/amsmath/amsma
th.sty
For additional information on amsmath, use the `?' option.

(/opt/homebrew/Cellar/texlive/20260301/share/texmf-dist/tex/latex/amsmath/amste
xt.sty
(/opt/homebrew/Cellar/texlive/20260301/share/texmf-dist/tex/latex/amsmath/amsge
n.sty))
(/opt/homebrew/Cellar/texlive/20260301/share/texmf-dist/tex/latex/amsmath/amsbs
y.sty)
(/opt/homebrew/Cellar/texlive/20260301/share/texmf-dist/tex/latex/amsmath/amsop
n.sty)))
(/opt/homebrew/Cellar/texlive/20260301/share/texmf-dist/tex/latex/pgf/frontendl
ayer/tikz.sty
(/opt/homebrew/Cellar/texlive/20260301/share/texmf-dist/tex/latex/pgf/basiclaye
r/pgf.sty
(/opt/homebrew/Cellar/texlive/20260301/share/texmf-dist/tex/latex/pgf/utilities
/pgfrcs.sty
(/opt/homebrew/Cellar/texlive/20260301/share/texmf-dist/tex/generic/pgf/utiliti
es/pgfutil-common.tex)
(/opt/homebrew/Cellar/texlive/20260301/share/texmf-dist/tex/generic/pgf/utiliti
es/pgfutil-latex.def)
(/opt/homebrew/Cellar/texlive/20260301/share/texmf-dist/tex/generic/pgf/utiliti
es/pgfrcs.code.tex
(/opt/homebrew/Cellar/texlive/20260301/share/texmf-dist/tex/generic/pgf/pgf.rev
ision.tex)))
(/opt/homebrew/Cellar/texlive/20260301/share/texmf-dist/tex/latex/pgf/basiclaye
r/pgfcore.sty
(/opt/homebrew/Cellar/texlive/20260301/share/texmf-dist/tex/latex/graphics/grap
hicx.sty
(/opt/homebrew/Cellar/texlive/20260301/share/texmf-dist/tex/latex/graphics/grap
hics.sty
(/opt/homebrew/Cellar/texlive/20260301/share/texmf-dist/tex/latex/graphics/trig
.sty)
(/opt/homebrew/Cellar/texlive/20260301/share/texmf-dist/tex/latex/graphics-cfg/
graphics.cfg)
(/opt/homebrew/Cellar/texlive/20260301/share/texmf-dist/tex/latex/graphics-def/
xetex.def)))
(/opt/homebrew/Cellar/texlive/20260301/share/texmf-dist/tex/latex/pgf/systemlay
er/pgfsys.sty
(/opt/homebrew/Cellar/texlive/20260301/share/texmf-dist/tex/generic/pgf/systeml
ayer/pgfsys.code.tex
(/opt/homebrew/Cellar/texlive/20260301/share/texmf-dist/tex/generic/pgf/utiliti
es/pgfkeys.code.tex
(/opt/homebrew/Cellar/texlive/20260301/share/texmf-dist/tex/generic/pgf/utiliti
es/pgfkeyslibraryfiltered.code.tex))
(/opt/homebrew/Cellar/texlive/20260301/share/texmf-dist/tex/generic/pgf/systeml
ayer/pgf.cfg)
(/opt/homebrew/Cellar/texlive/20260301/share/texmf-dist/tex/generic/pgf/systeml
ayer/pgfsys-xetex.def
(/opt/homebrew/Cellar/texlive/20260301/share/texmf-dist/tex/generic/pgf/systeml
ayer/pgfsys-dvipdfmx.def
(/opt/homebrew/Cellar/texlive/20260301/share/texmf-dist/tex/generic/pgf/systeml
ayer/pgfsys-common-pdf.def))))
(/opt/homebrew/Cellar/texlive/20260301/share/texmf-dist/tex/generic/pgf/systeml
ayer/pgfsyssoftpath.code.tex)
(/opt/homebrew/Cellar/texlive/20260301/share/texmf-dist/tex/generic/pgf/systeml
ayer/pgfsysprotocol.code.tex))
(/opt/homebrew/Cellar/texlive/20260301/share/texmf-dist/tex/latex/xcolor/xcolor
.sty
(/opt/homebrew/Cellar/texlive/20260301/share/texmf-dist/tex/latex/graphics-cfg/
color.cfg)
(/opt/homebrew/Cellar/texlive/20260301/share/texmf-dist/tex/latex/graphics/math
color.ltx))
(/opt/homebrew/Cellar/texlive/20260301/share/texmf-dist/tex/generic/pgf/basicla
yer/pgfcore.code.tex
(/opt/homebrew/Cellar/texlive/20260301/share/texmf-dist/tex/generic/pgf/math/pg
fmath.code.tex
(/opt/homebrew/Cellar/texlive/20260301/share/texmf-dist/tex/generic/pgf/math/pg
fmathutil.code.tex)
(/opt/homebrew/Cellar/texlive/20260301/share/texmf-dist/tex/generic/pgf/math/pg
fmathparser.code.tex)
(/opt/homebrew/Cellar/texlive/20260301/share/texmf-dist/tex/generic/pgf/math/pg
fmathfunctions.code.tex)
(/opt/homebrew/Cellar/texlive/20260301/share/texmf-dist/tex/generic/pgf/math/pg
fmathfunctions.basic.code.tex)
(/opt/homebrew/Cellar/texlive/20260301/share/texmf-dist/tex/generic/pgf/math/pg
fmathfunctions.trigonometric.code.tex)
(/opt/homebrew/Cellar/texlive/20260301/share/texmf-dist/tex/generic/pgf/math/pg
fmathfunctions.random.code.tex)
(/opt/homebrew/Cellar/texlive/20260301/share/texmf-dist/tex/generic/pgf/math/pg
fmathfunctions.comparison.code.tex)
(/opt/homebrew/Cellar/texlive/20260301/share/texmf-dist/tex/generic/pgf/math/pg
fmathfunctions.base.code.tex)
(/opt/homebrew/Cellar/texlive/20260301/share/texmf-dist/tex/generic/pgf/math/pg
fmathfunctions.round.code.tex)
(/opt/homebrew/Cellar/texlive/20260301/share/texmf-dist/tex/generic/pgf/math/pg
fmathfunctions.misc.code.tex)
(/opt/homebrew/Cellar/texlive/20260301/share/texmf-dist/tex/generic/pgf/math/pg
fmathfunctions.integerarithmetics.code.tex)
(/opt/homebrew/Cellar/texlive/20260301/share/texmf-dist/tex/generic/pgf/math/pg
fmathcalc.code.tex)
(/opt/homebrew/Cellar/texlive/20260301/share/texmf-dist/tex/generic/pgf/math/pg
fmathfloat.code.tex))
(/opt/homebrew/Cellar/texlive/20260301/share/texmf-dist/tex/generic/pgf/math/pg
fint.code.tex)
(/opt/homebrew/Cellar/texlive/20260301/share/texmf-dist/tex/generic/pgf/basicla
yer/pgfcorepoints.code.tex)
(/opt/homebrew/Cellar/texlive/20260301/share/texmf-dist/tex/generic/pgf/basicla
yer/pgfcorepathconstruct.code.tex)
(/opt/homebrew/Cellar/texlive/20260301/share/texmf-dist/tex/generic/pgf/basicla
yer/pgfcorepathusage.code.tex)
(/opt/homebrew/Cellar/texlive/20260301/share/texmf-dist/tex/generic/pgf/basicla
yer/pgfcorescopes.code.tex)
(/opt/homebrew/Cellar/texlive/20260301/share/texmf-dist/tex/generic/pgf/basicla
yer/pgfcoregraphicstate.code.tex)
(/opt/homebrew/Cellar/texlive/20260301/share/texmf-dist/tex/generic/pgf/basicla
yer/pgfcoretransformations.code.tex)
(/opt/homebrew/Cellar/texlive/20260301/share/texmf-dist/tex/generic/pgf/basicla
yer/pgfcorequick.code.tex)
(/opt/homebrew/Cellar/texlive/20260301/share/texmf-dist/tex/generic/pgf/basicla
yer/pgfcoreobjects.code.tex)
(/opt/homebrew/Cellar/texlive/20260301/share/texmf-dist/tex/generic/pgf/basicla
yer/pgfcorepathprocessing.code.tex)
(/opt/homebrew/Cellar/texlive/20260301/share/texmf-dist/tex/generic/pgf/basicla
yer/pgfcorearrows.code.tex)
(/opt/homebrew/Cellar/texlive/20260301/share/texmf-dist/tex/generic/pgf/basicla
yer/pgfcoreshade.code.tex)
(/opt/homebrew/Cellar/texlive/20260301/share/texmf-dist/tex/generic/pgf/basicla
yer/pgfcoreimage.code.tex)
(/opt/homebrew/Cellar/texlive/20260301/share/texmf-dist/tex/generic/pgf/basicla
yer/pgfcoreexternal.code.tex)
(/opt/homebrew/Cellar/texlive/20260301/share/texmf-dist/tex/generic/pgf/basicla
yer/pgfcorelayers.code.tex)
(/opt/homebrew/Cellar/texlive/20260301/share/texmf-dist/tex/generic/pgf/basicla
yer/pgfcoretransparency.code.tex)
(/opt/homebrew/Cellar/texlive/20260301/share/texmf-dist/tex/generic/pgf/basicla
yer/pgfcorepatterns.code.tex)
(/opt/homebrew/Cellar/texlive/20260301/share/texmf-dist/tex/generic/pgf/basicla
yer/pgfcorerdf.code.tex)))
(/opt/homebrew/Cellar/texlive/20260301/share/texmf-dist/tex/generic/pgf/modules
/pgfmoduleshapes.code.tex)
(/opt/homebrew/Cellar/texlive/20260301/share/texmf-dist/tex/generic/pgf/modules
/pgfmoduleplot.code.tex)
(/opt/homebrew/Cellar/texlive/20260301/share/texmf-dist/tex/latex/pgf/compatibi
lity/pgfcomp-version-0-65.sty)
(/opt/homebrew/Cellar/texlive/20260301/share/texmf-dist/tex/latex/pgf/compatibi
lity/pgfcomp-version-1-18.sty))
(/opt/homebrew/Cellar/texlive/20260301/share/texmf-dist/tex/latex/pgf/utilities
/pgffor.sty
(/opt/homebrew/Cellar/texlive/20260301/share/texmf-dist/tex/latex/pgf/utilities
/pgfkeys.sty
(/opt/homebrew/Cellar/texlive/20260301/share/texmf-dist/tex/generic/pgf/utiliti
es/pgfkeys.code.tex))
(/opt/homebrew/Cellar/texlive/20260301/share/texmf-dist/tex/latex/pgf/math/pgfm
ath.sty
(/opt/homebrew/Cellar/texlive/20260301/share/texmf-dist/tex/generic/pgf/math/pg
fmath.code.tex))
(/opt/homebrew/Cellar/texlive/20260301/share/texmf-dist/tex/generic/pgf/utiliti
es/pgffor.code.tex))
(/opt/homebrew/Cellar/texlive/20260301/share/texmf-dist/tex/generic/pgf/fronten
dlayer/tikz/tikz.code.tex
(/opt/homebrew/Cellar/texlive/20260301/share/texmf-dist/tex/generic/pgf/librari
es/pgflibraryplothandlers.code.tex)
(/opt/homebrew/Cellar/texlive/20260301/share/texmf-dist/tex/generic/pgf/modules
/pgfmodulematrix.code.tex)
(/opt/homebrew/Cellar/texlive/20260301/share/texmf-dist/tex/generic/pgf/fronten
dlayer/tikz/libraries/tikzlibrarytopaths.code.tex)))
(/opt/homebrew/Cellar/texlive/20260301/share/texmf-dist/tex/latex/hyperref/hype
rref.sty
(/opt/homebrew/Cellar/texlive/20260301/share/texmf-dist/tex/latex/kvsetkeys/kvs
etkeys.sty)
(/opt/homebrew/Cellar/texlive/20260301/share/texmf-dist/tex/generic/kvdefinekey
s/kvdefinekeys.sty)
(/opt/homebrew/Cellar/texlive/20260301/share/texmf-dist/tex/generic/pdfescape/p
dfescape.sty
(/opt/homebrew/Cellar/texlive/20260301/share/texmf-dist/tex/generic/ltxcmds/ltx
cmds.sty)
(/opt/homebrew/Cellar/texlive/20260301/share/texmf-dist/tex/generic/pdftexcmds/
pdftexcmds.sty
(/opt/homebrew/Cellar/texlive/20260301/share/texmf-dist/tex/generic/infwarerr/i
nfwarerr.sty)))
(/opt/homebrew/Cellar/texlive/20260301/share/texmf-dist/tex/latex/hycolor/hycol
or.sty)
(/opt/homebrew/Cellar/texlive/20260301/share/texmf-dist/tex/latex/hyperref/name
ref.sty
(/opt/homebrew/Cellar/texlive/20260301/share/texmf-dist/tex/latex/refcount/refc
ount.sty)
(/opt/homebrew/Cellar/texlive/20260301/share/texmf-dist/tex/generic/gettitlestr
ing/gettitlestring.sty
(/opt/homebrew/Cellar/texlive/20260301/share/texmf-dist/tex/latex/kvoptions/kvo
ptions.sty)))
(/opt/homebrew/Cellar/texlive/20260301/share/texmf-dist/tex/latex/etoolbox/etoo
lbox.sty)
(/opt/homebrew/Cellar/texlive/20260301/share/texmf-dist/tex/generic/stringenc/s
tringenc.sty)
(/opt/homebrew/Cellar/texlive/20260301/share/texmf-dist/tex/latex/hyperref/pd1e
nc.def)
(/opt/homebrew/Cellar/texlive/20260301/share/texmf-dist/tex/generic/intcalc/int
calc.sty)
(/opt/homebrew/Cellar/texlive/20260301/share/texmf-dist/tex/latex/hyperref/puen
c.def)
(/opt/homebrew/Cellar/texlive/20260301/share/texmf-dist/tex/latex/url/url.sty)
(/opt/homebrew/Cellar/texlive/20260301/share/texmf-dist/tex/generic/bitset/bits
et.sty
(/opt/homebrew/Cellar/texlive/20260301/share/texmf-dist/tex/generic/bigintcalc/
bigintcalc.sty)))
(/opt/homebrew/Cellar/texlive/20260301/share/texmf-dist/tex/latex/hyperref/hxet
ex.def
(/opt/homebrew/Cellar/texlive/20260301/share/texmf-dist/tex/latex/rerunfilechec
k/rerunfilecheck.sty
(/opt/homebrew/Cellar/texlive/20260301/share/texmf-dist/tex/generic/uniquecount
er/uniquecounter.sty)))
(/opt/homebrew/Cellar/texlive/20260301/share/texmf-dist/tex/latex/unicode-math/
unicode-math.sty
(/opt/homebrew/Cellar/texlive/20260301/share/texmf-dist/tex/latex/unicode-math/
unicode-math-xetex.sty
(/opt/homebrew/Cellar/texlive/20260301/share/texmf-dist/tex/latex/l3packages/xp
arse/xparse.sty)
(/opt/homebrew/Cellar/texlive/20260301/share/texmf-dist/tex/latex/l3packages/l3
keys2e/l3keys2e.sty)
(/opt/homebrew/Cellar/texlive/20260301/share/texmf-dist/tex/latex/fontspec/font
spec.sty
(/opt/homebrew/Cellar/texlive/20260301/share/texmf-dist/tex/latex/fontspec/font
spec-xetex.sty
(/opt/homebrew/Cellar/texlive/20260301/share/texmf-dist/tex/latex/base/fontenc.
sty)
(/opt/homebrew/Cellar/texlive/20260301/share/texmf-dist/tex/latex/fontspec/font
spec.cfg)))
(/opt/homebrew/Cellar/texlive/20260301/share/texmf-dist/tex/latex/base/fix-cm.s
ty
(/opt/homebrew/Cellar/texlive/20260301/share/texmf-dist/tex/latex/base/ts1enc.d
ef))
(/opt/homebrew/Cellar/texlive/20260301/share/texmf-dist/tex/latex/unicode-math/
unicode-math-table.tex))) (./macros/common.tex) (./macros/print.tex)
(/Users/siruilu/Local/agentFormalization/QICLean/worktrees/area-law-replica-sym
metry/.deps/tenkz/tex/tenkz/tenkz.sty
(/opt/homebrew/Cellar/texlive/20260301/share/texmf-dist/tex/generic/pgf/fronten
dlayer/tikz/libraries/tikzlibrarycalc.code.tex)
(/opt/homebrew/Cellar/texlive/20260301/share/texmf-dist/tex/generic/pgf/librari
es/pgflibraryarrows.meta.code.tex)
(/opt/homebrew/Cellar/texlive/20260301/share/texmf-dist/tex/generic/pgf/fronten
dlayer/tikz/libraries/tikzlibrarybackgrounds.code.tex)
(/opt/homebrew/Cellar/texlive/20260301/share/texmf-dist/tex/generic/pgf/fronten
dlayer/tikz/libraries/tikzlibrarydecorations.pathreplacing.code.tex
(/opt/homebrew/Cellar/texlive/20260301/share/texmf-dist/tex/generic/pgf/fronten
dlayer/tikz/libraries/tikzlibrarydecorations.code.tex
(/opt/homebrew/Cellar/texlive/20260301/share/texmf-dist/tex/generic/pgf/modules
/pgfmoduledecorations.code.tex))
(/opt/homebrew/Cellar/texlive/20260301/share/texmf-dist/tex/generic/pgf/librari
es/decorations/pgflibrarydecorations.pathreplacing.code.tex))
(/opt/homebrew/Cellar/texlive/20260301/share/texmf-dist/tex/generic/pgf/fronten
dlayer/tikz/libraries/tikzlibrarydecorations.markings.code.tex
(/opt/homebrew/Cellar/texlive/20260301/share/texmf-dist/tex/generic/pgf/librari
es/decorations/pgflibrarydecorations.markings.code.tex))
(/opt/homebrew/Cellar/texlive/20260301/share/texmf-dist/tex/generic/pgf/fronten
dlayer/tikz/libraries/tikzlibraryfit.code.tex)
(/opt/homebrew/Cellar/texlive/20260301/share/texmf-dist/tex/generic/pgf/fronten
dlayer/tikz/libraries/tikzlibraryshapes.geometric.code.tex
(/opt/homebrew/Cellar/texlive/20260301/share/texmf-dist/tex/generic/pgf/librari
es/shapes/pgflibraryshapes.geometric.code.tex))
(/opt/homebrew/Cellar/texlive/20260301/share/texmf-dist/tex/latex/hobby/tikzlib
raryhobby.code.tex
(/opt/homebrew/Cellar/texlive/20260301/share/texmf-dist/tex/latex/hobby/pgflibr
aryhobby.code.tex
(/opt/homebrew/Cellar/texlive/20260301/share/texmf-dist/tex/latex/hobby/hobby.c
ode.tex
(/opt/homebrew/Cellar/texlive/20260301/share/texmf-dist/tex/latex/hobby/pml3arr
ay.sty))))
(/opt/homebrew/Cellar/texlive/20260301/share/texmf-dist/tex/latex/spath3/tikzli
braryspath3.code.tex
(/opt/homebrew/Cellar/texlive/20260301/share/texmf-dist/tex/latex/spath3/spath3
.sty))
(/opt/homebrew/Cellar/texlive/20260301/share/texmf-dist/tex/generic/pgf/fronten
dlayer/tikz/libraries/tikzlibraryintersections.code.tex
(/opt/homebrew/Cellar/texlive/20260301/share/texmf-dist/tex/generic/pgf/librari
es/pgflibraryintersections.code.tex
(/opt/homebrew/Cellar/texlive/20260301/share/texmf-dist/tex/generic/pgf/librari
es/pgflibraryfpu.code.tex)))
(/Users/siruilu/Local/agentFormalization/QICLean/worktrees/area-law-replica-sym
metry/.deps/tenkz/tex/tenkz/tenkz-language.code.tex
(/Users/siruilu/Local/agentFormalization/QICLean/worktrees/area-law-replica-sym
metry/.deps/tenkz/tex/tenkz/tenkz-language-registry.tex))
(/Users/siruilu/Local/agentFormalization/QICLean/worktrees/area-law-replica-sym
metry/.deps/tenkz/tex/tenkz/tenkz-model.code.tex)
(/Users/siruilu/Local/agentFormalization/QICLean/worktrees/area-law-replica-sym
metry/.deps/tenkz/tex/tenkz/tenkz-core.code.tex)
(/Users/siruilu/Local/agentFormalization/QICLean/worktrees/area-law-replica-sym
metry/.deps/tenkz/tex/tenkz/tenkz-metric.code.tex)
(/Users/siruilu/Local/agentFormalization/QICLean/worktrees/area-law-replica-sym
metry/.deps/tenkz/tex/tenkz/tenkz-geometry.code.tex)
(/Users/siruilu/Local/agentFormalization/QICLean/worktrees/area-law-replica-sym
metry/.deps/tenkz/tex/tenkz/tenkz-string.code.tex)
(/Users/siruilu/Local/agentFormalization/QICLean/worktrees/area-law-replica-sym
metry/.deps/tenkz/tex/tenkz/tenkz-tree.code.tex)
(/Users/siruilu/Local/agentFormalization/QICLean/worktrees/area-law-replica-sym
metry/.deps/tenkz/tex/tenkz/tenkz-render.code.tex)
(/Users/siruilu/Local/agentFormalization/QICLean/worktrees/area-law-replica-sym
metry/.deps/tenkz/tex/tenkz/tenkz-kernel.code.tex
(/Users/siruilu/Local/agentFormalization/QICLean/worktrees/area-law-replica-sym
metry/.deps/tenkz/tex/tenkz/tenkz-kernel-language.code.tex)
(/Users/siruilu/Local/agentFormalization/QICLean/worktrees/area-law-replica-sym
metry/.deps/tenkz/tex/tenkz/tenkz-kernel-policy.code.tex)
(/Users/siruilu/Local/agentFormalization/QICLean/worktrees/area-law-replica-sym
metry/.deps/tenkz/tex/tenkz/tenkz-kernel-resolve.code.tex)
(/Users/siruilu/Local/agentFormalization/QICLean/worktrees/area-law-replica-sym
metry/.deps/tenkz/tex/tenkz/tenkz-kernel-ink.code.tex)
(/Users/siruilu/Local/agentFormalization/QICLean/worktrees/area-law-replica-sym
metry/.deps/tenkz/tex/tenkz/tenkz-kernel-annotate.code.tex)
(/Users/siruilu/Local/agentFormalization/QICLean/worktrees/area-law-replica-sym
metry/.deps/tenkz/tex/tenkz/tenkz-kernel-surface.code.tex)))
(./macros/diagrams.tex
(/opt/homebrew/Cellar/texlive/20260301/share/texmf-dist/tex/latex/tikz-cd/tikz-
cd.sty
(/opt/homebrew/Cellar/texlive/20260301/share/texmf-dist/tex/generic/tikz-cd/tik
zlibrarycd.code.tex
(/opt/homebrew/Cellar/texlive/20260301/share/texmf-dist/tex/generic/pgf/fronten
dlayer/tikz/libraries/tikzlibrarymatrix.code.tex)
(/opt/homebrew/Cellar/texlive/20260301/share/texmf-dist/tex/generic/pgf/fronten
dlayer/tikz/libraries/tikzlibraryquotes.code.tex))))
(/Users/siruilu/Local/agentFormalization/QICLean/worktrees/area-law-replica-sym
metry/blueprint/print/print.aux)
*geometry* driver: auto-detecting
*geometry* detected driver: xetex

(/Users/siruilu/Local/agentFormalization/QICLean/worktrees/area-law-replica-sym
metry/blueprint/print/print.out)
(/Users/siruilu/Local/agentFormalization/QICLean/worktrees/area-law-replica-sym
metry/blueprint/print/print.out)
(/opt/homebrew/Cellar/texlive/20260301/share/texmf-dist/tex/latex/amsfonts/umsa
.fd)
(/opt/homebrew/Cellar/texlive/20260301/share/texmf-dist/tex/latex/amsfonts/umsb
.fd) [1]
(/Users/siruilu/Local/agentFormalization/QICLean/worktrees/area-law-replica-sym
metry/blueprint/print/print.toc [1] [2] [3] [4] [5] [6]) (./content.tex
(./chapter/ch01_deconstructing_quantum.tex [7]
Chapter 1.
(./chapter/ch01_states.tex
Overfull \hbox (8.30865pt too wide) in paragraph at lines 7--13
[][]\TU/lmr/bx/n/10 Definition 1.1.1 \TU/lmr/m/n/10 (Schmidt decomposition)\TU/
lmr/bx/n/10 . [][][] [][][] [][] [][][] \TU/lmr/m/n/10 For $[] [] [][] [] [][]$
 with $[] [] [][][][][] [][][]$,
[8] [9]) (./chapter/ch01_shifted_density_powers.tex [10])
(./chapter/ch01_shifted_density_truncation.tex [11] [12])
(./chapter/ch01_shifted_power_derivative.tex [13])
(./chapter/ch01_patch_regulator.tex) (./chapter/ch01_positive_maps.tex [14]
[15] [16]
Overfull \hbox (0.76086pt too wide) in paragraph at lines 323--327
[][]\TU/lmr/bx/n/10 Definition 1.9.9 \TU/lmr/m/n/10 (State-preparation map)\TU/
lmr/bx/n/10 . [][][] [][][] [][] [][][] \TU/lmr/m/n/10 Let $[]$ be a matrix on 
a finite-dimensional
[17]
Overfull \hbox (10.62057pt too wide) in paragraph at lines 385--388
[][]\TU/lmr/bx/n/10 Theorem 1.10.3 \TU/lmr/m/n/10 (Trace of the maximally mixed
 matrix)\TU/lmr/bx/n/10 . [][][] [][][] [][] [][][] \TU/lmr/m/it/10 If $[] [] [
]$, then $[][][][][][][] []
[18] [19] [20]
Overfull \hbox (11.59889pt too wide) in paragraph at lines 762--772
[][]\TU/lmr/bx/n/10 Lemma 1.10.15 \TU/lmr/m/n/10 (Reconstructing a Kraus map fr
om $[][]$)\TU/lmr/bx/n/10 . [][][] [][][] [][] [][][] \TU/lmr/m/it/10 Let $[][]
$ be as in Lemma [][]1.10.12[][]

Overfull \hbox (28.53387pt too wide) in paragraph at lines 774--777
[] [][][] \TU/lmr/m/n/10 Both sides expand, entry by entry, to the same double 
sum $[] [][] [][] [] [][] [][][][][] [][]$.
[21] [22] [23] [24] [25]
Overfull \hbox (5.29309pt too wide) in paragraph at lines 1340--1344
[] [][][] \TU/lmr/m/n/10 For every $[][][] [][]$ and $[] [] []$, the zero-exten
ded operator satisfies $[][][][][][] []
[26] [27]
Overfull \hbox (0.58412pt too wide) in paragraph at lines 1512--1516
[] [][][] \TU/lmr/m/n/10 Since $[]$ is Hermitian and $[][] [] []$, the diagonal
 entries of the sum are $[][] [][][] []
) (./chapter/ch01_spectrum_and_wigner.tex [28] [29] [30] [31] [32] [33])
(./chapter/ch01_cyclic_trace_power.tex) (./chapter/ch01_coherent_frames.tex
[34])) (./chapter/ch02_channels.tex [35]
Chapter 2.
(./chapter/ch02_channels_positive_map_and_channel_foundations.tex [36] [37])
(./chapter/ch02_channels_rectangular_kraus_maps.tex [38]
Overfull \hbox (4.21751pt too wide) in paragraph at lines 88--93
[][]\TU/lmr/bx/n/10 Theorem 2.5.8 \TU/lmr/m/n/10 (Trace preservation from a Kra
us resolution)\TU/lmr/bx/n/10 . [][][] [][][] [][] [][][] []\TU/lmr/m/it/10 Eve
ry trace-preserving
[39]
Overfull \hbox (6.7766pt too wide) in paragraph at lines 148--148
[]\TU/lmr/bx/n/14.4 The Choi–Jamiolkowski representation of maps between
[40] [41]
Overfull \hbox (19.3712pt too wide) in paragraph at lines 420--428
[][]\TU/lmr/bx/n/10 Theorem 2.7.1 \TU/lmr/m/n/10 (Kraus normalization condition
s)\TU/lmr/bx/n/10 . [][][] [][][] [][][][] [][][] [][][][] [][][] [][] [][][] [
]\TU/lmr/m/it/10 Let $[][][][] [] [][] [][][][][]$
[42]) (./chapter/ch02_channels_tensor_maps_and_controlled_trace.tex [43])
(./chapter/ch02_channels_transfer_map_foundations.tex [44] [45])
(./chapter/ch02_channels_peripheral_spectrum_and_primitivity.tex [46] [47]
[48] [49] [50]
Overfull \hbox (8.69438pt too wide) in paragraph at lines 488--494
[][]\TU/lmr/bx/n/10 Lemma 2.13.2.1 \TU/lmr/m/n/10 (Peripheral closure via adjoi
nt fixed point)\TU/lmr/bx/n/10 . [][][] [][][] [][] [][][] [][][][]\TU/lmr/m/it
/10 Let $[][][][] [] [][] [][][][][]$

Overfull \hbox (0.28438pt too wide) in paragraph at lines 535--544
[][]\TU/lmr/bx/n/10 Theorem 2.13.2.2 \TU/lmr/m/n/10 (Roots of unity via adjoint
 fixed point)\TU/lmr/bx/n/10 . [][][] [][][] [][] [][][] [][][][][]\TU/lmr/m/it
/10 Let $[][][][] [] [][] [][][][][]$
[51] [52])) (./chapter/ch03_channel_representations.tex [53]
Chapter 3.
(./chapter/ch03_channel_representations_choi_foundations.tex
Overfull \hbox (1.66296pt too wide) in paragraph at lines 16--22
\TU/lmr/m/n/10 When $[] [] []$, this is the \TU/lmr/m/it/10 maximally entangled
 state\TU/lmr/m/n/10 : a rank-one projector with $[][][][] [][][][][] []
[54] [55]) (./chapter/ch03_channel_representations_rectangular_choi_bounds.tex
[56]
Overfull \hbox (7.94478pt too wide) in paragraph at lines 83--87
[][]\TU/lmr/bx/n/10 Definition 3.2.5 \TU/lmr/m/n/10 (Hilbert–Schmidt contractio
n)\TU/lmr/bx/n/10 . [][][] [][][] [][] [][][] \TU/lmr/m/n/10 A complex-linear m
ap $[] [] [][][][][] []
)
(./chapter/ch03_channel_representations_no_information_without_disturbance.tex
[57]) (./chapter/ch03_channel_representations_choi_and_kraus.tex [58] [59]
[60] [61] [62] [63]
Overfull \hbox (11.82436pt too wide) in paragraph at lines 778--783
[][]\TU/lmr/bx/n/10 Theorem 3.7.4 \TU/lmr/m/n/10 (Unitality implies Kraus unita
l normalization)\TU/lmr/bx/n/10 . [][][] [][][] [][] [][][] []\TU/lmr/m/it/10 I
f $[][][][] [] [][] [][][][][]$
[64] [65]) (./chapter/ch03_channel_representations_kraus_iterate_choi.tex
[66] [67]) (./chapter/ch03_channel_representations_ensemble_equivalence.tex
[68]
Overfull \hbox (0.58437pt too wide) in paragraph at lines 128--132
[]\TU/lmr/m/n/10 Conversely, a unitary $[]$ satisfies $[][][] [] []$, so Theore
m [][]3.6.6[][] gives $[][] [][][][] [][][][] [] [][] [][][][] [][][][]$.
) (./chapter/ch03_channel_representations_hermitian_intertwiners.tex [69])
(./chapter/ch03_channel_representations_dilations_and_ordered_cp.tex [70]
[71] [72]
Overfull \hbox (3.29pt too wide) in paragraph at lines 292--292
[]\TU/lmr/bx/n/14.4 Ordered CP maps, Radon–Nikodym, and open-system
[73] [74] [75]
Overfull \hbox (1.84756pt too wide) in paragraph at lines 679--690
[][]\TU/lmr/bx/n/10 Corollary 3.12.15 \TU/lmr/m/n/10 (Square-algebra Radon–Niko
dym theorem)\TU/lmr/bx/n/10 . [][][] [][][] [][] [][][] []\TU/lmr/m/it/10 Let $
[]$ be a nonempty
[76]
Overfull \hbox (11.32751pt too wide) in paragraph at lines 795--799
[][]\TU/lmr/bx/n/10 Lemma 3.12.21 \TU/lmr/m/n/10 (First environment embedding i
s an isometry)\TU/lmr/bx/n/10 . [][][] [][][] [][] [][][] []\TU/lmr/m/it/10 The
 first-environment
[77] [78] [79] [80] [81] [82])
(./chapter/ch03_channel_representations_normal_forms_and_determinant.tex
[83] [84] [85] [86] [87] [88] [89] [90] [91]
Overfull \hbox (27.40834pt too wide) in paragraph at lines 1026--1031
\TU/lmr/m/n/10 nates used immediately before [[], Eq. (2.41)]; see also the loc
al source $[][][][][] [] [][][][][][][][][][][][][][][][][] []
[92] [93] [94] [95]
Overfull \hbox (15.74634pt too wide) in paragraph at lines 1439--1446
[]\TU/lmr/m/n/10 Thus $[]$ maps the positive-semidefinite cone onto itself. The
 already formalized cone/rank/Wigner
[96] [97]) (./chapter/ch03_channel_representations_determinant_choi_bound.tex
[98]
Overfull \hbox (8.04791pt too wide) in paragraph at lines 53--59
\TU/lmr/m/n/10 Substituting $[][][][] [][][]$ for the row pair and $[][][][] []
[][]$ for the column pair in ([][]3.120[][]) gives $[][][][][][][][][]$,
) (./chapter/ch03_channel_representations_self_dual.tex [99]
Overfull \hbox (8.98033pt too wide) in paragraph at lines 60--66
[][]\TU/lmr/bx/n/10 Theorem 3.19.4 \TU/lmr/m/n/10 (Transfer matrix of a Kraus r
epresentation)\TU/lmr/bx/n/10 . [][][] [][][] [][] [][][] []\TU/lmr/m/it/10 If 
$[][][][] [] [][] [][][][][]$,
[100] [101] [102])
(./chapter/ch03_channel_representations_transfer_matrix_identities.tex [103])
(./chapter/ch03_channel_representations_sic_povms.tex [104] [105] [106]
[107])) (./chapter/ch04_positive_not_cp.tex [108]
Chapter 4.
(./chapter/ch04_positive_not_cp_trace_normalization_and_lorentz_cone.tex
[109]) (./chapter/ch04_positive_not_cp_two_positive_schmidt_and_choi.tex

Package hyperref Warning: Token not allowed in a PDF string (Unicode):
(hyperref)                removing `math shift' on input line 1.


Package hyperref Warning: Token not allowed in a PDF string (Unicode):
(hyperref)                removing `math shift' on input line 1.

[110] [111] [112] [113] [114] [115]
Overfull \hbox (1.33026pt too wide) in paragraph at lines 743--748
[] [][][] \TU/lmr/m/n/10 The forward direction is Theorem [][]4.2.3.8[][]. The 
reverse direction is Theorem [][]4.2.3.9[][].
[116]) (./chapter/ch04_positive_not_cp_npositivity_infimum.tex [117] [118])
(./chapter/ch04_positive_not_cp_positivity_reduction_and_breuer_hall.tex
[119] [120] [121] [122] [123] [124] [125]
Overfull \hbox (7.63916pt too wide) in paragraph at lines 751--758
[] [][][] []\TU/lmr/m/n/10 A positive semidefinite matrix is a sum of rank-one 
operators $[][][][][][]$. By Lemma [][]4.7.2[][]
[126]) (./chapter/ch04_positive_not_cp_choi_and_decomposable_maps.tex [127]
[128] [129] [130]
Overfull \hbox (5.33284pt too wide) in paragraph at lines 402--411
[]\TU/lmr/m/n/10 The comparison cannot in general be made strict. For $[][][] [
][] [][] [] [][][] [][] [][]$ and $[] [] [][][] [][] [][] [][] [][]$,
[131] [132] [133] [134] [135] [136] [137] [138] [139] [140] [141])
(./chapter/ch04_positive_not_cp_ppt_and_separable_states.tex [142] [143]
Overfull \hbox (3.90086pt too wide) in paragraph at lines 211--219
\TU/lmr/m/n/10 A bipartite state is separable when it is a convex combination o
f pure product states $[][] [][] [][][][][][][][] []
[144]) (./chapter/ch04_positive_not_cp_schmidt_number_and_entanglement.tex
[145] [146] [147]) (./chapter/ch04_positive_not_cp_kramers_degeneracy.tex
[148] [149])) (./chapter/ch04_positive_not_cp_supporting_results.tex [150]
Overfull \hbox (3.34654pt too wide) in paragraph at lines 185--189
[][]\TU/lmr/bx/n/10 Lemma 4.17.2 \TU/lmr/m/n/10 (Rank factorization through a c
oordinate space)\TU/lmr/bx/n/10 . [][][] [][][] [][] [][][] \TU/lmr/m/it/10 If 
$[] [] [][][][][][][][]$
[151]
Overfull \hbox (7.86009pt too wide) in paragraph at lines 264--269
[] [][][] \TU/lmr/m/n/10 The eigenvectors form an orthonormal basis, so with $[
] [] [][][]$ one has $[][] [][][][][][][][][] []
[152]
Overfull \hbox (7.40033pt too wide) in paragraph at lines 331--340
\TU/lmr/m/n/10 Choi criterion, the rectangular compression criterion, and the r
ank-$[]$ projection criterion. Through-
[153] [154] [155]
Overfull \hbox (0.84254pt too wide) in paragraph at lines 680--684
[][]\TU/lmr/bx/n/10 Lemma 4.19.16 \TU/lmr/m/n/10 (Rank-$[]$ Hermitian projectio
n factorization)\TU/lmr/bx/n/10 . [][][] [][][] [][] [][][] \TU/lmr/m/it/10 Let
 $[] [] [][][][][][][][]$

Package hyperref Warning: Token not allowed in a PDF string (Unicode):
(hyperref)                removing `math shift' on input line 703.


Package hyperref Warning: Token not allowed in a PDF string (Unicode):
(hyperref)                removing `math shift' on input line 703.

[156]
Overfull \hbox (9.13817pt too wide) in paragraph at lines 796--796
[]\TU/lmr/bx/n/14.4 Schmidt-number geometry and entanglement witnesses 
[157] [158]) (./chapter/ch04_convex_structure.tex [159]
Chapter 5.
[160] [161]
Overfull \hbox (0.17003pt too wide) in paragraph at lines 312--325
[] [][][] []\TU/lmr/m/n/10 The equality constraints and equality of the objecti
ves give $[][][][][] [] [][] [][][][][][][][] []
) (./chapter/ch05_schwarz.tex [162]
Chapter 6.
(./chapter/ch05_schwarz_ft_core.tex [163] [164])
(./chapter/ch05_schwarz_retractions_and_peripheral_equality.tex [165] [166])
(./chapter/ch05_schwarz_douglas.tex [167])
(./chapter/ch05_schwarz_schur_complement.tex)
(./chapter/ch05_schwarz_abstract_domains_and_order.tex [168] [169] [170]
[171] [172]
Overfull \hbox (41.15291pt too wide) in paragraph at lines 495--501
\TU/lmr/m/it/10 This is the pseudoinverse-free form of [[], Eq. (5.4)]: the usu
al statement $[][][][][][] [][][][][][][][][][][][][] []

Overfull \hbox (2.29807pt too wide) in paragraph at lines 506--517
\TU/lmr/m/n/10 Evaluating the PSD quadratic form on the vector $[][][] [][][]$ 
and using the side condition $[][][][][][][] []
[173]
Overfull \hbox (7.76178pt too wide) in paragraph at lines 644--649
[][]\TU/lmr/bx/n/10 Definition 6.9.2.7 \TU/lmr/m/n/10 (Per-$[]$ Schwarz hypothe
sis)\TU/lmr/bx/n/10 . [][][] [][][] [][] [][][] []\TU/lmr/m/n/10 A complex-line
ar map $[] [] [][][][][] []

Overfull \hbox (2.08957pt too wide) in paragraph at lines 693--701
[][]\TU/lmr/bx/n/10 Theorem 6.9.2.10 \TU/lmr/m/n/10 (Equality in the operator S
chwarz inequality)\TU/lmr/bx/n/10 . [][][] [][][] [][] [][][] [][]\TU/lmr/m/it/
10 Let $[] [] [][][][][] []
[174])) (./chapter/ch05_schwarz_supporting_results.tex
Overfull \hbox (3.5749pt too wide) in paragraph at lines 49--53
[][]\TU/lmr/bx/n/10 Theorem 6.11.3 \TU/lmr/m/n/10 (Nondegeneracy of the trace p
airing)\TU/lmr/bx/n/10 . [][][] [][][] [][] [][][] \TU/lmr/m/it/10 For $[] [] [
][][][][]$, $[][][][][] []
[175] [176]
Overfull \hbox (4.08379pt too wide) in paragraph at lines 287--287
[]\TU/lmr/bx/n/14.4 Faithful weighted traces and peripheral Schwarz equal-
[177]) (./chapter/ch06_operator_convexity.tex [178]
Chapter 7.
(./chapter/ch06_operator_convexity_schwarz_and_jensen.tex [179] [180] [181]
[182] [183] [184] [185])
(./chapter/ch06_operator_convexity_lieb_and_resolvent.tex [186] [187]
Overfull \hbox (2.84213pt too wide) in paragraph at lines 266--281
\TU/lmr/m/it/10 matrix $[]$, and positive-\TU/lmr/m/n/10 semidefinite \TU/lmr/m
/it/10 matrices $[][][] [][][] [][][] [][]$, the map $[][][] [][] [] [] [][][][
][][][][][][]$
[188] [189]) (./chapter/ch06_operator_convexity_matrix_means.tex
Overfull \hbox (5.76697pt too wide) in paragraph at lines 37--40
[]\TU/lmr/m/it/10 for $[] [] [] [] []$ the mean is monotone in each argument, a
nd for every vector $[]$, $[][][] [][][][][][][][] []
[190] [191]
Overfull \hbox (13.00826pt too wide) in paragraph at lines 197--206
[] [][][] []\TU/lmr/m/n/10 By the chain rule, $[][][][][][] [] [][][][][][][][]
[][][][][][][][]$ with $[] [] [][][][][]$,
[192]
Overfull \hbox (11.05424pt too wide) in paragraph at lines 279--281
\TU/lmr/m/n/10 For $[] [] [] [] [][][]$ let $[][][][][] [] [][][][][][] [][][][
][][]$ with $[][][][][] [] [][]$, and $[][][][][] [] [][][][][][][][][][][][][]
[] []
[193])) (./chapter/ch07_qpf.tex [194]
Chapter 8.
(./chapter/ch07_qpf_cesaro_fixed_points.tex
Overfull \hbox (29.7827pt too wide) in paragraph at lines 45--49
[] [][][] \TU/lmr/m/n/10 Pigeonhole principle on the integer lattice of side $[
][]$: the $[][] [] []$ points $[][][][][][][] [] [] [][][][][][]$
[195] [196] [197] [198]) (./chapter/ch07_qpf_weighted_cesaro.tex [199] [200])
[201] [202] [203] [204] [205] [206] [207] [208] [209]
Overfull \hbox (2.23955pt too wide) in paragraph at lines 1037--1043
[][]\TU/lmr/bx/n/10 Theorem 8.9.8 \TU/lmr/m/n/10 (Eigenvalue $[]$ for positive 
trace-preserving maps)\TU/lmr/bx/n/10 . [][][] [][][] [][] [][][] [][]\TU/lmr/m
/it/10 Let $[] [] [][][][][] []
[210]
Overfull \hbox (5.01353pt too wide) in paragraph at lines 1228--1243
[][]\TU/lmr/bx/n/10 Theorem 8.12.1 \TU/lmr/m/n/10 (Positive fixed-point decompo
sition)\TU/lmr/bx/n/10 . [][][] [][][] [][] [][] [][][] [][] [][] [][][] [][] [
][][] [][]\TU/lmr/m/it/10 Let $[] [] [] [][][][][] []
[211] (./chapter/ch07_qpf_irreducibility_and_ergodicity.tex [212] [213]
[214])) (./chapter/ch07_qpf_supporting_results.tex [215]
Overfull \hbox (1.41978pt too wide) in paragraph at lines 6--6
[]\TU/lmr/bx/n/14.4 Density matrices, Brouwer’s theorem, and Cesàro lim-
[216] [217] [218] [219]) (./chapter/ch08_spectral.tex [220]
Chapter 9.
(./chapter/ch08_spectral_ft_peripheral_cyclic.tex [221] [222])
(./chapter/ch08_spectral_supporting_results.tex [223] [224] [225] [226]))
(./chapter/ch09_channel_asymptotics.tex [227]
Chapter 10.
(./chapter/ch09_channel_asymptotics_jordan_block_power.tex [228])
(./chapter/ch09_channel_asymptotics_upper_triangular_power.tex [229] [230]
[231]) (./chapter/ch09_channel_asymptotics_detailed_balance.tex [232])
(./chapter/ch09_channel_asymptotics_mean_ergodic.tex [233] [234] [235])
(./chapter/ch09_channel_asymptotics_fixed_point_algebras.tex [236])
(./chapter/ch09_channel_asymptotics_fixed_points_and_wedderburn_i.tex [237]
[238] [239] [240] [241] [242] [243] [244] [245]
Overfull \hbox (11.51134pt too wide) in paragraph at lines 982--989
[] [][][] []\TU/lmr/m/n/10 Each pair $[] [] [][]$, $[][] [] [][]$ is of differe
nt type, hence orthogonal by Lemma [][]10.5.22[][].
) (./chapter/ch09_channel_asymptotics_wedderburn_ii.tex [246]
Overfull \hbox (8.43947pt too wide) in paragraph at lines 35--39
[]\TU/lmr/m/n/10 Finally, let $[] [] [][]$ and $[][] [] [][]$ be irreducible un
der $[]$, with $[][] [] [][]$. By Lemma [][]10.5.24[][],
[247] [248]
Overfull \hbox (27.08902pt too wide) in paragraph at lines 176--184
[][]\TU/lmr/bx/n/10 Lemma 10.6.5 \TU/lmr/m/n/10 (Unitary change of basis to blo
ck-diagonal form)\TU/lmr/bx/n/10 . [][][] [][][] [][] [][][] \TU/lmr/m/it/10 Le
t $[][][][][]$
[249] [250] [251] [252] [253] [254] [255])
(./chapter/ch09_channel_asymptotics_corner_and_overlap_decompositions.tex
[256] [257] [258])
(./chapter/ch09_channel_asymptotics_direct_sum_schwarz_maps.tex [259] [260]
Overfull \hbox (3.03027pt too wide) in paragraph at lines 188--201
[] [][][] \TU/lmr/m/n/10 Complete positivity and trace preservation make both t
race adjoints unital Schwarz
[261] [262] [263] [264]

Package hyperref Warning: Token not allowed in a PDF string (Unicode):
(hyperref)                removing `math shift' on input line 616.


Package hyperref Warning: Token not allowed in a PDF string (Unicode):
(hyperref)                removing `math shift' on input line 616.

[265])
(./chapter/ch09_channel_asymptotics_direct_sum_corners_and_maximal_support.tex
[266] [267]
Overfull \hbox (1.70528pt too wide) in paragraph at lines 194--196
[]\TU/lmr/m/n/10 Closure under multiplication transports back through the corre
spondence. A corner-supported
[268] [269] [270] [271])
(./chapter/ch09_channel_asymptotics_fixed_point_structure_and_cycles.tex
[272] [273] [274]
Overfull \hbox (31.08292pt too wide) in paragraph at lines 346--352
[] [][][] []\TU/lmr/m/n/10 In the spectral decomposition $[] [] [] [][][][][][]
$, the support projection is $[] [][][][][][][]$.
[275]
Overfull \hbox (137.52632pt too wide) in paragraph at lines 485--490
[]\TU/lmr/m/n/10 The declarations \TU/lmtt/m/n/10 Kraus.maximalSupport_of_maxim
alRank \TU/lmr/m/n/10 and \TU/lmtt/m/n/10 Kraus.exists_weightedCorner_sqrt_eq_o
f_maximalRank

Overfull \hbox (15.73227pt too wide) in paragraph at lines 501--505
[][]\TU/lmr/bx/n/10 Definition 10.12.1 \TU/lmr/m/n/10 (Exact Kraus word spans)\
TU/lmr/bx/n/10 . [][][] [][][] [][] [][][] \TU/lmr/m/n/10 For a finite Kraus fa
mily $[][][] [] [] [][] []
[276]
Overfull \hbox (11.32634pt too wide) in paragraph at lines 567--571
\TU/lmr/m/n/10 This section develops the block-permutation structure underlying
 the cycle decomposition of [[],
[277] [278] [279]
Overfull \hbox (26.44983pt too wide) in paragraph at lines 1006--1012
[]\TU/lmr/m/it/10 The compiled statement retains the equivalence $[][]$ and the
 literal zero extension $[][][][] [][] [][] [][]$
[280] [281])) (./chapter/ch09_channel_asymptotics_supporting_results.tex
[282] [283]) (./chapter/ch10_wielandt.tex [284]
Chapter 11.
(./chapter/ch10_wielandt_cumulative_bound.tex
Overfull \hbox (35.38342pt too wide) in paragraph at lines 60--65
[] [][][] []\TU/lmr/m/n/10 Expand the Kraus representation of the $[]$-fold ite
rate. Each summand is $[][][][][] [][][][][][][][] []
[285] [286] [287] [288] [289])) (./chapter/ch10_wielandt_supporting_results.tex
 [290] [291]) (./chapter/ch11_semigroup.tex [292]
Chapter 12.
(./chapter/ch11_semigroup_hermitian_paths.tex [293])
(./chapter/ch11_semigroup_dynamics_and_gksl.tex [294]
Overfull \hbox (20.50978pt too wide) in paragraph at lines 27--30
[][]\TU/lmr/bx/n/10 Definition 12.3.3 \TU/lmr/m/n/10 (Exponential semigroup)\TU
/lmr/bx/n/10 . [][][] [][][] [][][][] [][][] [][] [][][] \TU/lmr/m/n/10 Given a
 generator $[] [] [][][][][][][][][]$,
[295] [296] [297]
Overfull \hbox (8.99596pt too wide) in paragraph at lines 499--508
[] [][][] \TU/lmr/m/n/10 Let $[][][][] [] [][] [][][][][]$. By the cyclic prope
rty of trace, $[][][][][][][] [] [][][][][] [][][][][][][] []
[298] [299] [300] [301] [302])
(./chapter/ch11_semigroup_dissipation_and_primitivity.tex [303] [304] [305]
[306] [307]) (./chapter/ch11_semigroup_adjoint_kernel_and_reducibility.tex
[308] [309] [310]
Overfull \hbox (13.29822pt too wide) in paragraph at lines 355--365
[] [][][] \TU/lmr/m/n/10 The block-upper-triangular structure implies $[]$ pres
erves the compression $[][][][][][][]$.
[311] [312]
Overfull \hbox (8.15552pt too wide) in paragraph at lines 648--655
[][]\TU/lmr/bx/n/10 Theorem 12.9.1.16 \TU/lmr/m/n/10 (Large Kossakowski rank im
plies non-reducibility)\TU/lmr/bx/n/10 . [][][] [][][] [][] [][][] [][][][][][]
\TU/lmr/m/it/10 If $[][][][] []
[313])) (./chapter/ch12_entropy.tex [314]
Chapter 13.
(./chapter/ch12_entropy_trace_norm.tex [315] [316] [317]
Overfull \hbox (5.46825pt too wide) in paragraph at lines 455--463
[] [][][] [][][]\TU/lmr/m/n/10 Let $[][]$ be the support projection of $[][][][
][]$ from Lemma [][]13.1.14[][], so that $[][][][][][] []
[318] [319] [320] [321] [322]) (./chapter/ch12_polar_unitary_correction.tex
[323]) (./chapter/ch12_rectangular_windows.tex [324] [325])
(./chapter/ch12_entropy_majorization.tex)
(./chapter/ch12_entropy_von_neumann_and_relative_i.tex [326] [327] [328]
[329] [330] [331] [332] [333])
(./chapter/ch12_entropy_von_neumann_and_relative_ii.tex [334] [335] [336]
[337] [338] [339] [340] [341]
Overfull \hbox (0.6799pt too wide) in paragraph at lines 1010--1020
[] [][][] [][][]\TU/lmr/m/n/10 Kernel inclusion descends through the partial tr
ace, giving $[][][][] [][] [] [][][][] [][]$.
[342] [343]) (./chapter/ch12_entropy_tripartite_and_ssa_i.tex [344] [345]
[346] [347] [348] [349] [350] [351] [352]
Overfull \hbox (6.02043pt too wide) in paragraph at lines 1009--1015
\TU/lmr/m/it/10 This is the source-$[]$ pointwise-vanishing passage in Jenčová–
Ruskai, arXiv:0903.2895v4, lines 433–
[353] [354]) (./chapter/ch12_entropy_tripartite_and_ssa_ii.tex [355] [356]
[357] [358] [359]
Overfull \hbox (3.43794pt too wide) in paragraph at lines 605--612
[][]\TU/lmr/bx/n/10 Lemma 13.8.39 \TU/lmr/m/n/10 (Relative modular square-root 
ratio on the support)\TU/lmr/bx/n/10 . [][][] [][][] [][] [][][] []\TU/lmr/m/it
/10 Let $[][] [][] [][] []$
[360] [361] [362] [363] [364] [365] [366] [367] [368] [369] [370] [371]
[372] [373]
Overfull \hbox (24.00725pt too wide) in paragraph at lines 2195--2208
[][]$\TU/lmr/m/n/10 . The von Neumann entropy of a weighted orthogonal direct s
um is $[][][][] [][] [][][] [] [] [][] [][] [] [][] []
[374]) (./chapter/ch12_entropy_mutual_information.tex [375]
Overfull \hbox (14.84778pt too wide) in paragraph at lines 118--118
[]\TU/lmr/bx/n/14.4 Mutual information: monotonicity and area-law bound 
[376]) (./chapter/ch12_entropy_data_processing.tex)
(./chapter/ch12_entropy_conditional_continuity.tex [377] [378])
(./chapter/ch12_entropy_classical_operator_schmidt_and_renyi.tex [379] [380]
Overfull \hbox (13.46095pt too wide) in paragraph at lines 159--168
[]\TU/lmr/m/n/10 The minimality theorem at the preceding definition proves that
 the range dimension $[] [] [][]$
[381] [382] [383] [384] [385]
Overfull \hbox (1.78531pt too wide) in paragraph at lines 761--765
\TU/lmr/m/it/10 Thus this theorem reduces the singular-reference case to the fa
ithful comparison. Theorem [][]13.15.14[][]
[386] [387] [388] [389]) (./chapter/ch12_entropy_finite_product.tex [390]
[391] (./chapter/ch12_entropy_finite_product_splitting.tex))
(./chapter/ch12_entropy_finite_product_information.tex [392])
(./chapter/ch12_entropy_conditional_two_families.tex [393])
(./chapter/ch12_entropy_typical_spectrum.tex)
(./chapter/ch12_entropy_typical_density.tex [394])
(./chapter/ch12_entropy_typical_pure_state.tex [395])
(./chapter/ch12_entropy_regional_typical_state.tex [396])
(./chapter/ch12_entropy_typical_tail.tex [397])
(./fragment/typical_pure_compression.tex) (./chapter/ch12_density_simplex.tex
[398]) (./chapter/ch12_shifted_density_commutation.tex [399])
(./fragment/spectral_cutoff_mass.tex) (./fragment/replica_defect.tex [400])
(./fragment/replica_excitation_decomposition.tex [401])
(./fragment/replica_excitation_symmetry.tex)
(./fragment/replica_marginal_symmetry.tex [402])
(./fragment/replica_good_auxiliary_marginal.tex [403])
(./chapter/ch12_entropy_physical_buffer_overlap.tex [404] [405])
(./chapter/ch12_entropy_doubled_system_gap.tex [406] [407])
(./fragment/replica_permutation_covariance.tex [408])
(./fragment/replica_good_copy_factorization.tex [409])
(./fragment/replica_good_copy_density.tex)
(./fragment/replica_regional_density.tex [410])
(./fragment/replica_joint_density.tex
Overfull \hbox (9.51262pt too wide) in paragraph at lines 1--1
[]\TU/lmr/bx/n/14.4 Joint density on the good physical and auxiliary copies 
[411]
Overfull \hbox (3.79626pt too wide) in paragraph at lines 50--62
[] [][][] []\TU/lmr/m/n/10 Before tracing auxiliary coordinates, the regional d
ensity theorem gives $[][][][][] []
)) (./chapter/ch12_entropy_corollaries.tex [412])
(./chapter/ch13_buffered_filters.tex [413]
Chapter 14.
) (./chapter/ch13_spectral_filter.tex [414]
Chapter 15.
[415] [416] [417]
Overfull \hbox (14.4764pt too wide) in paragraph at lines 402--409
\TU/lmr/m/it/10 There are $[][][] [][] [] []$, depending only on $[][] [][] [][
] [][] []$, such that $[][][][][][] [] [][][][][][][] [] [][][] [][][][] [][][]
[]$
[418]) (./chapter/ch13_marginal_tails.tex [419]
Chapter 16.
[420] [421] [422] [423]) (./chapter/ch13_schur_labels.tex [424]
Chapter 17.
[425] [426] [427]
Overfull \hbox (1.217pt too wide) in paragraph at lines 348--360
[] [][][] \TU/lmr/m/n/10 A joint block of $[][] []$ meeting the $[]$-isotypic c
omponent is invariant under $[][][][][] []
) (./fragment/grouped_label_entropy.tex [428])
(./fragment/bad_copy_label_dimension.tex)
(./fragment/good_auxiliary_label_entropy.tex
Overfull \hbox (21.72034pt too wide) in paragraph at lines 37--1
[]\TU/lmr/m/n/10 This proves the bad-label dimension bound used in [[], Section
 7, equation (comparator:good-
[429]) (./fragment/good_auxiliary_label_compression.tex [430])
(./fragment/replica_good_auxiliary_label_bound.tex))
(/Users/siruilu/Local/agentFormalization/QICLean/worktrees/area-law-replica-sym
metry/blueprint/print/print.bbl [431]
Underfull \hbox (badness 1158) in paragraph at lines 52--58
[]\TU/lmr/m/n/10 The QICLean contributors.  Exact-rank wording in Wolf’s Choi a
nd wit-

Underfull \hbox (badness 1472) in paragraph at lines 52--58
\TU/lmr/m/n/10 CLean, 2026.  [][]$[][][][][] [] [] [] [][][][][][][][][] [] [][
][] [] [][][][][][][] [] [][][][][][][][][][][] [] [][][][] [] [][][][][] [] []
 []

Underfull \hbox (badness 10000) in paragraph at lines 60--66
\TU/lmr/m/n/10 QICLean, 2026.  [][]$[][][][][] [] [] [] [][][][][][][][][] [] [
][][] [] [][][][][][][] [] [][][][][][][][][][][] [] [][][][][][][] []

Underfull \hbox (badness 1297) in paragraph at lines 68--74
[]\TU/lmr/m/n/10 The QICLean contributors.  The missing order hypothesis in Wol
f’s uni-

Underfull \hbox (badness 5548) in paragraph at lines 68--74
\TU/lmr/m/n/10 QICLean, 2026.  [][]$[][][][][] [] [] [] [][][][][][][][][] [] [
][][] [] [][][][][][][] [] [][][][][][][][][][][] [] [][][][] [] [][][] []

Underfull \hbox (badness 1253) in paragraph at lines 76--81
\TU/lmr/m/n/10 QICLean, 2026.  [][]$[][][][][] [] [] [] [][][][][][][][][] [] [
][][] [] [][][][][][][] [] [][][][][][][][][][][] [] [][][][] [] [][][][][] []
[432]
Underfull \hbox (badness 1478) in paragraph at lines 90--96
[]\TU/lmr/m/n/10 The QICLean contributors.  Scope of Wolf chapter 5 operator co
nvexity

Underfull \hbox (badness 5548) in paragraph at lines 90--96
\TU/lmr/m/n/10 QICLean, 2026.  [][]$[][][][][] [] [] [] [][][][][][][][][] [] [
][][] [] [][][][][][][] [] [][][][][][][][][][][] [] [][][][] [] [][][] []

Underfull \hbox (badness 1817) in paragraph at lines 105--110
\TU/lmr/m/n/10 attainment.  Paper-gap note wolf_slater_attainment_conditions, Q
ICLean,

Underfull \hbox (badness 1803) in paragraph at lines 112--118
[]\TU/lmr/m/n/10 The QICLean contributors.  The structure theorem for finite-di
mensional

Underfull \hbox (badness 10000) in paragraph at lines 112--118
[][]$\TU/lmr/m/n/10 -algebras: Matrix-realized single-block scope.  Paper-gap n
ote

Underfull \hbox (badness 5548) in paragraph at lines 120--126
\TU/lmr/m/n/10 QICLean, 2026.  [][]$[][][][][] [] [] [] [][][][][][][][][] [] [
][][] [] [][][][][][][] [] [][][][][][][][][][][] [] [][][][] [] [][][] []

Underfull \hbox (badness 1152) in paragraph at lines 128--134
[]\TU/lmr/m/n/10 The QICLean contributors.  Wolf proposition 1.5: Factor and co
ordinate

Underfull \hbox (badness 10000) in paragraph at lines 136--143
[]\TU/lmr/m/n/10 The QICLean contributors.  Wolf proposition 1.6: Complete

Underfull \hbox (badness 10000) in paragraph at lines 136--143
\TU/lmr/m/n/10 positivity from positivity, commutative side.  Paper-gap note

Underfull \hbox (badness 7168) in paragraph at lines 136--143
\TU/lmr/m/n/10 wolf_prop16_cp_positivity_commutative_side, QICLean, 2026.  [][]
$[][][][][] []

Underfull \hbox (badness 10000) in paragraph at lines 136--143
[] [] [][][][][][][][][] [] [][][] [] [][][][][][][] [] [][][][][][][][][][][] 
[] [][][][] [] [][][][][][] [] [][] [] [][][][][][][][][][] []

Underfull \hbox (badness 2884) in paragraph at lines 153--159
\TU/lmr/m/n/10 QICLean, 2026.  [][]$[][][][][] [] [] [] [][][][][][][][][] [] [
][][] [] [][][][][][][] [] [][][][][][][][][][][] [] [][][][] [] [][][][] []
[433]
Underfull \hbox (badness 3428) in paragraph at lines 168--174
[]\TU/lmr/m/n/10 The QICLean contributors.  Yamagami’s simultaneous-singularity
 bound-

Underfull \hbox (badness 1253) in paragraph at lines 168--174
\TU/lmr/m/n/10 QICLean, 2026.  [][]$[][][][][] [] [] [] [][][][][][][][][] [] [
][][] [] [][][][][][][] [] [][][][][][][][][][][] [] [][][][][][][][][][] []

Underfull \hbox (badness 2376) in paragraph at lines 176--182
\TU/lmr/m/n/10 ity characterization and Hayashi–Markov decomposition.  Paper-ga
p note

Underfull \hbox (badness 2376) in paragraph at lines 184--190
\TU/lmr/m/n/10 TNLean, 2026.  [][]$[][][][][] [] [] [] [][][][][][][][][] [] []
[][] [] [][][][][][] [] [][][][][][][][][][][] [] [][][][][][] [] [][][][] []
[434]
Underfull \hbox (badness 10000) in paragraph at lines 288--293
[]\TU/lmr/m/n/10 OpenAI.  Polynomial peps approximation of gapped square-

Underfull \hbox (badness 10000) in paragraph at lines 288--293
\TU/lmr/m/n/10 grid ground states, 2026.  September 24, 2026; source revision
[435]) [436]
(/Users/siruilu/Local/agentFormalization/QICLean/worktrees/area-law-replica-sym
metry/blueprint/print/print.aux)

LaTeX Warning: Label(s) may have changed. Rerun to get cross-references right.

 )
(see the transcript file for additional information)
Output written on /Users/siruilu/Local/agentFormalization/QICLean/worktrees/are
a-law-replica-symmetry/blueprint/print/print.pdf (437 pages).
SyncTeX written on /Users/siruilu/Local/agentFormalization/QICLean/worktrees/area-law-replica-symmetry/blueprint/print/print.synctex.gz.
Transcript written on /Users/siruilu/Local/agentFormalization/QICLean/worktrees
/area-law-replica-symmetry/blueprint/print/print.log.
Latexmk: Getting log file '/Users/siruilu/Local/agentFormalization/QICLean/worktrees/area-law-replica-symmetry/blueprint/print/print.log'
Latexmk: Examining '/Users/siruilu/Local/agentFormalization/QICLean/worktrees/area-law-replica-symmetry/blueprint/print/print.fls'
Latexmk: Examining '/Users/siruilu/Local/agentFormalization/QICLean/worktrees/area-law-replica-symmetry/blueprint/print/print.log'
Latexmk: Found input bbl file '/Users/siruilu/Local/agentFormalization/QICLean/worktrees/area-law-replica-symmetry/blueprint/print/print.bbl'
Latexmk: References changed.
Latexmk: Log file says output to '/Users/siruilu/Local/agentFormalization/QICLean/worktrees/area-law-replica-symmetry/blueprint/print/print.pdf'
Latexmk: Using bibtex to make bibliography file(s).
  ===Source file '/Users/siruilu/Local/agentFormalization/QICLean/worktrees/area-law-replica-symmetry/blueprint/print/print.bbl' for 'pdflatex'
Latexmk: Found bibliography file(s):
  ./references.bib
Latexmk: applying rule 'bibtex /Users/siruilu/Local/agentFormalization/QICLean/worktrees/area-law-replica-symmetry/blueprint/print/print'...
Rule 'bibtex /Users/siruilu/Local/agentFormalization/QICLean/worktrees/area-law-replica-symmetry/blueprint/print/print':  Reasons for rerun
Changed files or newly in use/created:
  /Users/siruilu/Local/agentFormalization/QICLean/worktrees/area-law-replica-symmetry/blueprint/print/print.aux

------------
Run number 1 of rule 'bibtex /Users/siruilu/Local/agentFormalization/QICLean/worktrees/area-law-replica-symmetry/blueprint/print/print'
------------
Latexmk: Change directory to '/Users/siruilu/Local/agentFormalization/QICLean/worktrees/area-law-replica-symmetry/blueprint/print/'.
To assist finding of files in document directory, I set
  BIBINPUTS='/Users/siruilu/Local/agentFormalization/QICLean/worktrees/area-law-replica-symmetry/blueprint/src:/Users/siruilu/Local/agentFormalization/QICLean/worktrees/area-law-replica-symmetry/blueprint/print:/Users/siruilu/Local/TEX:'
  BSTINPUTS='/Users/siruilu/Local/agentFormalization/QICLean/worktrees/area-law-replica-symmetry/blueprint/src:/Users/siruilu/Local/TEX:'.
------------
Running 'bibtex  "print.aux"'
------------
This is BibTeX, Version 0.99e (TeX Live 2026/Homebrew)
The top-level auxiliary file: print.aux
The style file: alpha.bst
Database file #1: references.bib
Latexmk: Change directory back to '/Users/siruilu/Local/agentFormalization/QICLean/worktrees/area-law-replica-symmetry/blueprint/src'
Latexmk: applying rule 'pdflatex'...
Rule 'pdflatex':  Reasons for rerun
Changed files or newly in use/created:
  /Users/siruilu/Local/agentFormalization/QICLean/worktrees/area-law-replica-symmetry/blueprint/print/print.aux

------------
Run number 2 of rule 'pdflatex'
------------
------------
Running 'xelatex -synctex=1  -recorder -output-directory="/Users/siruilu/Local/agentFormalization/QICLean/worktrees/area-law-replica-symmetry/blueprint/print"  "print.tex"'
------------
This is XeTeX, Version 3.141592653-2.6-0.999998 (TeX Live 2026/Homebrew) (preloaded format=xelatex)
 restricted \write18 enabled.
entering extended mode
(./print.tex
LaTeX2e <2025-11-01>
L3 programming layer <2026-01-19>

(/opt/homebrew/Cellar/texlive/20260301/share/texmf-dist/tex/latex/base/report.c
ls
Document Class: report 2025/01/22 v1.4n Standard LaTeX document class

(/opt/homebrew/Cellar/texlive/20260301/share/texmf-dist/tex/latex/base/size10.c
lo))
(/opt/homebrew/Cellar/texlive/20260301/share/texmf-dist/tex/latex/geometry/geom
etry.sty
(/opt/homebrew/Cellar/texlive/20260301/share/texmf-dist/tex/latex/graphics/keyv
al.sty)
(/opt/homebrew/Cellar/texlive/20260301/share/texmf-dist/tex/generic/iftex/ifvte
x.sty
(/opt/homebrew/Cellar/texlive/20260301/share/texmf-dist/tex/generic/iftex/iftex
.sty)))
(/opt/homebrew/Cellar/texlive/20260301/share/texmf-dist/tex/latex/l3kernel/expl
3.sty
(/opt/homebrew/Cellar/texlive/20260301/share/texmf-dist/tex/latex/l3backend/l3b
ackend-xetex.def))
(/opt/homebrew/Cellar/texlive/20260301/share/texmf-dist/tex/latex/amsfonts/amss
ymb.sty
(/opt/homebrew/Cellar/texlive/20260301/share/texmf-dist/tex/latex/amsfonts/amsf
onts.sty))
(/opt/homebrew/Cellar/texlive/20260301/share/texmf-dist/tex/latex/amscls/amsthm
.sty)
(/opt/homebrew/Cellar/texlive/20260301/share/texmf-dist/tex/latex/mathtools/mat
htools.sty
(/opt/homebrew/Cellar/texlive/20260301/share/texmf-dist/tex/latex/tools/calc.st
y)
(/opt/homebrew/Cellar/texlive/20260301/share/texmf-dist/tex/latex/mathtools/mhs
etup.sty)
(/opt/homebrew/Cellar/texlive/20260301/share/texmf-dist/tex/latex/amsmath/amsma
th.sty
For additional information on amsmath, use the `?' option.

(/opt/homebrew/Cellar/texlive/20260301/share/texmf-dist/tex/latex/amsmath/amste
xt.sty
(/opt/homebrew/Cellar/texlive/20260301/share/texmf-dist/tex/latex/amsmath/amsge
n.sty))
(/opt/homebrew/Cellar/texlive/20260301/share/texmf-dist/tex/latex/amsmath/amsbs
y.sty)
(/opt/homebrew/Cellar/texlive/20260301/share/texmf-dist/tex/latex/amsmath/amsop
n.sty)))
(/opt/homebrew/Cellar/texlive/20260301/share/texmf-dist/tex/latex/pgf/frontendl
ayer/tikz.sty
(/opt/homebrew/Cellar/texlive/20260301/share/texmf-dist/tex/latex/pgf/basiclaye
r/pgf.sty
(/opt/homebrew/Cellar/texlive/20260301/share/texmf-dist/tex/latex/pgf/utilities
/pgfrcs.sty
(/opt/homebrew/Cellar/texlive/20260301/share/texmf-dist/tex/generic/pgf/utiliti
es/pgfutil-common.tex)
(/opt/homebrew/Cellar/texlive/20260301/share/texmf-dist/tex/generic/pgf/utiliti
es/pgfutil-latex.def)
(/opt/homebrew/Cellar/texlive/20260301/share/texmf-dist/tex/generic/pgf/utiliti
es/pgfrcs.code.tex
(/opt/homebrew/Cellar/texlive/20260301/share/texmf-dist/tex/generic/pgf/pgf.rev
ision.tex)))
(/opt/homebrew/Cellar/texlive/20260301/share/texmf-dist/tex/latex/pgf/basiclaye
r/pgfcore.sty
(/opt/homebrew/Cellar/texlive/20260301/share/texmf-dist/tex/latex/graphics/grap
hicx.sty
(/opt/homebrew/Cellar/texlive/20260301/share/texmf-dist/tex/latex/graphics/grap
hics.sty
(/opt/homebrew/Cellar/texlive/20260301/share/texmf-dist/tex/latex/graphics/trig
.sty)
(/opt/homebrew/Cellar/texlive/20260301/share/texmf-dist/tex/latex/graphics-cfg/
graphics.cfg)
(/opt/homebrew/Cellar/texlive/20260301/share/texmf-dist/tex/latex/graphics-def/
xetex.def)))
(/opt/homebrew/Cellar/texlive/20260301/share/texmf-dist/tex/latex/pgf/systemlay
er/pgfsys.sty
(/opt/homebrew/Cellar/texlive/20260301/share/texmf-dist/tex/generic/pgf/systeml
ayer/pgfsys.code.tex
(/opt/homebrew/Cellar/texlive/20260301/share/texmf-dist/tex/generic/pgf/utiliti
es/pgfkeys.code.tex
(/opt/homebrew/Cellar/texlive/20260301/share/texmf-dist/tex/generic/pgf/utiliti
es/pgfkeyslibraryfiltered.code.tex))
(/opt/homebrew/Cellar/texlive/20260301/share/texmf-dist/tex/generic/pgf/systeml
ayer/pgf.cfg)
(/opt/homebrew/Cellar/texlive/20260301/share/texmf-dist/tex/generic/pgf/systeml
ayer/pgfsys-xetex.def
(/opt/homebrew/Cellar/texlive/20260301/share/texmf-dist/tex/generic/pgf/systeml
ayer/pgfsys-dvipdfmx.def
(/opt/homebrew/Cellar/texlive/20260301/share/texmf-dist/tex/generic/pgf/systeml
ayer/pgfsys-common-pdf.def))))
(/opt/homebrew/Cellar/texlive/20260301/share/texmf-dist/tex/generic/pgf/systeml
ayer/pgfsyssoftpath.code.tex)
(/opt/homebrew/Cellar/texlive/20260301/share/texmf-dist/tex/generic/pgf/systeml
ayer/pgfsysprotocol.code.tex))
(/opt/homebrew/Cellar/texlive/20260301/share/texmf-dist/tex/latex/xcolor/xcolor
.sty
(/opt/homebrew/Cellar/texlive/20260301/share/texmf-dist/tex/latex/graphics-cfg/
color.cfg)
(/opt/homebrew/Cellar/texlive/20260301/share/texmf-dist/tex/latex/graphics/math
color.ltx))
(/opt/homebrew/Cellar/texlive/20260301/share/texmf-dist/tex/generic/pgf/basicla
yer/pgfcore.code.tex
(/opt/homebrew/Cellar/texlive/20260301/share/texmf-dist/tex/generic/pgf/math/pg
fmath.code.tex
(/opt/homebrew/Cellar/texlive/20260301/share/texmf-dist/tex/generic/pgf/math/pg
fmathutil.code.tex)
(/opt/homebrew/Cellar/texlive/20260301/share/texmf-dist/tex/generic/pgf/math/pg
fmathparser.code.tex)
(/opt/homebrew/Cellar/texlive/20260301/share/texmf-dist/tex/generic/pgf/math/pg
fmathfunctions.code.tex)
(/opt/homebrew/Cellar/texlive/20260301/share/texmf-dist/tex/generic/pgf/math/pg
fmathfunctions.basic.code.tex)
(/opt/homebrew/Cellar/texlive/20260301/share/texmf-dist/tex/generic/pgf/math/pg
fmathfunctions.trigonometric.code.tex)
(/opt/homebrew/Cellar/texlive/20260301/share/texmf-dist/tex/generic/pgf/math/pg
fmathfunctions.random.code.tex)
(/opt/homebrew/Cellar/texlive/20260301/share/texmf-dist/tex/generic/pgf/math/pg
fmathfunctions.comparison.code.tex)
(/opt/homebrew/Cellar/texlive/20260301/share/texmf-dist/tex/generic/pgf/math/pg
fmathfunctions.base.code.tex)
(/opt/homebrew/Cellar/texlive/20260301/share/texmf-dist/tex/generic/pgf/math/pg
fmathfunctions.round.code.tex)
(/opt/homebrew/Cellar/texlive/20260301/share/texmf-dist/tex/generic/pgf/math/pg
fmathfunctions.misc.code.tex)
(/opt/homebrew/Cellar/texlive/20260301/share/texmf-dist/tex/generic/pgf/math/pg
fmathfunctions.integerarithmetics.code.tex)
(/opt/homebrew/Cellar/texlive/20260301/share/texmf-dist/tex/generic/pgf/math/pg
fmathcalc.code.tex)
(/opt/homebrew/Cellar/texlive/20260301/share/texmf-dist/tex/generic/pgf/math/pg
fmathfloat.code.tex))
(/opt/homebrew/Cellar/texlive/20260301/share/texmf-dist/tex/generic/pgf/math/pg
fint.code.tex)
(/opt/homebrew/Cellar/texlive/20260301/share/texmf-dist/tex/generic/pgf/basicla
yer/pgfcorepoints.code.tex)
(/opt/homebrew/Cellar/texlive/20260301/share/texmf-dist/tex/generic/pgf/basicla
yer/pgfcorepathconstruct.code.tex)
(/opt/homebrew/Cellar/texlive/20260301/share/texmf-dist/tex/generic/pgf/basicla
yer/pgfcorepathusage.code.tex)
(/opt/homebrew/Cellar/texlive/20260301/share/texmf-dist/tex/generic/pgf/basicla
yer/pgfcorescopes.code.tex)
(/opt/homebrew/Cellar/texlive/20260301/share/texmf-dist/tex/generic/pgf/basicla
yer/pgfcoregraphicstate.code.tex)
(/opt/homebrew/Cellar/texlive/20260301/share/texmf-dist/tex/generic/pgf/basicla
yer/pgfcoretransformations.code.tex)
(/opt/homebrew/Cellar/texlive/20260301/share/texmf-dist/tex/generic/pgf/basicla
yer/pgfcorequick.code.tex)
(/opt/homebrew/Cellar/texlive/20260301/share/texmf-dist/tex/generic/pgf/basicla
yer/pgfcoreobjects.code.tex)
(/opt/homebrew/Cellar/texlive/20260301/share/texmf-dist/tex/generic/pgf/basicla
yer/pgfcorepathprocessing.code.tex)
(/opt/homebrew/Cellar/texlive/20260301/share/texmf-dist/tex/generic/pgf/basicla
yer/pgfcorearrows.code.tex)
(/opt/homebrew/Cellar/texlive/20260301/share/texmf-dist/tex/generic/pgf/basicla
yer/pgfcoreshade.code.tex)
(/opt/homebrew/Cellar/texlive/20260301/share/texmf-dist/tex/generic/pgf/basicla
yer/pgfcoreimage.code.tex)
(/opt/homebrew/Cellar/texlive/20260301/share/texmf-dist/tex/generic/pgf/basicla
yer/pgfcoreexternal.code.tex)
(/opt/homebrew/Cellar/texlive/20260301/share/texmf-dist/tex/generic/pgf/basicla
yer/pgfcorelayers.code.tex)
(/opt/homebrew/Cellar/texlive/20260301/share/texmf-dist/tex/generic/pgf/basicla
yer/pgfcoretransparency.code.tex)
(/opt/homebrew/Cellar/texlive/20260301/share/texmf-dist/tex/generic/pgf/basicla
yer/pgfcorepatterns.code.tex)
(/opt/homebrew/Cellar/texlive/20260301/share/texmf-dist/tex/generic/pgf/basicla
yer/pgfcorerdf.code.tex)))
(/opt/homebrew/Cellar/texlive/20260301/share/texmf-dist/tex/generic/pgf/modules
/pgfmoduleshapes.code.tex)
(/opt/homebrew/Cellar/texlive/20260301/share/texmf-dist/tex/generic/pgf/modules
/pgfmoduleplot.code.tex)
(/opt/homebrew/Cellar/texlive/20260301/share/texmf-dist/tex/latex/pgf/compatibi
lity/pgfcomp-version-0-65.sty)
(/opt/homebrew/Cellar/texlive/20260301/share/texmf-dist/tex/latex/pgf/compatibi
lity/pgfcomp-version-1-18.sty))
(/opt/homebrew/Cellar/texlive/20260301/share/texmf-dist/tex/latex/pgf/utilities
/pgffor.sty
(/opt/homebrew/Cellar/texlive/20260301/share/texmf-dist/tex/latex/pgf/utilities
/pgfkeys.sty
(/opt/homebrew/Cellar/texlive/20260301/share/texmf-dist/tex/generic/pgf/utiliti
es/pgfkeys.code.tex))
(/opt/homebrew/Cellar/texlive/20260301/share/texmf-dist/tex/latex/pgf/math/pgfm
ath.sty
(/opt/homebrew/Cellar/texlive/20260301/share/texmf-dist/tex/generic/pgf/math/pg
fmath.code.tex))
(/opt/homebrew/Cellar/texlive/20260301/share/texmf-dist/tex/generic/pgf/utiliti
es/pgffor.code.tex))
(/opt/homebrew/Cellar/texlive/20260301/share/texmf-dist/tex/generic/pgf/fronten
dlayer/tikz/tikz.code.tex
(/opt/homebrew/Cellar/texlive/20260301/share/texmf-dist/tex/generic/pgf/librari
es/pgflibraryplothandlers.code.tex)
(/opt/homebrew/Cellar/texlive/20260301/share/texmf-dist/tex/generic/pgf/modules
/pgfmodulematrix.code.tex)
(/opt/homebrew/Cellar/texlive/20260301/share/texmf-dist/tex/generic/pgf/fronten
dlayer/tikz/libraries/tikzlibrarytopaths.code.tex)))
(/opt/homebrew/Cellar/texlive/20260301/share/texmf-dist/tex/latex/hyperref/hype
rref.sty
(/opt/homebrew/Cellar/texlive/20260301/share/texmf-dist/tex/latex/kvsetkeys/kvs
etkeys.sty)
(/opt/homebrew/Cellar/texlive/20260301/share/texmf-dist/tex/generic/kvdefinekey
s/kvdefinekeys.sty)
(/opt/homebrew/Cellar/texlive/20260301/share/texmf-dist/tex/generic/pdfescape/p
dfescape.sty
(/opt/homebrew/Cellar/texlive/20260301/share/texmf-dist/tex/generic/ltxcmds/ltx
cmds.sty)
(/opt/homebrew/Cellar/texlive/20260301/share/texmf-dist/tex/generic/pdftexcmds/
pdftexcmds.sty
(/opt/homebrew/Cellar/texlive/20260301/share/texmf-dist/tex/generic/infwarerr/i
nfwarerr.sty)))
(/opt/homebrew/Cellar/texlive/20260301/share/texmf-dist/tex/latex/hycolor/hycol
or.sty)
(/opt/homebrew/Cellar/texlive/20260301/share/texmf-dist/tex/latex/hyperref/name
ref.sty
(/opt/homebrew/Cellar/texlive/20260301/share/texmf-dist/tex/latex/refcount/refc
ount.sty)
(/opt/homebrew/Cellar/texlive/20260301/share/texmf-dist/tex/generic/gettitlestr
ing/gettitlestring.sty
(/opt/homebrew/Cellar/texlive/20260301/share/texmf-dist/tex/latex/kvoptions/kvo
ptions.sty)))
(/opt/homebrew/Cellar/texlive/20260301/share/texmf-dist/tex/latex/etoolbox/etoo
lbox.sty)
(/opt/homebrew/Cellar/texlive/20260301/share/texmf-dist/tex/generic/stringenc/s
tringenc.sty)
(/opt/homebrew/Cellar/texlive/20260301/share/texmf-dist/tex/latex/hyperref/pd1e
nc.def)
(/opt/homebrew/Cellar/texlive/20260301/share/texmf-dist/tex/generic/intcalc/int
calc.sty)
(/opt/homebrew/Cellar/texlive/20260301/share/texmf-dist/tex/latex/hyperref/puen
c.def)
(/opt/homebrew/Cellar/texlive/20260301/share/texmf-dist/tex/latex/url/url.sty)
(/opt/homebrew/Cellar/texlive/20260301/share/texmf-dist/tex/generic/bitset/bits
et.sty
(/opt/homebrew/Cellar/texlive/20260301/share/texmf-dist/tex/generic/bigintcalc/
bigintcalc.sty)))
(/opt/homebrew/Cellar/texlive/20260301/share/texmf-dist/tex/latex/hyperref/hxet
ex.def
(/opt/homebrew/Cellar/texlive/20260301/share/texmf-dist/tex/latex/rerunfilechec
k/rerunfilecheck.sty
(/opt/homebrew/Cellar/texlive/20260301/share/texmf-dist/tex/generic/uniquecount
er/uniquecounter.sty)))
(/opt/homebrew/Cellar/texlive/20260301/share/texmf-dist/tex/latex/unicode-math/
unicode-math.sty
(/opt/homebrew/Cellar/texlive/20260301/share/texmf-dist/tex/latex/unicode-math/
unicode-math-xetex.sty
(/opt/homebrew/Cellar/texlive/20260301/share/texmf-dist/tex/latex/l3packages/xp
arse/xparse.sty)
(/opt/homebrew/Cellar/texlive/20260301/share/texmf-dist/tex/latex/l3packages/l3
keys2e/l3keys2e.sty)
(/opt/homebrew/Cellar/texlive/20260301/share/texmf-dist/tex/latex/fontspec/font
spec.sty
(/opt/homebrew/Cellar/texlive/20260301/share/texmf-dist/tex/latex/fontspec/font
spec-xetex.sty
(/opt/homebrew/Cellar/texlive/20260301/share/texmf-dist/tex/latex/base/fontenc.
sty)
(/opt/homebrew/Cellar/texlive/20260301/share/texmf-dist/tex/latex/fontspec/font
spec.cfg)))
(/opt/homebrew/Cellar/texlive/20260301/share/texmf-dist/tex/latex/base/fix-cm.s
ty
(/opt/homebrew/Cellar/texlive/20260301/share/texmf-dist/tex/latex/base/ts1enc.d
ef))
(/opt/homebrew/Cellar/texlive/20260301/share/texmf-dist/tex/latex/unicode-math/
unicode-math-table.tex))) (./macros/common.tex) (./macros/print.tex)
(/Users/siruilu/Local/agentFormalization/QICLean/worktrees/area-law-replica-sym
metry/.deps/tenkz/tex/tenkz/tenkz.sty
(/opt/homebrew/Cellar/texlive/20260301/share/texmf-dist/tex/generic/pgf/fronten
dlayer/tikz/libraries/tikzlibrarycalc.code.tex)
(/opt/homebrew/Cellar/texlive/20260301/share/texmf-dist/tex/generic/pgf/librari
es/pgflibraryarrows.meta.code.tex)
(/opt/homebrew/Cellar/texlive/20260301/share/texmf-dist/tex/generic/pgf/fronten
dlayer/tikz/libraries/tikzlibrarybackgrounds.code.tex)
(/opt/homebrew/Cellar/texlive/20260301/share/texmf-dist/tex/generic/pgf/fronten
dlayer/tikz/libraries/tikzlibrarydecorations.pathreplacing.code.tex
(/opt/homebrew/Cellar/texlive/20260301/share/texmf-dist/tex/generic/pgf/fronten
dlayer/tikz/libraries/tikzlibrarydecorations.code.tex
(/opt/homebrew/Cellar/texlive/20260301/share/texmf-dist/tex/generic/pgf/modules
/pgfmoduledecorations.code.tex))
(/opt/homebrew/Cellar/texlive/20260301/share/texmf-dist/tex/generic/pgf/librari
es/decorations/pgflibrarydecorations.pathreplacing.code.tex))
(/opt/homebrew/Cellar/texlive/20260301/share/texmf-dist/tex/generic/pgf/fronten
dlayer/tikz/libraries/tikzlibrarydecorations.markings.code.tex
(/opt/homebrew/Cellar/texlive/20260301/share/texmf-dist/tex/generic/pgf/librari
es/decorations/pgflibrarydecorations.markings.code.tex))
(/opt/homebrew/Cellar/texlive/20260301/share/texmf-dist/tex/generic/pgf/fronten
dlayer/tikz/libraries/tikzlibraryfit.code.tex)
(/opt/homebrew/Cellar/texlive/20260301/share/texmf-dist/tex/generic/pgf/fronten
dlayer/tikz/libraries/tikzlibraryshapes.geometric.code.tex
(/opt/homebrew/Cellar/texlive/20260301/share/texmf-dist/tex/generic/pgf/librari
es/shapes/pgflibraryshapes.geometric.code.tex))
(/opt/homebrew/Cellar/texlive/20260301/share/texmf-dist/tex/latex/hobby/tikzlib
raryhobby.code.tex
(/opt/homebrew/Cellar/texlive/20260301/share/texmf-dist/tex/latex/hobby/pgflibr
aryhobby.code.tex
(/opt/homebrew/Cellar/texlive/20260301/share/texmf-dist/tex/latex/hobby/hobby.c
ode.tex
(/opt/homebrew/Cellar/texlive/20260301/share/texmf-dist/tex/latex/hobby/pml3arr
ay.sty))))
(/opt/homebrew/Cellar/texlive/20260301/share/texmf-dist/tex/latex/spath3/tikzli
braryspath3.code.tex
(/opt/homebrew/Cellar/texlive/20260301/share/texmf-dist/tex/latex/spath3/spath3
.sty))
(/opt/homebrew/Cellar/texlive/20260301/share/texmf-dist/tex/generic/pgf/fronten
dlayer/tikz/libraries/tikzlibraryintersections.code.tex
(/opt/homebrew/Cellar/texlive/20260301/share/texmf-dist/tex/generic/pgf/librari
es/pgflibraryintersections.code.tex
(/opt/homebrew/Cellar/texlive/20260301/share/texmf-dist/tex/generic/pgf/librari
es/pgflibraryfpu.code.tex)))
(/Users/siruilu/Local/agentFormalization/QICLean/worktrees/area-law-replica-sym
metry/.deps/tenkz/tex/tenkz/tenkz-language.code.tex
(/Users/siruilu/Local/agentFormalization/QICLean/worktrees/area-law-replica-sym
metry/.deps/tenkz/tex/tenkz/tenkz-language-registry.tex))
(/Users/siruilu/Local/agentFormalization/QICLean/worktrees/area-law-replica-sym
metry/.deps/tenkz/tex/tenkz/tenkz-model.code.tex)
(/Users/siruilu/Local/agentFormalization/QICLean/worktrees/area-law-replica-sym
metry/.deps/tenkz/tex/tenkz/tenkz-core.code.tex)
(/Users/siruilu/Local/agentFormalization/QICLean/worktrees/area-law-replica-sym
metry/.deps/tenkz/tex/tenkz/tenkz-metric.code.tex)
(/Users/siruilu/Local/agentFormalization/QICLean/worktrees/area-law-replica-sym
metry/.deps/tenkz/tex/tenkz/tenkz-geometry.code.tex)
(/Users/siruilu/Local/agentFormalization/QICLean/worktrees/area-law-replica-sym
metry/.deps/tenkz/tex/tenkz/tenkz-string.code.tex)
(/Users/siruilu/Local/agentFormalization/QICLean/worktrees/area-law-replica-sym
metry/.deps/tenkz/tex/tenkz/tenkz-tree.code.tex)
(/Users/siruilu/Local/agentFormalization/QICLean/worktrees/area-law-replica-sym
metry/.deps/tenkz/tex/tenkz/tenkz-render.code.tex)
(/Users/siruilu/Local/agentFormalization/QICLean/worktrees/area-law-replica-sym
metry/.deps/tenkz/tex/tenkz/tenkz-kernel.code.tex
(/Users/siruilu/Local/agentFormalization/QICLean/worktrees/area-law-replica-sym
metry/.deps/tenkz/tex/tenkz/tenkz-kernel-language.code.tex)
(/Users/siruilu/Local/agentFormalization/QICLean/worktrees/area-law-replica-sym
metry/.deps/tenkz/tex/tenkz/tenkz-kernel-policy.code.tex)
(/Users/siruilu/Local/agentFormalization/QICLean/worktrees/area-law-replica-sym
metry/.deps/tenkz/tex/tenkz/tenkz-kernel-resolve.code.tex)
(/Users/siruilu/Local/agentFormalization/QICLean/worktrees/area-law-replica-sym
metry/.deps/tenkz/tex/tenkz/tenkz-kernel-ink.code.tex)
(/Users/siruilu/Local/agentFormalization/QICLean/worktrees/area-law-replica-sym
metry/.deps/tenkz/tex/tenkz/tenkz-kernel-annotate.code.tex)
(/Users/siruilu/Local/agentFormalization/QICLean/worktrees/area-law-replica-sym
metry/.deps/tenkz/tex/tenkz/tenkz-kernel-surface.code.tex)))
(./macros/diagrams.tex
(/opt/homebrew/Cellar/texlive/20260301/share/texmf-dist/tex/latex/tikz-cd/tikz-
cd.sty
(/opt/homebrew/Cellar/texlive/20260301/share/texmf-dist/tex/generic/tikz-cd/tik
zlibrarycd.code.tex
(/opt/homebrew/Cellar/texlive/20260301/share/texmf-dist/tex/generic/pgf/fronten
dlayer/tikz/libraries/tikzlibrarymatrix.code.tex)
(/opt/homebrew/Cellar/texlive/20260301/share/texmf-dist/tex/generic/pgf/fronten
dlayer/tikz/libraries/tikzlibraryquotes.code.tex))))
(/Users/siruilu/Local/agentFormalization/QICLean/worktrees/area-law-replica-sym
metry/blueprint/print/print.aux)
*geometry* driver: auto-detecting
*geometry* detected driver: xetex

(/Users/siruilu/Local/agentFormalization/QICLean/worktrees/area-law-replica-sym
metry/blueprint/print/print.out)
(/Users/siruilu/Local/agentFormalization/QICLean/worktrees/area-law-replica-sym
metry/blueprint/print/print.out)
(/opt/homebrew/Cellar/texlive/20260301/share/texmf-dist/tex/latex/amsfonts/umsa
.fd)
(/opt/homebrew/Cellar/texlive/20260301/share/texmf-dist/tex/latex/amsfonts/umsb
.fd) [1]
(/Users/siruilu/Local/agentFormalization/QICLean/worktrees/area-law-replica-sym
metry/blueprint/print/print.toc [1] [2] [3] [4] [5] [6]) (./content.tex
(./chapter/ch01_deconstructing_quantum.tex [7]
Chapter 1.
(./chapter/ch01_states.tex
Overfull \hbox (8.30865pt too wide) in paragraph at lines 7--13
[][]\TU/lmr/bx/n/10 Definition 1.1.1 \TU/lmr/m/n/10 (Schmidt decomposition)\TU/
lmr/bx/n/10 . [][][] [][][] [][] [][][] \TU/lmr/m/n/10 For $[] [] [][] [] [][]$
 with $[] [] [][][][][] [][][]$,
[8] [9]) (./chapter/ch01_shifted_density_powers.tex [10])
(./chapter/ch01_shifted_density_truncation.tex [11] [12])
(./chapter/ch01_shifted_power_derivative.tex [13])
(./chapter/ch01_patch_regulator.tex) (./chapter/ch01_positive_maps.tex [14]
[15] [16]
Overfull \hbox (0.76086pt too wide) in paragraph at lines 323--327
[][]\TU/lmr/bx/n/10 Definition 1.9.9 \TU/lmr/m/n/10 (State-preparation map)\TU/
lmr/bx/n/10 . [][][] [][][] [][] [][][] \TU/lmr/m/n/10 Let $[]$ be a matrix on 
a finite-dimensional
[17]
Overfull \hbox (10.62057pt too wide) in paragraph at lines 385--388
[][]\TU/lmr/bx/n/10 Theorem 1.10.3 \TU/lmr/m/n/10 (Trace of the maximally mixed
 matrix)\TU/lmr/bx/n/10 . [][][] [][][] [][] [][][] \TU/lmr/m/it/10 If $[] [] [
]$, then $[][][][][][][] []
[18] [19] [20]
Overfull \hbox (11.59889pt too wide) in paragraph at lines 762--772
[][]\TU/lmr/bx/n/10 Lemma 1.10.15 \TU/lmr/m/n/10 (Reconstructing a Kraus map fr
om $[][]$)\TU/lmr/bx/n/10 . [][][] [][][] [][] [][][] \TU/lmr/m/it/10 Let $[][]
$ be as in Lemma [][]1.10.12[][]

Overfull \hbox (28.53387pt too wide) in paragraph at lines 774--777
[] [][][] \TU/lmr/m/n/10 Both sides expand, entry by entry, to the same double 
sum $[] [][] [][] [] [][] [][][][][] [][]$.
[21] [22] [23] [24] [25]
Overfull \hbox (5.29309pt too wide) in paragraph at lines 1340--1344
[] [][][] \TU/lmr/m/n/10 For every $[][][] [][]$ and $[] [] []$, the zero-exten
ded operator satisfies $[][][][][][] []
[26] [27]
Overfull \hbox (0.58412pt too wide) in paragraph at lines 1512--1516
[] [][][] \TU/lmr/m/n/10 Since $[]$ is Hermitian and $[][] [] []$, the diagonal
 entries of the sum are $[][] [][][] []
) (./chapter/ch01_spectrum_and_wigner.tex [28] [29] [30] [31] [32] [33])
(./chapter/ch01_cyclic_trace_power.tex) (./chapter/ch01_coherent_frames.tex
[34])) (./chapter/ch02_channels.tex [35]
Chapter 2.
(./chapter/ch02_channels_positive_map_and_channel_foundations.tex [36] [37])
(./chapter/ch02_channels_rectangular_kraus_maps.tex [38]
Overfull \hbox (4.21751pt too wide) in paragraph at lines 88--93
[][]\TU/lmr/bx/n/10 Theorem 2.5.8 \TU/lmr/m/n/10 (Trace preservation from a Kra
us resolution)\TU/lmr/bx/n/10 . [][][] [][][] [][] [][][] []\TU/lmr/m/it/10 Eve
ry trace-preserving
[39]
Overfull \hbox (6.7766pt too wide) in paragraph at lines 148--148
[]\TU/lmr/bx/n/14.4 The Choi–Jamiolkowski representation of maps between
[40] [41]
Overfull \hbox (19.3712pt too wide) in paragraph at lines 420--428
[][]\TU/lmr/bx/n/10 Theorem 2.7.1 \TU/lmr/m/n/10 (Kraus normalization condition
s)\TU/lmr/bx/n/10 . [][][] [][][] [][][][] [][][] [][][][] [][][] [][] [][][] [
]\TU/lmr/m/it/10 Let $[][][][] [] [][] [][][][][]$
[42]) (./chapter/ch02_channels_tensor_maps_and_controlled_trace.tex [43])
(./chapter/ch02_channels_transfer_map_foundations.tex [44] [45])
(./chapter/ch02_channels_peripheral_spectrum_and_primitivity.tex [46] [47]
[48] [49] [50]
Overfull \hbox (8.69438pt too wide) in paragraph at lines 488--494
[][]\TU/lmr/bx/n/10 Lemma 2.13.2.1 \TU/lmr/m/n/10 (Peripheral closure via adjoi
nt fixed point)\TU/lmr/bx/n/10 . [][][] [][][] [][] [][][] [][][][]\TU/lmr/m/it
/10 Let $[][][][] [] [][] [][][][][]$

Overfull \hbox (0.28438pt too wide) in paragraph at lines 535--544
[][]\TU/lmr/bx/n/10 Theorem 2.13.2.2 \TU/lmr/m/n/10 (Roots of unity via adjoint
 fixed point)\TU/lmr/bx/n/10 . [][][] [][][] [][] [][][] [][][][][]\TU/lmr/m/it
/10 Let $[][][][] [] [][] [][][][][]$
[51] [52])) (./chapter/ch03_channel_representations.tex [53]
Chapter 3.
(./chapter/ch03_channel_representations_choi_foundations.tex
Overfull \hbox (1.66296pt too wide) in paragraph at lines 16--22
\TU/lmr/m/n/10 When $[] [] []$, this is the \TU/lmr/m/it/10 maximally entangled
 state\TU/lmr/m/n/10 : a rank-one projector with $[][][][] [][][][][] []
[54] [55]) (./chapter/ch03_channel_representations_rectangular_choi_bounds.tex
[56]
Overfull \hbox (7.94478pt too wide) in paragraph at lines 83--87
[][]\TU/lmr/bx/n/10 Definition 3.2.5 \TU/lmr/m/n/10 (Hilbert–Schmidt contractio
n)\TU/lmr/bx/n/10 . [][][] [][][] [][] [][][] \TU/lmr/m/n/10 A complex-linear m
ap $[] [] [][][][][] []
)
(./chapter/ch03_channel_representations_no_information_without_disturbance.tex
[57]) (./chapter/ch03_channel_representations_choi_and_kraus.tex [58] [59]
[60] [61] [62] [63]
Overfull \hbox (11.82436pt too wide) in paragraph at lines 778--783
[][]\TU/lmr/bx/n/10 Theorem 3.7.4 \TU/lmr/m/n/10 (Unitality implies Kraus unita
l normalization)\TU/lmr/bx/n/10 . [][][] [][][] [][] [][][] []\TU/lmr/m/it/10 I
f $[][][][] [] [][] [][][][][]$
[64] [65]) (./chapter/ch03_channel_representations_kraus_iterate_choi.tex
[66] [67]) (./chapter/ch03_channel_representations_ensemble_equivalence.tex
[68]
Overfull \hbox (0.58437pt too wide) in paragraph at lines 128--132
[]\TU/lmr/m/n/10 Conversely, a unitary $[]$ satisfies $[][][] [] []$, so Theore
m [][]3.6.6[][] gives $[][] [][][][] [][][][] [] [][] [][][][] [][][][]$.
) (./chapter/ch03_channel_representations_hermitian_intertwiners.tex [69])
(./chapter/ch03_channel_representations_dilations_and_ordered_cp.tex [70]
[71] [72]
Overfull \hbox (3.29pt too wide) in paragraph at lines 292--292
[]\TU/lmr/bx/n/14.4 Ordered CP maps, Radon–Nikodym, and open-system
[73] [74] [75]
Overfull \hbox (1.84756pt too wide) in paragraph at lines 679--690
[][]\TU/lmr/bx/n/10 Corollary 3.12.15 \TU/lmr/m/n/10 (Square-algebra Radon–Niko
dym theorem)\TU/lmr/bx/n/10 . [][][] [][][] [][] [][][] []\TU/lmr/m/it/10 Let $
[]$ be a nonempty
[76]
Overfull \hbox (11.32751pt too wide) in paragraph at lines 795--799
[][]\TU/lmr/bx/n/10 Lemma 3.12.21 \TU/lmr/m/n/10 (First environment embedding i
s an isometry)\TU/lmr/bx/n/10 . [][][] [][][] [][] [][][] []\TU/lmr/m/it/10 The
 first-environment
[77] [78] [79] [80] [81] [82])
(./chapter/ch03_channel_representations_normal_forms_and_determinant.tex
[83] [84] [85] [86] [87] [88] [89] [90] [91]
Overfull \hbox (27.40834pt too wide) in paragraph at lines 1026--1031
\TU/lmr/m/n/10 nates used immediately before [[], Eq. (2.41)]; see also the loc
al source $[][][][][] [] [][][][][][][][][][][][][][][][][] []
[92] [93] [94] [95]
Overfull \hbox (15.74634pt too wide) in paragraph at lines 1439--1446
[]\TU/lmr/m/n/10 Thus $[]$ maps the positive-semidefinite cone onto itself. The
 already formalized cone/rank/Wigner
[96] [97]) (./chapter/ch03_channel_representations_determinant_choi_bound.tex
[98]
Overfull \hbox (8.04791pt too wide) in paragraph at lines 53--59
\TU/lmr/m/n/10 Substituting $[][][][] [][][]$ for the row pair and $[][][][] []
[][]$ for the column pair in ([][]3.120[][]) gives $[][][][][][][][][]$,
) (./chapter/ch03_channel_representations_self_dual.tex [99]
Overfull \hbox (8.98033pt too wide) in paragraph at lines 60--66
[][]\TU/lmr/bx/n/10 Theorem 3.19.4 \TU/lmr/m/n/10 (Transfer matrix of a Kraus r
epresentation)\TU/lmr/bx/n/10 . [][][] [][][] [][] [][][] []\TU/lmr/m/it/10 If 
$[][][][] [] [][] [][][][][]$,
[100] [101] [102])
(./chapter/ch03_channel_representations_transfer_matrix_identities.tex [103])
(./chapter/ch03_channel_representations_sic_povms.tex [104] [105] [106]
[107])) (./chapter/ch04_positive_not_cp.tex [108]
Chapter 4.
(./chapter/ch04_positive_not_cp_trace_normalization_and_lorentz_cone.tex
[109]) (./chapter/ch04_positive_not_cp_two_positive_schmidt_and_choi.tex

Package hyperref Warning: Token not allowed in a PDF string (Unicode):
(hyperref)                removing `math shift' on input line 1.


Package hyperref Warning: Token not allowed in a PDF string (Unicode):
(hyperref)                removing `math shift' on input line 1.

[110] [111] [112] [113] [114] [115]
Overfull \hbox (1.33026pt too wide) in paragraph at lines 743--748
[] [][][] \TU/lmr/m/n/10 The forward direction is Theorem [][]4.2.3.8[][]. The 
reverse direction is Theorem [][]4.2.3.9[][].
[116]) (./chapter/ch04_positive_not_cp_npositivity_infimum.tex [117] [118])
(./chapter/ch04_positive_not_cp_positivity_reduction_and_breuer_hall.tex
[119] [120] [121] [122] [123] [124] [125]
Overfull \hbox (7.63916pt too wide) in paragraph at lines 751--758
[] [][][] []\TU/lmr/m/n/10 A positive semidefinite matrix is a sum of rank-one 
operators $[][][][][][]$. By Lemma [][]4.7.2[][]
[126]) (./chapter/ch04_positive_not_cp_choi_and_decomposable_maps.tex [127]
[128] [129] [130]
Overfull \hbox (5.33284pt too wide) in paragraph at lines 402--411
[]\TU/lmr/m/n/10 The comparison cannot in general be made strict. For $[][][] [
][] [][] [] [][][] [][] [][]$ and $[] [] [][][] [][] [][] [][] [][]$,
[131] [132] [133] [134] [135] [136] [137] [138] [139] [140] [141])
(./chapter/ch04_positive_not_cp_ppt_and_separable_states.tex [142] [143]
Overfull \hbox (3.90086pt too wide) in paragraph at lines 211--219
\TU/lmr/m/n/10 A bipartite state is separable when it is a convex combination o
f pure product states $[][] [][] [][][][][][][][] []
[144]) (./chapter/ch04_positive_not_cp_schmidt_number_and_entanglement.tex
[145] [146] [147]) (./chapter/ch04_positive_not_cp_kramers_degeneracy.tex
[148] [149])) (./chapter/ch04_positive_not_cp_supporting_results.tex [150]
Overfull \hbox (3.34654pt too wide) in paragraph at lines 185--189
[][]\TU/lmr/bx/n/10 Lemma 4.17.2 \TU/lmr/m/n/10 (Rank factorization through a c
oordinate space)\TU/lmr/bx/n/10 . [][][] [][][] [][] [][][] \TU/lmr/m/it/10 If 
$[] [] [][][][][][][][]$
[151]
Overfull \hbox (7.86009pt too wide) in paragraph at lines 264--269
[] [][][] \TU/lmr/m/n/10 The eigenvectors form an orthonormal basis, so with $[
] [] [][][]$ one has $[][] [][][][][][][][][] []
[152]
Overfull \hbox (7.40033pt too wide) in paragraph at lines 331--340
\TU/lmr/m/n/10 Choi criterion, the rectangular compression criterion, and the r
ank-$[]$ projection criterion. Through-
[153] [154] [155]
Overfull \hbox (0.84254pt too wide) in paragraph at lines 680--684
[][]\TU/lmr/bx/n/10 Lemma 4.19.16 \TU/lmr/m/n/10 (Rank-$[]$ Hermitian projectio
n factorization)\TU/lmr/bx/n/10 . [][][] [][][] [][] [][][] \TU/lmr/m/it/10 Let
 $[] [] [][][][][][][][]$

Package hyperref Warning: Token not allowed in a PDF string (Unicode):
(hyperref)                removing `math shift' on input line 703.


Package hyperref Warning: Token not allowed in a PDF string (Unicode):
(hyperref)                removing `math shift' on input line 703.

[156]
Overfull \hbox (9.13817pt too wide) in paragraph at lines 796--796
[]\TU/lmr/bx/n/14.4 Schmidt-number geometry and entanglement witnesses 
[157] [158]) (./chapter/ch04_convex_structure.tex [159]
Chapter 5.
[160] [161]
Overfull \hbox (0.17003pt too wide) in paragraph at lines 312--325
[] [][][] []\TU/lmr/m/n/10 The equality constraints and equality of the objecti
ves give $[][][][][] [] [][] [][][][][][][][] []
) (./chapter/ch05_schwarz.tex [162]
Chapter 6.
(./chapter/ch05_schwarz_ft_core.tex [163] [164])
(./chapter/ch05_schwarz_retractions_and_peripheral_equality.tex [165] [166])
(./chapter/ch05_schwarz_douglas.tex [167])
(./chapter/ch05_schwarz_schur_complement.tex)
(./chapter/ch05_schwarz_abstract_domains_and_order.tex [168] [169] [170]
[171] [172]
Overfull \hbox (41.15291pt too wide) in paragraph at lines 495--501
\TU/lmr/m/it/10 This is the pseudoinverse-free form of [[], Eq. (5.4)]: the usu
al statement $[][][][][][] [][][][][][][][][][][][][] []

Overfull \hbox (2.29807pt too wide) in paragraph at lines 506--517
\TU/lmr/m/n/10 Evaluating the PSD quadratic form on the vector $[][][] [][][]$ 
and using the side condition $[][][][][][][] []
[173]
Overfull \hbox (7.76178pt too wide) in paragraph at lines 644--649
[][]\TU/lmr/bx/n/10 Definition 6.9.2.7 \TU/lmr/m/n/10 (Per-$[]$ Schwarz hypothe
sis)\TU/lmr/bx/n/10 . [][][] [][][] [][] [][][] []\TU/lmr/m/n/10 A complex-line
ar map $[] [] [][][][][] []

Overfull \hbox (2.08957pt too wide) in paragraph at lines 693--701
[][]\TU/lmr/bx/n/10 Theorem 6.9.2.10 \TU/lmr/m/n/10 (Equality in the operator S
chwarz inequality)\TU/lmr/bx/n/10 . [][][] [][][] [][] [][][] [][]\TU/lmr/m/it/
10 Let $[] [] [][][][][] []
[174])) (./chapter/ch05_schwarz_supporting_results.tex
Overfull \hbox (3.5749pt too wide) in paragraph at lines 49--53
[][]\TU/lmr/bx/n/10 Theorem 6.11.3 \TU/lmr/m/n/10 (Nondegeneracy of the trace p
airing)\TU/lmr/bx/n/10 . [][][] [][][] [][] [][][] \TU/lmr/m/it/10 For $[] [] [
][][][][]$, $[][][][][] []
[175] [176]
Overfull \hbox (4.08379pt too wide) in paragraph at lines 287--287
[]\TU/lmr/bx/n/14.4 Faithful weighted traces and peripheral Schwarz equal-
[177]) (./chapter/ch06_operator_convexity.tex [178]
Chapter 7.
(./chapter/ch06_operator_convexity_schwarz_and_jensen.tex [179] [180] [181]
[182] [183] [184] [185])
(./chapter/ch06_operator_convexity_lieb_and_resolvent.tex [186] [187]
Overfull \hbox (2.84213pt too wide) in paragraph at lines 266--281
\TU/lmr/m/it/10 matrix $[]$, and positive-\TU/lmr/m/n/10 semidefinite \TU/lmr/m
/it/10 matrices $[][][] [][][] [][][] [][]$, the map $[][][] [][] [] [] [][][][
][][][][][][]$
[188] [189]) (./chapter/ch06_operator_convexity_matrix_means.tex
Overfull \hbox (5.76697pt too wide) in paragraph at lines 37--40
[]\TU/lmr/m/it/10 for $[] [] [] [] []$ the mean is monotone in each argument, a
nd for every vector $[]$, $[][][] [][][][][][][][] []
[190] [191]
Overfull \hbox (13.00826pt too wide) in paragraph at lines 197--206
[] [][][] []\TU/lmr/m/n/10 By the chain rule, $[][][][][][] [] [][][][][][][][]
[][][][][][][][]$ with $[] [] [][][][][]$,
[192]
Overfull \hbox (11.05424pt too wide) in paragraph at lines 279--281
\TU/lmr/m/n/10 For $[] [] [] [] [][][]$ let $[][][][][] [] [][][][][][] [][][][
][][]$ with $[][][][][] [] [][]$, and $[][][][][] [] [][][][][][][][][][][][][]
[] []
[193])) (./chapter/ch07_qpf.tex [194]
Chapter 8.
(./chapter/ch07_qpf_cesaro_fixed_points.tex
Overfull \hbox (29.7827pt too wide) in paragraph at lines 45--49
[] [][][] \TU/lmr/m/n/10 Pigeonhole principle on the integer lattice of side $[
][]$: the $[][] [] []$ points $[][][][][][][] [] [] [][][][][][]$
[195] [196] [197] [198]) (./chapter/ch07_qpf_weighted_cesaro.tex [199] [200])
[201] [202] [203] [204] [205] [206] [207] [208] [209]
Overfull \hbox (2.23955pt too wide) in paragraph at lines 1037--1043
[][]\TU/lmr/bx/n/10 Theorem 8.9.8 \TU/lmr/m/n/10 (Eigenvalue $[]$ for positive 
trace-preserving maps)\TU/lmr/bx/n/10 . [][][] [][][] [][] [][][] [][]\TU/lmr/m
/it/10 Let $[] [] [][][][][] []
[210]
Overfull \hbox (5.01353pt too wide) in paragraph at lines 1228--1243
[][]\TU/lmr/bx/n/10 Theorem 8.12.1 \TU/lmr/m/n/10 (Positive fixed-point decompo
sition)\TU/lmr/bx/n/10 . [][][] [][][] [][] [][] [][][] [][] [][] [][][] [][] [
][][] [][]\TU/lmr/m/it/10 Let $[] [] [] [][][][][] []
[211] (./chapter/ch07_qpf_irreducibility_and_ergodicity.tex [212] [213]
[214])) (./chapter/ch07_qpf_supporting_results.tex [215]
Overfull \hbox (1.41978pt too wide) in paragraph at lines 6--6
[]\TU/lmr/bx/n/14.4 Density matrices, Brouwer’s theorem, and Cesàro lim-
[216] [217] [218] [219]) (./chapter/ch08_spectral.tex [220]
Chapter 9.
(./chapter/ch08_spectral_ft_peripheral_cyclic.tex [221] [222])
(./chapter/ch08_spectral_supporting_results.tex [223] [224] [225] [226]))
(./chapter/ch09_channel_asymptotics.tex [227]
Chapter 10.
(./chapter/ch09_channel_asymptotics_jordan_block_power.tex [228])
(./chapter/ch09_channel_asymptotics_upper_triangular_power.tex [229] [230]
[231]) (./chapter/ch09_channel_asymptotics_detailed_balance.tex [232])
(./chapter/ch09_channel_asymptotics_mean_ergodic.tex [233] [234] [235])
(./chapter/ch09_channel_asymptotics_fixed_point_algebras.tex [236])
(./chapter/ch09_channel_asymptotics_fixed_points_and_wedderburn_i.tex [237]
[238] [239] [240] [241] [242] [243] [244] [245]
Overfull \hbox (11.51134pt too wide) in paragraph at lines 982--989
[] [][][] []\TU/lmr/m/n/10 Each pair $[] [] [][]$, $[][] [] [][]$ is of differe
nt type, hence orthogonal by Lemma [][]10.5.22[][].
) (./chapter/ch09_channel_asymptotics_wedderburn_ii.tex [246]
Overfull \hbox (8.43947pt too wide) in paragraph at lines 35--39
[]\TU/lmr/m/n/10 Finally, let $[] [] [][]$ and $[][] [] [][]$ be irreducible un
der $[]$, with $[][] [] [][]$. By Lemma [][]10.5.24[][],
[247] [248]
Overfull \hbox (27.08902pt too wide) in paragraph at lines 176--184
[][]\TU/lmr/bx/n/10 Lemma 10.6.5 \TU/lmr/m/n/10 (Unitary change of basis to blo
ck-diagonal form)\TU/lmr/bx/n/10 . [][][] [][][] [][] [][][] \TU/lmr/m/it/10 Le
t $[][][][][]$
[249] [250] [251] [252] [253] [254] [255])
(./chapter/ch09_channel_asymptotics_corner_and_overlap_decompositions.tex
[256] [257] [258])
(./chapter/ch09_channel_asymptotics_direct_sum_schwarz_maps.tex [259] [260]
Overfull \hbox (3.03027pt too wide) in paragraph at lines 188--201
[] [][][] \TU/lmr/m/n/10 Complete positivity and trace preservation make both t
race adjoints unital Schwarz
[261] [262] [263] [264]

Package hyperref Warning: Token not allowed in a PDF string (Unicode):
(hyperref)                removing `math shift' on input line 616.


Package hyperref Warning: Token not allowed in a PDF string (Unicode):
(hyperref)                removing `math shift' on input line 616.

[265])
(./chapter/ch09_channel_asymptotics_direct_sum_corners_and_maximal_support.tex
[266] [267]
Overfull \hbox (1.70528pt too wide) in paragraph at lines 194--196
[]\TU/lmr/m/n/10 Closure under multiplication transports back through the corre
spondence. A corner-supported
[268] [269] [270] [271])
(./chapter/ch09_channel_asymptotics_fixed_point_structure_and_cycles.tex
[272] [273] [274]
Overfull \hbox (31.08292pt too wide) in paragraph at lines 346--352
[] [][][] []\TU/lmr/m/n/10 In the spectral decomposition $[] [] [] [][][][][][]
$, the support projection is $[] [][][][][][][]$.
[275]
Overfull \hbox (137.52632pt too wide) in paragraph at lines 485--490
[]\TU/lmr/m/n/10 The declarations \TU/lmtt/m/n/10 Kraus.maximalSupport_of_maxim
alRank \TU/lmr/m/n/10 and \TU/lmtt/m/n/10 Kraus.exists_weightedCorner_sqrt_eq_o
f_maximalRank

Overfull \hbox (15.73227pt too wide) in paragraph at lines 501--505
[][]\TU/lmr/bx/n/10 Definition 10.12.1 \TU/lmr/m/n/10 (Exact Kraus word spans)\
TU/lmr/bx/n/10 . [][][] [][][] [][] [][][] \TU/lmr/m/n/10 For a finite Kraus fa
mily $[][][] [] [] [][] []
[276]
Overfull \hbox (11.32634pt too wide) in paragraph at lines 567--571
\TU/lmr/m/n/10 This section develops the block-permutation structure underlying
 the cycle decomposition of [[],
[277] [278] [279]
Overfull \hbox (26.44983pt too wide) in paragraph at lines 1006--1012
[]\TU/lmr/m/it/10 The compiled statement retains the equivalence $[][]$ and the
 literal zero extension $[][][][] [][] [][] [][]$
[280] [281])) (./chapter/ch09_channel_asymptotics_supporting_results.tex
[282] [283]) (./chapter/ch10_wielandt.tex [284]
Chapter 11.
(./chapter/ch10_wielandt_cumulative_bound.tex
Overfull \hbox (35.38342pt too wide) in paragraph at lines 60--65
[] [][][] []\TU/lmr/m/n/10 Expand the Kraus representation of the $[]$-fold ite
rate. Each summand is $[][][][][] [][][][][][][][] []
[285] [286] [287] [288] [289])) (./chapter/ch10_wielandt_supporting_results.tex
 [290] [291]) (./chapter/ch11_semigroup.tex [292]
Chapter 12.
(./chapter/ch11_semigroup_hermitian_paths.tex [293])
(./chapter/ch11_semigroup_dynamics_and_gksl.tex [294]
Overfull \hbox (20.50978pt too wide) in paragraph at lines 27--30
[][]\TU/lmr/bx/n/10 Definition 12.3.3 \TU/lmr/m/n/10 (Exponential semigroup)\TU
/lmr/bx/n/10 . [][][] [][][] [][][][] [][][] [][] [][][] \TU/lmr/m/n/10 Given a
 generator $[] [] [][][][][][][][][]$,
[295] [296] [297]
Overfull \hbox (8.99596pt too wide) in paragraph at lines 499--508
[] [][][] \TU/lmr/m/n/10 Let $[][][][] [] [][] [][][][][]$. By the cyclic prope
rty of trace, $[][][][][][][] [] [][][][][] [][][][][][][] []
[298] [299] [300] [301] [302])
(./chapter/ch11_semigroup_dissipation_and_primitivity.tex [303] [304] [305]
[306] [307]) (./chapter/ch11_semigroup_adjoint_kernel_and_reducibility.tex
[308] [309] [310]
Overfull \hbox (13.29822pt too wide) in paragraph at lines 355--365
[] [][][] \TU/lmr/m/n/10 The block-upper-triangular structure implies $[]$ pres
erves the compression $[][][][][][][]$.
[311] [312]
Overfull \hbox (8.15552pt too wide) in paragraph at lines 648--655
[][]\TU/lmr/bx/n/10 Theorem 12.9.1.16 \TU/lmr/m/n/10 (Large Kossakowski rank im
plies non-reducibility)\TU/lmr/bx/n/10 . [][][] [][][] [][] [][][] [][][][][][]
\TU/lmr/m/it/10 If $[][][][] []
[313])) (./chapter/ch12_entropy.tex [314]
Chapter 13.
(./chapter/ch12_entropy_trace_norm.tex [315] [316] [317]
Overfull \hbox (5.46825pt too wide) in paragraph at lines 455--463
[] [][][] [][][]\TU/lmr/m/n/10 Let $[][]$ be the support projection of $[][][][
][]$ from Lemma [][]13.1.14[][], so that $[][][][][][] []
[318] [319] [320] [321] [322]) (./chapter/ch12_polar_unitary_correction.tex
[323]) (./chapter/ch12_rectangular_windows.tex [324] [325])
(./chapter/ch12_entropy_majorization.tex)
(./chapter/ch12_entropy_von_neumann_and_relative_i.tex [326] [327] [328]
[329] [330] [331] [332] [333])
(./chapter/ch12_entropy_von_neumann_and_relative_ii.tex [334] [335] [336]
[337] [338] [339] [340] [341]
Overfull \hbox (0.6799pt too wide) in paragraph at lines 1010--1020
[] [][][] [][][]\TU/lmr/m/n/10 Kernel inclusion descends through the partial tr
ace, giving $[][][][] [][] [] [][][][] [][]$.
[342] [343]) (./chapter/ch12_entropy_tripartite_and_ssa_i.tex [344] [345]
[346] [347] [348] [349] [350] [351] [352]
Overfull \hbox (6.02043pt too wide) in paragraph at lines 1009--1015
\TU/lmr/m/it/10 This is the source-$[]$ pointwise-vanishing passage in Jenčová–
Ruskai, arXiv:0903.2895v4, lines 433–
[353] [354]) (./chapter/ch12_entropy_tripartite_and_ssa_ii.tex [355] [356]
[357] [358] [359]
Overfull \hbox (3.43794pt too wide) in paragraph at lines 605--612
[][]\TU/lmr/bx/n/10 Lemma 13.8.39 \TU/lmr/m/n/10 (Relative modular square-root 
ratio on the support)\TU/lmr/bx/n/10 . [][][] [][][] [][] [][][] []\TU/lmr/m/it
/10 Let $[][] [][] [][] []$
[360] [361] [362] [363] [364] [365] [366] [367] [368] [369] [370] [371]
[372] [373]
Overfull \hbox (24.00725pt too wide) in paragraph at lines 2195--2208
[][]$\TU/lmr/m/n/10 . The von Neumann entropy of a weighted orthogonal direct s
um is $[][][][] [][] [][][] [] [] [][] [][] [] [][] []
[374]) (./chapter/ch12_entropy_mutual_information.tex [375]
Overfull \hbox (14.84778pt too wide) in paragraph at lines 118--118
[]\TU/lmr/bx/n/14.4 Mutual information: monotonicity and area-law bound 
[376]) (./chapter/ch12_entropy_data_processing.tex)
(./chapter/ch12_entropy_conditional_continuity.tex [377] [378])
(./chapter/ch12_entropy_classical_operator_schmidt_and_renyi.tex [379] [380]
Overfull \hbox (13.46095pt too wide) in paragraph at lines 159--168
[]\TU/lmr/m/n/10 The minimality theorem at the preceding definition proves that
 the range dimension $[] [] [][]$
[381] [382] [383] [384] [385]
Overfull \hbox (1.78531pt too wide) in paragraph at lines 761--765
\TU/lmr/m/it/10 Thus this theorem reduces the singular-reference case to the fa
ithful comparison. Theorem [][]13.15.14[][]
[386] [387] [388] [389]) (./chapter/ch12_entropy_finite_product.tex [390]
[391] (./chapter/ch12_entropy_finite_product_splitting.tex))
(./chapter/ch12_entropy_finite_product_information.tex [392])
(./chapter/ch12_entropy_conditional_two_families.tex [393])
(./chapter/ch12_entropy_typical_spectrum.tex)
(./chapter/ch12_entropy_typical_density.tex [394])
(./chapter/ch12_entropy_typical_pure_state.tex [395])
(./chapter/ch12_entropy_regional_typical_state.tex [396])
(./chapter/ch12_entropy_typical_tail.tex [397])
(./fragment/typical_pure_compression.tex) (./chapter/ch12_density_simplex.tex
[398]) (./chapter/ch12_shifted_density_commutation.tex [399])
(./fragment/spectral_cutoff_mass.tex) (./fragment/replica_defect.tex [400])
(./fragment/replica_excitation_decomposition.tex [401])
(./fragment/replica_excitation_symmetry.tex)
(./fragment/replica_marginal_symmetry.tex [402])
(./fragment/replica_good_auxiliary_marginal.tex [403])
(./chapter/ch12_entropy_physical_buffer_overlap.tex [404] [405])
(./chapter/ch12_entropy_doubled_system_gap.tex [406] [407])
(./fragment/replica_permutation_covariance.tex [408])
(./fragment/replica_good_copy_factorization.tex [409])
(./fragment/replica_good_copy_density.tex)
(./fragment/replica_regional_density.tex [410])
(./fragment/replica_joint_density.tex
Overfull \hbox (9.51262pt too wide) in paragraph at lines 1--1
[]\TU/lmr/bx/n/14.4 Joint density on the good physical and auxiliary copies 
[411]
Overfull \hbox (3.79626pt too wide) in paragraph at lines 50--62
[] [][][] []\TU/lmr/m/n/10 Before tracing auxiliary coordinates, the regional d
ensity theorem gives $[][][][][] []
)) (./chapter/ch12_entropy_corollaries.tex [412])
(./chapter/ch13_buffered_filters.tex [413]
Chapter 14.
) (./chapter/ch13_spectral_filter.tex [414]
Chapter 15.
[415] [416] [417]
Overfull \hbox (14.4764pt too wide) in paragraph at lines 402--409
\TU/lmr/m/it/10 There are $[][][] [][] [] []$, depending only on $[][] [][] [][
] [][] []$, such that $[][][][][][] [] [][][][][][][] [] [][][] [][][][] [][][]
[]$
[418]) (./chapter/ch13_marginal_tails.tex [419]
Chapter 16.
[420] [421] [422] [423]) (./chapter/ch13_schur_labels.tex [424]
Chapter 17.
[425] [426] [427]
Overfull \hbox (1.217pt too wide) in paragraph at lines 348--360
[] [][][] \TU/lmr/m/n/10 A joint block of $[][] []$ meeting the $[]$-isotypic c
omponent is invariant under $[][][][][] []
) (./fragment/grouped_label_entropy.tex [428])
(./fragment/bad_copy_label_dimension.tex)
(./fragment/good_auxiliary_label_entropy.tex
Overfull \hbox (21.72034pt too wide) in paragraph at lines 37--1
[]\TU/lmr/m/n/10 This proves the bad-label dimension bound used in [[], Section
 7, equation (comparator:good-
[429]) (./fragment/good_auxiliary_label_compression.tex [430])
(./fragment/replica_good_auxiliary_label_bound.tex))
(/Users/siruilu/Local/agentFormalization/QICLean/worktrees/area-law-replica-sym
metry/blueprint/print/print.bbl [431]
Underfull \hbox (badness 1158) in paragraph at lines 52--58
[]\TU/lmr/m/n/10 The QICLean contributors.  Exact-rank wording in Wolf’s Choi a
nd wit-

Underfull \hbox (badness 1472) in paragraph at lines 52--58
\TU/lmr/m/n/10 CLean, 2026.  [][]$[][][][][] [] [] [] [][][][][][][][][] [] [][
][] [] [][][][][][][] [] [][][][][][][][][][][] [] [][][][] [] [][][][][] [] []
 []

Underfull \hbox (badness 10000) in paragraph at lines 60--66
\TU/lmr/m/n/10 QICLean, 2026.  [][]$[][][][][] [] [] [] [][][][][][][][][] [] [
][][] [] [][][][][][][] [] [][][][][][][][][][][] [] [][][][][][][] []

Underfull \hbox (badness 1297) in paragraph at lines 68--74
[]\TU/lmr/m/n/10 The QICLean contributors.  The missing order hypothesis in Wol
f’s uni-

Underfull \hbox (badness 5548) in paragraph at lines 68--74
\TU/lmr/m/n/10 QICLean, 2026.  [][]$[][][][][] [] [] [] [][][][][][][][][] [] [
][][] [] [][][][][][][] [] [][][][][][][][][][][] [] [][][][] [] [][][] []

Underfull \hbox (badness 1253) in paragraph at lines 76--81
\TU/lmr/m/n/10 QICLean, 2026.  [][]$[][][][][] [] [] [] [][][][][][][][][] [] [
][][] [] [][][][][][][] [] [][][][][][][][][][][] [] [][][][] [] [][][][][] []
[432]
Underfull \hbox (badness 1478) in paragraph at lines 90--96
[]\TU/lmr/m/n/10 The QICLean contributors.  Scope of Wolf chapter 5 operator co
nvexity

Underfull \hbox (badness 5548) in paragraph at lines 90--96
\TU/lmr/m/n/10 QICLean, 2026.  [][]$[][][][][] [] [] [] [][][][][][][][][] [] [
][][] [] [][][][][][][] [] [][][][][][][][][][][] [] [][][][] [] [][][] []

Underfull \hbox (badness 1817) in paragraph at lines 105--110
\TU/lmr/m/n/10 attainment.  Paper-gap note wolf_slater_attainment_conditions, Q
ICLean,

Underfull \hbox (badness 1803) in paragraph at lines 112--118
[]\TU/lmr/m/n/10 The QICLean contributors.  The structure theorem for finite-di
mensional

Underfull \hbox (badness 10000) in paragraph at lines 112--118
[][]$\TU/lmr/m/n/10 -algebras: Matrix-realized single-block scope.  Paper-gap n
ote

Underfull \hbox (badness 5548) in paragraph at lines 120--126
\TU/lmr/m/n/10 QICLean, 2026.  [][]$[][][][][] [] [] [] [][][][][][][][][] [] [
][][] [] [][][][][][][] [] [][][][][][][][][][][] [] [][][][] [] [][][] []

Underfull \hbox (badness 1152) in paragraph at lines 128--134
[]\TU/lmr/m/n/10 The QICLean contributors.  Wolf proposition 1.5: Factor and co
ordinate

Underfull \hbox (badness 10000) in paragraph at lines 136--143
[]\TU/lmr/m/n/10 The QICLean contributors.  Wolf proposition 1.6: Complete

Underfull \hbox (badness 10000) in paragraph at lines 136--143
\TU/lmr/m/n/10 positivity from positivity, commutative side.  Paper-gap note

Underfull \hbox (badness 7168) in paragraph at lines 136--143
\TU/lmr/m/n/10 wolf_prop16_cp_positivity_commutative_side, QICLean, 2026.  [][]
$[][][][][] []

Underfull \hbox (badness 10000) in paragraph at lines 136--143
[] [] [][][][][][][][][] [] [][][] [] [][][][][][][] [] [][][][][][][][][][][] 
[] [][][][] [] [][][][][][] [] [][] [] [][][][][][][][][][] []

Underfull \hbox (badness 2884) in paragraph at lines 153--159
\TU/lmr/m/n/10 QICLean, 2026.  [][]$[][][][][] [] [] [] [][][][][][][][][] [] [
][][] [] [][][][][][][] [] [][][][][][][][][][][] [] [][][][] [] [][][][] []
[433]
Underfull \hbox (badness 3428) in paragraph at lines 168--174
[]\TU/lmr/m/n/10 The QICLean contributors.  Yamagami’s simultaneous-singularity
 bound-

Underfull \hbox (badness 1253) in paragraph at lines 168--174
\TU/lmr/m/n/10 QICLean, 2026.  [][]$[][][][][] [] [] [] [][][][][][][][][] [] [
][][] [] [][][][][][][] [] [][][][][][][][][][][] [] [][][][][][][][][][] []

Underfull \hbox (badness 2376) in paragraph at lines 176--182
\TU/lmr/m/n/10 ity characterization and Hayashi–Markov decomposition.  Paper-ga
p note

Underfull \hbox (badness 2376) in paragraph at lines 184--190
\TU/lmr/m/n/10 TNLean, 2026.  [][]$[][][][][] [] [] [] [][][][][][][][][] [] []
[][] [] [][][][][][] [] [][][][][][][][][][][] [] [][][][][][] [] [][][][] []
[434]
Underfull \hbox (badness 10000) in paragraph at lines 288--293
[]\TU/lmr/m/n/10 OpenAI.  Polynomial peps approximation of gapped square-

Underfull \hbox (badness 10000) in paragraph at lines 288--293
\TU/lmr/m/n/10 grid ground states, 2026.  September 24, 2026; source revision
[435]) [436]
(/Users/siruilu/Local/agentFormalization/QICLean/worktrees/area-law-replica-sym
metry/blueprint/print/print.aux) )
(see the transcript file for additional information)
Output written on /Users/siruilu/Local/agentFormalization/QICLean/worktrees/are
a-law-replica-symmetry/blueprint/print/print.pdf (437 pages).
SyncTeX written on /Users/siruilu/Local/agentFormalization/QICLean/worktrees/area-law-replica-symmetry/blueprint/print/print.synctex.gz.
Transcript written on /Users/siruilu/Local/agentFormalization/QICLean/worktrees
/area-law-replica-symmetry/blueprint/print/print.log.
Latexmk: Getting log file '/Users/siruilu/Local/agentFormalization/QICLean/worktrees/area-law-replica-symmetry/blueprint/print/print.log'
Latexmk: Examining '/Users/siruilu/Local/agentFormalization/QICLean/worktrees/area-law-replica-symmetry/blueprint/print/print.fls'
Latexmk: Examining '/Users/siruilu/Local/agentFormalization/QICLean/worktrees/area-law-replica-symmetry/blueprint/print/print.log'
Latexmk: Found input bbl file '/Users/siruilu/Local/agentFormalization/QICLean/worktrees/area-law-replica-symmetry/blueprint/print/print.bbl'
Latexmk: Log file says output to '/Users/siruilu/Local/agentFormalization/QICLean/worktrees/area-law-replica-symmetry/blueprint/print/print.pdf'
Latexmk: Using bibtex to make bibliography file(s).
  ===Source file '/Users/siruilu/Local/agentFormalization/QICLean/worktrees/area-law-replica-symmetry/blueprint/print/print.bbl' for 'pdflatex'
Latexmk: Found bibliography file(s):
  ./references.bib
Latexmk: All targets (/Users/siruilu/Local/agentFormalization/QICLean/worktrees/area-law-replica-symmetry/blueprint/print/print.pdf) are up-to-date

