Rc files read:
  latexmkrc
Latexmk: This is Latexmk, John Collins, 15 June 2025. Version 4.87.
Latexmk: applying rule 'pdflatex'...
Rule 'pdflatex':  Reasons for rerun
Changed files or newly in use/created:
  chapter/ch01_deconstructing_quantum.tex
  chapter/ch12_entropy.tex
  chapter/ch12_entropy_finite_product.tex
  chapter/ch13_marginal_tails.tex
  content.tex
  print.tex
Category 'changed_user':
  chapter/ch01_deconstructing_quantum.tex
  chapter/ch12_entropy.tex
  chapter/ch12_entropy_finite_product.tex
  chapter/ch13_marginal_tails.tex
  content.tex
  print.tex

------------
Run number 1 of rule 'pdflatex'
------------
------------
Running 'xelatex -synctex=1  -recorder -output-directory="/Users/siruilu/Local/agentFormalization/QICLean/worktrees/area-law-bell-pin/blueprint/print"  "print.tex"'
------------
This is XeTeX, Version 3.141592653-2.6-0.999998 (TeX Live 2026/Homebrew) (preloaded format=xelatex)
 restricted \write18 enabled.
entering extended mode
(./print.tex
LaTeX2e <2025-11-01>
L3 programming layer <2026-01-19>

(/opt/homebrew/Cellar/texlive/20260301/share/texmf-dist/tex/latex/base/report.c
ls
Document Class: report 2025/01/22 v1.4n Standard LaTeX document class

(/opt/homebrew/Cellar/texlive/20260301/share/texmf-dist/tex/latex/base/size10.c
lo))
(/opt/homebrew/Cellar/texlive/20260301/share/texmf-dist/tex/latex/geometry/geom
etry.sty
(/opt/homebrew/Cellar/texlive/20260301/share/texmf-dist/tex/latex/graphics/keyv
al.sty)
(/opt/homebrew/Cellar/texlive/20260301/share/texmf-dist/tex/generic/iftex/ifvte
x.sty
(/opt/homebrew/Cellar/texlive/20260301/share/texmf-dist/tex/generic/iftex/iftex
.sty)))
(/opt/homebrew/Cellar/texlive/20260301/share/texmf-dist/tex/latex/l3kernel/expl
3.sty
(/opt/homebrew/Cellar/texlive/20260301/share/texmf-dist/tex/latex/l3backend/l3b
ackend-xetex.def))
(/opt/homebrew/Cellar/texlive/20260301/share/texmf-dist/tex/latex/amsfonts/amss
ymb.sty
(/opt/homebrew/Cellar/texlive/20260301/share/texmf-dist/tex/latex/amsfonts/amsf
onts.sty))
(/opt/homebrew/Cellar/texlive/20260301/share/texmf-dist/tex/latex/amscls/amsthm
.sty)
(/opt/homebrew/Cellar/texlive/20260301/share/texmf-dist/tex/latex/mathtools/mat
htools.sty
(/opt/homebrew/Cellar/texlive/20260301/share/texmf-dist/tex/latex/tools/calc.st
y)
(/opt/homebrew/Cellar/texlive/20260301/share/texmf-dist/tex/latex/mathtools/mhs
etup.sty)
(/opt/homebrew/Cellar/texlive/20260301/share/texmf-dist/tex/latex/amsmath/amsma
th.sty
For additional information on amsmath, use the `?' option.

(/opt/homebrew/Cellar/texlive/20260301/share/texmf-dist/tex/latex/amsmath/amste
xt.sty
(/opt/homebrew/Cellar/texlive/20260301/share/texmf-dist/tex/latex/amsmath/amsge
n.sty))
(/opt/homebrew/Cellar/texlive/20260301/share/texmf-dist/tex/latex/amsmath/amsbs
y.sty)
(/opt/homebrew/Cellar/texlive/20260301/share/texmf-dist/tex/latex/amsmath/amsop
n.sty)))
(/opt/homebrew/Cellar/texlive/20260301/share/texmf-dist/tex/latex/pgf/frontendl
ayer/tikz.sty
(/opt/homebrew/Cellar/texlive/20260301/share/texmf-dist/tex/latex/pgf/basiclaye
r/pgf.sty
(/opt/homebrew/Cellar/texlive/20260301/share/texmf-dist/tex/latex/pgf/utilities
/pgfrcs.sty
(/opt/homebrew/Cellar/texlive/20260301/share/texmf-dist/tex/generic/pgf/utiliti
es/pgfutil-common.tex)
(/opt/homebrew/Cellar/texlive/20260301/share/texmf-dist/tex/generic/pgf/utiliti
es/pgfutil-latex.def)
(/opt/homebrew/Cellar/texlive/20260301/share/texmf-dist/tex/generic/pgf/utiliti
es/pgfrcs.code.tex
(/opt/homebrew/Cellar/texlive/20260301/share/texmf-dist/tex/generic/pgf/pgf.rev
ision.tex)))
(/opt/homebrew/Cellar/texlive/20260301/share/texmf-dist/tex/latex/pgf/basiclaye
r/pgfcore.sty
(/opt/homebrew/Cellar/texlive/20260301/share/texmf-dist/tex/latex/graphics/grap
hicx.sty
(/opt/homebrew/Cellar/texlive/20260301/share/texmf-dist/tex/latex/graphics/grap
hics.sty
(/opt/homebrew/Cellar/texlive/20260301/share/texmf-dist/tex/latex/graphics/trig
.sty)
(/opt/homebrew/Cellar/texlive/20260301/share/texmf-dist/tex/latex/graphics-cfg/
graphics.cfg)
(/opt/homebrew/Cellar/texlive/20260301/share/texmf-dist/tex/latex/graphics-def/
xetex.def)))
(/opt/homebrew/Cellar/texlive/20260301/share/texmf-dist/tex/latex/pgf/systemlay
er/pgfsys.sty
(/opt/homebrew/Cellar/texlive/20260301/share/texmf-dist/tex/generic/pgf/systeml
ayer/pgfsys.code.tex
(/opt/homebrew/Cellar/texlive/20260301/share/texmf-dist/tex/generic/pgf/utiliti
es/pgfkeys.code.tex
(/opt/homebrew/Cellar/texlive/20260301/share/texmf-dist/tex/generic/pgf/utiliti
es/pgfkeyslibraryfiltered.code.tex))
(/opt/homebrew/Cellar/texlive/20260301/share/texmf-dist/tex/generic/pgf/systeml
ayer/pgf.cfg)
(/opt/homebrew/Cellar/texlive/20260301/share/texmf-dist/tex/generic/pgf/systeml
ayer/pgfsys-xetex.def
(/opt/homebrew/Cellar/texlive/20260301/share/texmf-dist/tex/generic/pgf/systeml
ayer/pgfsys-dvipdfmx.def
(/opt/homebrew/Cellar/texlive/20260301/share/texmf-dist/tex/generic/pgf/systeml
ayer/pgfsys-common-pdf.def))))
(/opt/homebrew/Cellar/texlive/20260301/share/texmf-dist/tex/generic/pgf/systeml
ayer/pgfsyssoftpath.code.tex)
(/opt/homebrew/Cellar/texlive/20260301/share/texmf-dist/tex/generic/pgf/systeml
ayer/pgfsysprotocol.code.tex))
(/opt/homebrew/Cellar/texlive/20260301/share/texmf-dist/tex/latex/xcolor/xcolor
.sty
(/opt/homebrew/Cellar/texlive/20260301/share/texmf-dist/tex/latex/graphics-cfg/
color.cfg)
(/opt/homebrew/Cellar/texlive/20260301/share/texmf-dist/tex/latex/graphics/math
color.ltx))
(/opt/homebrew/Cellar/texlive/20260301/share/texmf-dist/tex/generic/pgf/basicla
yer/pgfcore.code.tex
(/opt/homebrew/Cellar/texlive/20260301/share/texmf-dist/tex/generic/pgf/math/pg
fmath.code.tex
(/opt/homebrew/Cellar/texlive/20260301/share/texmf-dist/tex/generic/pgf/math/pg
fmathutil.code.tex)
(/opt/homebrew/Cellar/texlive/20260301/share/texmf-dist/tex/generic/pgf/math/pg
fmathparser.code.tex)
(/opt/homebrew/Cellar/texlive/20260301/share/texmf-dist/tex/generic/pgf/math/pg
fmathfunctions.code.tex)
(/opt/homebrew/Cellar/texlive/20260301/share/texmf-dist/tex/generic/pgf/math/pg
fmathfunctions.basic.code.tex)
(/opt/homebrew/Cellar/texlive/20260301/share/texmf-dist/tex/generic/pgf/math/pg
fmathfunctions.trigonometric.code.tex)
(/opt/homebrew/Cellar/texlive/20260301/share/texmf-dist/tex/generic/pgf/math/pg
fmathfunctions.random.code.tex)
(/opt/homebrew/Cellar/texlive/20260301/share/texmf-dist/tex/generic/pgf/math/pg
fmathfunctions.comparison.code.tex)
(/opt/homebrew/Cellar/texlive/20260301/share/texmf-dist/tex/generic/pgf/math/pg
fmathfunctions.base.code.tex)
(/opt/homebrew/Cellar/texlive/20260301/share/texmf-dist/tex/generic/pgf/math/pg
fmathfunctions.round.code.tex)
(/opt/homebrew/Cellar/texlive/20260301/share/texmf-dist/tex/generic/pgf/math/pg
fmathfunctions.misc.code.tex)
(/opt/homebrew/Cellar/texlive/20260301/share/texmf-dist/tex/generic/pgf/math/pg
fmathfunctions.integerarithmetics.code.tex)
(/opt/homebrew/Cellar/texlive/20260301/share/texmf-dist/tex/generic/pgf/math/pg
fmathcalc.code.tex)
(/opt/homebrew/Cellar/texlive/20260301/share/texmf-dist/tex/generic/pgf/math/pg
fmathfloat.code.tex))
(/opt/homebrew/Cellar/texlive/20260301/share/texmf-dist/tex/generic/pgf/math/pg
fint.code.tex)
(/opt/homebrew/Cellar/texlive/20260301/share/texmf-dist/tex/generic/pgf/basicla
yer/pgfcorepoints.code.tex)
(/opt/homebrew/Cellar/texlive/20260301/share/texmf-dist/tex/generic/pgf/basicla
yer/pgfcorepathconstruct.code.tex)
(/opt/homebrew/Cellar/texlive/20260301/share/texmf-dist/tex/generic/pgf/basicla
yer/pgfcorepathusage.code.tex)
(/opt/homebrew/Cellar/texlive/20260301/share/texmf-dist/tex/generic/pgf/basicla
yer/pgfcorescopes.code.tex)
(/opt/homebrew/Cellar/texlive/20260301/share/texmf-dist/tex/generic/pgf/basicla
yer/pgfcoregraphicstate.code.tex)
(/opt/homebrew/Cellar/texlive/20260301/share/texmf-dist/tex/generic/pgf/basicla
yer/pgfcoretransformations.code.tex)
(/opt/homebrew/Cellar/texlive/20260301/share/texmf-dist/tex/generic/pgf/basicla
yer/pgfcorequick.code.tex)
(/opt/homebrew/Cellar/texlive/20260301/share/texmf-dist/tex/generic/pgf/basicla
yer/pgfcoreobjects.code.tex)
(/opt/homebrew/Cellar/texlive/20260301/share/texmf-dist/tex/generic/pgf/basicla
yer/pgfcorepathprocessing.code.tex)
(/opt/homebrew/Cellar/texlive/20260301/share/texmf-dist/tex/generic/pgf/basicla
yer/pgfcorearrows.code.tex)
(/opt/homebrew/Cellar/texlive/20260301/share/texmf-dist/tex/generic/pgf/basicla
yer/pgfcoreshade.code.tex)
(/opt/homebrew/Cellar/texlive/20260301/share/texmf-dist/tex/generic/pgf/basicla
yer/pgfcoreimage.code.tex)
(/opt/homebrew/Cellar/texlive/20260301/share/texmf-dist/tex/generic/pgf/basicla
yer/pgfcoreexternal.code.tex)
(/opt/homebrew/Cellar/texlive/20260301/share/texmf-dist/tex/generic/pgf/basicla
yer/pgfcorelayers.code.tex)
(/opt/homebrew/Cellar/texlive/20260301/share/texmf-dist/tex/generic/pgf/basicla
yer/pgfcoretransparency.code.tex)
(/opt/homebrew/Cellar/texlive/20260301/share/texmf-dist/tex/generic/pgf/basicla
yer/pgfcorepatterns.code.tex)
(/opt/homebrew/Cellar/texlive/20260301/share/texmf-dist/tex/generic/pgf/basicla
yer/pgfcorerdf.code.tex)))
(/opt/homebrew/Cellar/texlive/20260301/share/texmf-dist/tex/generic/pgf/modules
/pgfmoduleshapes.code.tex)
(/opt/homebrew/Cellar/texlive/20260301/share/texmf-dist/tex/generic/pgf/modules
/pgfmoduleplot.code.tex)
(/opt/homebrew/Cellar/texlive/20260301/share/texmf-dist/tex/latex/pgf/compatibi
lity/pgfcomp-version-0-65.sty)
(/opt/homebrew/Cellar/texlive/20260301/share/texmf-dist/tex/latex/pgf/compatibi
lity/pgfcomp-version-1-18.sty))
(/opt/homebrew/Cellar/texlive/20260301/share/texmf-dist/tex/latex/pgf/utilities
/pgffor.sty
(/opt/homebrew/Cellar/texlive/20260301/share/texmf-dist/tex/latex/pgf/utilities
/pgfkeys.sty
(/opt/homebrew/Cellar/texlive/20260301/share/texmf-dist/tex/generic/pgf/utiliti
es/pgfkeys.code.tex))
(/opt/homebrew/Cellar/texlive/20260301/share/texmf-dist/tex/latex/pgf/math/pgfm
ath.sty
(/opt/homebrew/Cellar/texlive/20260301/share/texmf-dist/tex/generic/pgf/math/pg
fmath.code.tex))
(/opt/homebrew/Cellar/texlive/20260301/share/texmf-dist/tex/generic/pgf/utiliti
es/pgffor.code.tex))
(/opt/homebrew/Cellar/texlive/20260301/share/texmf-dist/tex/generic/pgf/fronten
dlayer/tikz/tikz.code.tex
(/opt/homebrew/Cellar/texlive/20260301/share/texmf-dist/tex/generic/pgf/librari
es/pgflibraryplothandlers.code.tex)
(/opt/homebrew/Cellar/texlive/20260301/share/texmf-dist/tex/generic/pgf/modules
/pgfmodulematrix.code.tex)
(/opt/homebrew/Cellar/texlive/20260301/share/texmf-dist/tex/generic/pgf/fronten
dlayer/tikz/libraries/tikzlibrarytopaths.code.tex)))
(/opt/homebrew/Cellar/texlive/20260301/share/texmf-dist/tex/latex/hyperref/hype
rref.sty
(/opt/homebrew/Cellar/texlive/20260301/share/texmf-dist/tex/latex/kvsetkeys/kvs
etkeys.sty)
(/opt/homebrew/Cellar/texlive/20260301/share/texmf-dist/tex/generic/kvdefinekey
s/kvdefinekeys.sty)
(/opt/homebrew/Cellar/texlive/20260301/share/texmf-dist/tex/generic/pdfescape/p
dfescape.sty
(/opt/homebrew/Cellar/texlive/20260301/share/texmf-dist/tex/generic/ltxcmds/ltx
cmds.sty)
(/opt/homebrew/Cellar/texlive/20260301/share/texmf-dist/tex/generic/pdftexcmds/
pdftexcmds.sty
(/opt/homebrew/Cellar/texlive/20260301/share/texmf-dist/tex/generic/infwarerr/i
nfwarerr.sty)))
(/opt/homebrew/Cellar/texlive/20260301/share/texmf-dist/tex/latex/hycolor/hycol
or.sty)
(/opt/homebrew/Cellar/texlive/20260301/share/texmf-dist/tex/latex/hyperref/name
ref.sty
(/opt/homebrew/Cellar/texlive/20260301/share/texmf-dist/tex/latex/refcount/refc
ount.sty)
(/opt/homebrew/Cellar/texlive/20260301/share/texmf-dist/tex/generic/gettitlestr
ing/gettitlestring.sty
(/opt/homebrew/Cellar/texlive/20260301/share/texmf-dist/tex/latex/kvoptions/kvo
ptions.sty)))
(/opt/homebrew/Cellar/texlive/20260301/share/texmf-dist/tex/latex/etoolbox/etoo
lbox.sty)
(/opt/homebrew/Cellar/texlive/20260301/share/texmf-dist/tex/generic/stringenc/s
tringenc.sty)
(/opt/homebrew/Cellar/texlive/20260301/share/texmf-dist/tex/latex/hyperref/pd1e
nc.def)
(/opt/homebrew/Cellar/texlive/20260301/share/texmf-dist/tex/generic/intcalc/int
calc.sty)
(/opt/homebrew/Cellar/texlive/20260301/share/texmf-dist/tex/latex/hyperref/puen
c.def)
(/opt/homebrew/Cellar/texlive/20260301/share/texmf-dist/tex/latex/url/url.sty)
(/opt/homebrew/Cellar/texlive/20260301/share/texmf-dist/tex/generic/bitset/bits
et.sty
(/opt/homebrew/Cellar/texlive/20260301/share/texmf-dist/tex/generic/bigintcalc/
bigintcalc.sty)))
(/opt/homebrew/Cellar/texlive/20260301/share/texmf-dist/tex/latex/hyperref/hxet
ex.def
(/opt/homebrew/Cellar/texlive/20260301/share/texmf-dist/tex/latex/rerunfilechec
k/rerunfilecheck.sty
(/opt/homebrew/Cellar/texlive/20260301/share/texmf-dist/tex/generic/uniquecount
er/uniquecounter.sty)))
(/opt/homebrew/Cellar/texlive/20260301/share/texmf-dist/tex/latex/unicode-math/
unicode-math.sty
(/opt/homebrew/Cellar/texlive/20260301/share/texmf-dist/tex/latex/unicode-math/
unicode-math-xetex.sty
(/opt/homebrew/Cellar/texlive/20260301/share/texmf-dist/tex/latex/l3packages/xp
arse/xparse.sty)
(/opt/homebrew/Cellar/texlive/20260301/share/texmf-dist/tex/latex/l3packages/l3
keys2e/l3keys2e.sty)
(/opt/homebrew/Cellar/texlive/20260301/share/texmf-dist/tex/latex/fontspec/font
spec.sty
(/opt/homebrew/Cellar/texlive/20260301/share/texmf-dist/tex/latex/fontspec/font
spec-xetex.sty
(/opt/homebrew/Cellar/texlive/20260301/share/texmf-dist/tex/latex/base/fontenc.
sty)
(/opt/homebrew/Cellar/texlive/20260301/share/texmf-dist/tex/latex/fontspec/font
spec.cfg)))
(/opt/homebrew/Cellar/texlive/20260301/share/texmf-dist/tex/latex/base/fix-cm.s
ty
(/opt/homebrew/Cellar/texlive/20260301/share/texmf-dist/tex/latex/base/ts1enc.d
ef))
(/opt/homebrew/Cellar/texlive/20260301/share/texmf-dist/tex/latex/unicode-math/
unicode-math-table.tex))) (./macros/common.tex) (./macros/print.tex)
(/Users/siruilu/Local/agentFormalization/QICLean/worktrees/area-law-bell-pin/.d
eps/tenkz/tex/tenkz/tenkz.sty
(/opt/homebrew/Cellar/texlive/20260301/share/texmf-dist/tex/generic/pgf/fronten
dlayer/tikz/libraries/tikzlibrarycalc.code.tex)
(/opt/homebrew/Cellar/texlive/20260301/share/texmf-dist/tex/generic/pgf/librari
es/pgflibraryarrows.meta.code.tex)
(/opt/homebrew/Cellar/texlive/20260301/share/texmf-dist/tex/generic/pgf/fronten
dlayer/tikz/libraries/tikzlibrarybackgrounds.code.tex)
(/opt/homebrew/Cellar/texlive/20260301/share/texmf-dist/tex/generic/pgf/fronten
dlayer/tikz/libraries/tikzlibrarydecorations.pathreplacing.code.tex
(/opt/homebrew/Cellar/texlive/20260301/share/texmf-dist/tex/generic/pgf/fronten
dlayer/tikz/libraries/tikzlibrarydecorations.code.tex
(/opt/homebrew/Cellar/texlive/20260301/share/texmf-dist/tex/generic/pgf/modules
/pgfmoduledecorations.code.tex))
(/opt/homebrew/Cellar/texlive/20260301/share/texmf-dist/tex/generic/pgf/librari
es/decorations/pgflibrarydecorations.pathreplacing.code.tex))
(/opt/homebrew/Cellar/texlive/20260301/share/texmf-dist/tex/generic/pgf/fronten
dlayer/tikz/libraries/tikzlibrarydecorations.markings.code.tex
(/opt/homebrew/Cellar/texlive/20260301/share/texmf-dist/tex/generic/pgf/librari
es/decorations/pgflibrarydecorations.markings.code.tex))
(/opt/homebrew/Cellar/texlive/20260301/share/texmf-dist/tex/generic/pgf/fronten
dlayer/tikz/libraries/tikzlibraryfit.code.tex)
(/opt/homebrew/Cellar/texlive/20260301/share/texmf-dist/tex/generic/pgf/fronten
dlayer/tikz/libraries/tikzlibraryshapes.geometric.code.tex
(/opt/homebrew/Cellar/texlive/20260301/share/texmf-dist/tex/generic/pgf/librari
es/shapes/pgflibraryshapes.geometric.code.tex))
(/opt/homebrew/Cellar/texlive/20260301/share/texmf-dist/tex/latex/hobby/tikzlib
raryhobby.code.tex
(/opt/homebrew/Cellar/texlive/20260301/share/texmf-dist/tex/latex/hobby/pgflibr
aryhobby.code.tex
(/opt/homebrew/Cellar/texlive/20260301/share/texmf-dist/tex/latex/hobby/hobby.c
ode.tex
(/opt/homebrew/Cellar/texlive/20260301/share/texmf-dist/tex/latex/hobby/pml3arr
ay.sty))))
(/opt/homebrew/Cellar/texlive/20260301/share/texmf-dist/tex/latex/spath3/tikzli
braryspath3.code.tex
(/opt/homebrew/Cellar/texlive/20260301/share/texmf-dist/tex/latex/spath3/spath3
.sty))
(/opt/homebrew/Cellar/texlive/20260301/share/texmf-dist/tex/generic/pgf/fronten
dlayer/tikz/libraries/tikzlibraryintersections.code.tex
(/opt/homebrew/Cellar/texlive/20260301/share/texmf-dist/tex/generic/pgf/librari
es/pgflibraryintersections.code.tex
(/opt/homebrew/Cellar/texlive/20260301/share/texmf-dist/tex/generic/pgf/librari
es/pgflibraryfpu.code.tex)))
(/Users/siruilu/Local/agentFormalization/QICLean/worktrees/area-law-bell-pin/.d
eps/tenkz/tex/tenkz/tenkz-language.code.tex
(/Users/siruilu/Local/agentFormalization/QICLean/worktrees/area-law-bell-pin/.d
eps/tenkz/tex/tenkz/tenkz-language-registry.tex))
(/Users/siruilu/Local/agentFormalization/QICLean/worktrees/area-law-bell-pin/.d
eps/tenkz/tex/tenkz/tenkz-model.code.tex)
(/Users/siruilu/Local/agentFormalization/QICLean/worktrees/area-law-bell-pin/.d
eps/tenkz/tex/tenkz/tenkz-core.code.tex)
(/Users/siruilu/Local/agentFormalization/QICLean/worktrees/area-law-bell-pin/.d
eps/tenkz/tex/tenkz/tenkz-metric.code.tex)
(/Users/siruilu/Local/agentFormalization/QICLean/worktrees/area-law-bell-pin/.d
eps/tenkz/tex/tenkz/tenkz-geometry.code.tex)
(/Users/siruilu/Local/agentFormalization/QICLean/worktrees/area-law-bell-pin/.d
eps/tenkz/tex/tenkz/tenkz-string.code.tex)
(/Users/siruilu/Local/agentFormalization/QICLean/worktrees/area-law-bell-pin/.d
eps/tenkz/tex/tenkz/tenkz-tree.code.tex)
(/Users/siruilu/Local/agentFormalization/QICLean/worktrees/area-law-bell-pin/.d
eps/tenkz/tex/tenkz/tenkz-render.code.tex)
(/Users/siruilu/Local/agentFormalization/QICLean/worktrees/area-law-bell-pin/.d
eps/tenkz/tex/tenkz/tenkz-kernel.code.tex
(/Users/siruilu/Local/agentFormalization/QICLean/worktrees/area-law-bell-pin/.d
eps/tenkz/tex/tenkz/tenkz-kernel-language.code.tex)
(/Users/siruilu/Local/agentFormalization/QICLean/worktrees/area-law-bell-pin/.d
eps/tenkz/tex/tenkz/tenkz-kernel-policy.code.tex)
(/Users/siruilu/Local/agentFormalization/QICLean/worktrees/area-law-bell-pin/.d
eps/tenkz/tex/tenkz/tenkz-kernel-resolve.code.tex)
(/Users/siruilu/Local/agentFormalization/QICLean/worktrees/area-law-bell-pin/.d
eps/tenkz/tex/tenkz/tenkz-kernel-ink.code.tex)
(/Users/siruilu/Local/agentFormalization/QICLean/worktrees/area-law-bell-pin/.d
eps/tenkz/tex/tenkz/tenkz-kernel-annotate.code.tex)
(/Users/siruilu/Local/agentFormalization/QICLean/worktrees/area-law-bell-pin/.d
eps/tenkz/tex/tenkz/tenkz-kernel-surface.code.tex))) (./macros/diagrams.tex
(/opt/homebrew/Cellar/texlive/20260301/share/texmf-dist/tex/latex/tikz-cd/tikz-
cd.sty
(/opt/homebrew/Cellar/texlive/20260301/share/texmf-dist/tex/generic/tikz-cd/tik
zlibrarycd.code.tex
(/opt/homebrew/Cellar/texlive/20260301/share/texmf-dist/tex/generic/pgf/fronten
dlayer/tikz/libraries/tikzlibrarymatrix.code.tex)
(/opt/homebrew/Cellar/texlive/20260301/share/texmf-dist/tex/generic/pgf/fronten
dlayer/tikz/libraries/tikzlibraryquotes.code.tex))))
(/Users/siruilu/Local/agentFormalization/QICLean/worktrees/area-law-bell-pin/bl
ueprint/print/print.aux)
*geometry* driver: auto-detecting
*geometry* detected driver: xetex

(/Users/siruilu/Local/agentFormalization/QICLean/worktrees/area-law-bell-pin/bl
ueprint/print/print.out)
(/Users/siruilu/Local/agentFormalization/QICLean/worktrees/area-law-bell-pin/bl
ueprint/print/print.out)
(/opt/homebrew/Cellar/texlive/20260301/share/texmf-dist/tex/latex/amsfonts/umsa
.fd)
(/opt/homebrew/Cellar/texlive/20260301/share/texmf-dist/tex/latex/amsfonts/umsb
.fd) [1]
(/Users/siruilu/Local/agentFormalization/QICLean/worktrees/area-law-bell-pin/bl
ueprint/print/print.toc [1] [2] [3] [4] [5]) (./content.tex
(./chapter/ch01_deconstructing_quantum.tex [6]
Chapter 1.
(./chapter/ch01_states.tex
Overfull \hbox (8.30865pt too wide) in paragraph at lines 7--13
[][]\TU/lmr/bx/n/10 Definition 1.1.1 \TU/lmr/m/n/10 (Schmidt decomposition)\TU/
lmr/bx/n/10 . [][][] [][][] [][] [][][] \TU/lmr/m/n/10 For $[] [] [][] [] [][]$
 with $[] [] [][][][][] [][][]$,
[7] [8]) (./chapter/ch01_shifted_density_powers.tex [9])
(./chapter/ch01_shifted_density_truncation.tex [10] [11])
(./chapter/ch01_shifted_power_derivative.tex [12])
(./chapter/ch01_positive_maps.tex [13] [14]
Overfull \hbox (0.76086pt too wide) in paragraph at lines 323--327
[][]\TU/lmr/bx/n/10 Definition 1.8.9 \TU/lmr/m/n/10 (State-preparation map)\TU/
lmr/bx/n/10 . [][][] [][][] [][] [][][] \TU/lmr/m/n/10 Let $[]$ be a matrix on 
a finite-dimensional
[15]
Overfull \hbox (4.87057pt too wide) in paragraph at lines 385--388
[][]\TU/lmr/bx/n/10 Theorem 1.9.3 \TU/lmr/m/n/10 (Trace of the maximally mixed 
matrix)\TU/lmr/bx/n/10 . [][][] [][][] [][] [][][] \TU/lmr/m/it/10 If $[] [] []
$, then $[][][][][][][] []
[16] [17] [18]
Overfull \hbox (5.84889pt too wide) in paragraph at lines 762--772
[][]\TU/lmr/bx/n/10 Lemma 1.9.15 \TU/lmr/m/n/10 (Reconstructing a Kraus map fro
m $[][]$)\TU/lmr/bx/n/10 . [][][] [][][] [][] [][][] \TU/lmr/m/it/10 Let $[][]$
 be as in Lemma [][]1.10.12[][]

Overfull \hbox (28.53387pt too wide) in paragraph at lines 774--777
[] [][][] \TU/lmr/m/n/10 Both sides expand, entry by entry, to the same double 
sum $[] [][] [][] [] [][] [][][][][] [][]$.
[19] [20] [21] [22] [23] [24]
Overfull \hbox (5.29309pt too wide) in paragraph at lines 1340--1344
[] [][][] \TU/lmr/m/n/10 For every $[][][] [][]$ and $[] [] []$, the zero-exten
ded operator satisfies $[][][][][][] []
[25]
Overfull \hbox (0.58412pt too wide) in paragraph at lines 1512--1516
[] [][][] \TU/lmr/m/n/10 Since $[]$ is Hermitian and $[][] [] []$, the diagonal
 entries of the sum are $[][] [][][] []
) (./chapter/ch01_spectrum_and_wigner.tex [26] [27] [28] [29] [30] [31])
(./chapter/ch01_cyclic_trace_power.tex) (./chapter/ch01_coherent_frames.tex
[32])) (./chapter/ch02_channels.tex [33]
Chapter 2.
(./chapter/ch02_channels_positive_map_and_channel_foundations.tex [34] [35])
(./chapter/ch02_channels_rectangular_kraus_maps.tex [36]
Overfull \hbox (4.21751pt too wide) in paragraph at lines 88--93
[][]\TU/lmr/bx/n/10 Theorem 2.5.8 \TU/lmr/m/n/10 (Trace preservation from a Kra
us resolution)\TU/lmr/bx/n/10 . [][][] [][][] [][] [][][] []\TU/lmr/m/it/10 Eve
ry trace-preserving
[37]
Overfull \hbox (6.7766pt too wide) in paragraph at lines 148--148
[]\TU/lmr/bx/n/14.4 The Choi–Jamiolkowski representation of maps between
[38] [39]
Overfull \hbox (19.3712pt too wide) in paragraph at lines 420--428
[][]\TU/lmr/bx/n/10 Theorem 2.7.1 \TU/lmr/m/n/10 (Kraus normalization condition
s)\TU/lmr/bx/n/10 . [][][] [][][] [][][][] [][][] [][][][] [][][] [][] [][][] [
]\TU/lmr/m/it/10 Let $[][][][] [] [][] [][][][][]$
[40]) (./chapter/ch02_channels_tensor_maps_and_controlled_trace.tex [41])
(./chapter/ch02_channels_transfer_map_foundations.tex [42] [43])
(./chapter/ch02_channels_peripheral_spectrum_and_primitivity.tex [44] [45]
[46] [47] [48]
Overfull \hbox (8.69438pt too wide) in paragraph at lines 488--494
[][]\TU/lmr/bx/n/10 Lemma 2.13.2.1 \TU/lmr/m/n/10 (Peripheral closure via adjoi
nt fixed point)\TU/lmr/bx/n/10 . [][][] [][][] [][] [][][] [][][][]\TU/lmr/m/it
/10 Let $[][][][] [] [][] [][][][][]$

Overfull \hbox (0.28438pt too wide) in paragraph at lines 535--544
[][]\TU/lmr/bx/n/10 Theorem 2.13.2.2 \TU/lmr/m/n/10 (Roots of unity via adjoint
 fixed point)\TU/lmr/bx/n/10 . [][][] [][][] [][] [][][] [][][][][]\TU/lmr/m/it
/10 Let $[][][][] [] [][] [][][][][]$
[49] [50])) (./chapter/ch03_channel_representations.tex [51]
Chapter 3.
(./chapter/ch03_channel_representations_choi_foundations.tex
Overfull \hbox (1.66296pt too wide) in paragraph at lines 16--22
\TU/lmr/m/n/10 When $[] [] []$, this is the \TU/lmr/m/it/10 maximally entangled
 state\TU/lmr/m/n/10 : a rank-one projector with $[][][][] [][][][][] []
[52] [53]) (./chapter/ch03_channel_representations_rectangular_choi_bounds.tex
[54]
Overfull \hbox (7.94478pt too wide) in paragraph at lines 83--87
[][]\TU/lmr/bx/n/10 Definition 3.2.5 \TU/lmr/m/n/10 (Hilbert–Schmidt contractio
n)\TU/lmr/bx/n/10 . [][][] [][][] [][] [][][] \TU/lmr/m/n/10 A complex-linear m
ap $[] [] [][][][][] []
)
(./chapter/ch03_channel_representations_no_information_without_disturbance.tex
[55]) (./chapter/ch03_channel_representations_choi_and_kraus.tex [56] [57]
[58] [59] [60] [61]
Overfull \hbox (11.82436pt too wide) in paragraph at lines 778--783
[][]\TU/lmr/bx/n/10 Theorem 3.7.4 \TU/lmr/m/n/10 (Unitality implies Kraus unita
l normalization)\TU/lmr/bx/n/10 . [][][] [][][] [][] [][][] []\TU/lmr/m/it/10 I
f $[][][][] [] [][] [][][][][]$
[62] [63]) (./chapter/ch03_channel_representations_kraus_iterate_choi.tex
[64] [65]) (./chapter/ch03_channel_representations_ensemble_equivalence.tex
[66]
Overfull \hbox (0.58437pt too wide) in paragraph at lines 128--132
[]\TU/lmr/m/n/10 Conversely, a unitary $[]$ satisfies $[][][] [] []$, so Theore
m [][]3.6.6[][] gives $[][] [][][][] [][][][] [] [][] [][][][] [][][][]$.
) (./chapter/ch03_channel_representations_hermitian_intertwiners.tex [67])
(./chapter/ch03_channel_representations_dilations_and_ordered_cp.tex [68]
[69] [70]
Overfull \hbox (3.29pt too wide) in paragraph at lines 292--292
[]\TU/lmr/bx/n/14.4 Ordered CP maps, Radon–Nikodym, and open-system
[71] [72] [73]
Overfull \hbox (1.84756pt too wide) in paragraph at lines 679--690
[][]\TU/lmr/bx/n/10 Corollary 3.12.15 \TU/lmr/m/n/10 (Square-algebra Radon–Niko
dym theorem)\TU/lmr/bx/n/10 . [][][] [][][] [][] [][][] []\TU/lmr/m/it/10 Let $
[]$ be a nonempty
[74]
Overfull \hbox (11.32751pt too wide) in paragraph at lines 795--799
[][]\TU/lmr/bx/n/10 Lemma 3.12.21 \TU/lmr/m/n/10 (First environment embedding i
s an isometry)\TU/lmr/bx/n/10 . [][][] [][][] [][] [][][] []\TU/lmr/m/it/10 The
 first-environment
[75] [76] [77] [78] [79] [80])
(./chapter/ch03_channel_representations_normal_forms_and_determinant.tex
[81] [82] [83] [84] [85] [86] [87] [88] [89]
Overfull \hbox (27.40834pt too wide) in paragraph at lines 1026--1031
\TU/lmr/m/n/10 nates used immediately before [[], Eq. (2.41)]; see also the loc
al source $[][][][][] [] [][][][][][][][][][][][][][][][][] []
[90] [91] [92] [93]
Overfull \hbox (15.74634pt too wide) in paragraph at lines 1439--1446
[]\TU/lmr/m/n/10 Thus $[]$ maps the positive-semidefinite cone onto itself. The
 already formalized cone/rank/Wigner
[94] [95]) (./chapter/ch03_channel_representations_determinant_choi_bound.tex
[96]
Overfull \hbox (8.04791pt too wide) in paragraph at lines 53--59
\TU/lmr/m/n/10 Substituting $[][][][] [][][]$ for the row pair and $[][][][] []
[][]$ for the column pair in ([][]3.120[][]) gives $[][][][][][][][][]$,
) (./chapter/ch03_channel_representations_self_dual.tex [97]
Overfull \hbox (8.98033pt too wide) in paragraph at lines 60--66
[][]\TU/lmr/bx/n/10 Theorem 3.19.4 \TU/lmr/m/n/10 (Transfer matrix of a Kraus r
epresentation)\TU/lmr/bx/n/10 . [][][] [][][] [][] [][][] []\TU/lmr/m/it/10 If 
$[][][][] [] [][] [][][][][]$,
[98] [99] [100])
(./chapter/ch03_channel_representations_transfer_matrix_identities.tex [101])
(./chapter/ch03_channel_representations_sic_povms.tex [102] [103] [104]
[105])) (./chapter/ch04_positive_not_cp.tex [106]
Chapter 4.
(./chapter/ch04_positive_not_cp_trace_normalization_and_lorentz_cone.tex
[107]) (./chapter/ch04_positive_not_cp_two_positive_schmidt_and_choi.tex

Package hyperref Warning: Token not allowed in a PDF string (Unicode):
(hyperref)                removing `math shift' on input line 1.


Package hyperref Warning: Token not allowed in a PDF string (Unicode):
(hyperref)                removing `math shift' on input line 1.

[108] [109] [110] [111] [112] [113]
Overfull \hbox (1.33026pt too wide) in paragraph at lines 743--748
[] [][][] \TU/lmr/m/n/10 The forward direction is Theorem [][]4.2.3.8[][]. The 
reverse direction is Theorem [][]4.2.3.9[][].
[114]) (./chapter/ch04_positive_not_cp_npositivity_infimum.tex [115] [116])
(./chapter/ch04_positive_not_cp_positivity_reduction_and_breuer_hall.tex
[117] [118] [119] [120] [121] [122] [123]
Overfull \hbox (7.63916pt too wide) in paragraph at lines 751--758
[] [][][] []\TU/lmr/m/n/10 A positive semidefinite matrix is a sum of rank-one 
operators $[][][][][][]$. By Lemma [][]4.7.2[][]
[124]) (./chapter/ch04_positive_not_cp_choi_and_decomposable_maps.tex [125]
[126] [127] [128]
Overfull \hbox (5.33284pt too wide) in paragraph at lines 402--411
[]\TU/lmr/m/n/10 The comparison cannot in general be made strict. For $[][][] [
][] [][] [] [][][] [][] [][]$ and $[] [] [][][] [][] [][] [][] [][]$,
[129] [130] [131] [132] [133] [134] [135] [136] [137] [138] [139])
(./chapter/ch04_positive_not_cp_ppt_and_separable_states.tex [140] [141]
Overfull \hbox (3.90086pt too wide) in paragraph at lines 211--219
\TU/lmr/m/n/10 A bipartite state is separable when it is a convex combination o
f pure product states $[][] [][] [][][][][][][][] []
[142]) (./chapter/ch04_positive_not_cp_schmidt_number_and_entanglement.tex
[143] [144] [145]) (./chapter/ch04_positive_not_cp_kramers_degeneracy.tex
[146] [147])) (./chapter/ch04_positive_not_cp_supporting_results.tex [148]
Overfull \hbox (3.34654pt too wide) in paragraph at lines 185--189
[][]\TU/lmr/bx/n/10 Lemma 4.17.2 \TU/lmr/m/n/10 (Rank factorization through a c
oordinate space)\TU/lmr/bx/n/10 . [][][] [][][] [][] [][][] \TU/lmr/m/it/10 If 
$[] [] [][][][][][][][]$
[149]
Overfull \hbox (7.86009pt too wide) in paragraph at lines 264--269
[] [][][] \TU/lmr/m/n/10 The eigenvectors form an orthonormal basis, so with $[
] [] [][][]$ one has $[][] [][][][][][][][][] []
[150]
Overfull \hbox (7.40033pt too wide) in paragraph at lines 331--340
\TU/lmr/m/n/10 Choi criterion, the rectangular compression criterion, and the r
ank-$[]$ projection criterion. Through-
[151] [152] [153]
Overfull \hbox (0.84254pt too wide) in paragraph at lines 680--684
[][]\TU/lmr/bx/n/10 Lemma 4.19.16 \TU/lmr/m/n/10 (Rank-$[]$ Hermitian projectio
n factorization)\TU/lmr/bx/n/10 . [][][] [][][] [][] [][][] \TU/lmr/m/it/10 Let
 $[] [] [][][][][][][][]$

Package hyperref Warning: Token not allowed in a PDF string (Unicode):
(hyperref)                removing `math shift' on input line 703.


Package hyperref Warning: Token not allowed in a PDF string (Unicode):
(hyperref)                removing `math shift' on input line 703.

[154]
Overfull \hbox (9.13817pt too wide) in paragraph at lines 796--796
[]\TU/lmr/bx/n/14.4 Schmidt-number geometry and entanglement witnesses 
[155] [156]) (./chapter/ch04_convex_structure.tex [157]
Chapter 5.
[158] [159]
Overfull \hbox (0.17003pt too wide) in paragraph at lines 312--325
[] [][][] []\TU/lmr/m/n/10 The equality constraints and equality of the objecti
ves give $[][][][][] [] [][] [][][][][][][][] []
) (./chapter/ch05_schwarz.tex [160]
Chapter 6.
(./chapter/ch05_schwarz_ft_core.tex [161] [162])
(./chapter/ch05_schwarz_retractions_and_peripheral_equality.tex [163] [164])
(./chapter/ch05_schwarz_douglas.tex [165])
(./chapter/ch05_schwarz_schur_complement.tex)
(./chapter/ch05_schwarz_abstract_domains_and_order.tex [166] [167] [168]
[169] [170]
Overfull \hbox (41.15291pt too wide) in paragraph at lines 495--501
\TU/lmr/m/it/10 This is the pseudoinverse-free form of [[], Eq. (5.4)]: the usu
al statement $[][][][][][] [][][][][][][][][][][][][] []

Overfull \hbox (2.29807pt too wide) in paragraph at lines 506--517
\TU/lmr/m/n/10 Evaluating the PSD quadratic form on the vector $[][][] [][][]$ 
and using the side condition $[][][][][][][] []
[171]
Overfull \hbox (7.76178pt too wide) in paragraph at lines 644--649
[][]\TU/lmr/bx/n/10 Definition 6.9.2.7 \TU/lmr/m/n/10 (Per-$[]$ Schwarz hypothe
sis)\TU/lmr/bx/n/10 . [][][] [][][] [][] [][][] []\TU/lmr/m/n/10 A complex-line
ar map $[] [] [][][][][] []

Overfull \hbox (2.08957pt too wide) in paragraph at lines 693--701
[][]\TU/lmr/bx/n/10 Theorem 6.9.2.10 \TU/lmr/m/n/10 (Equality in the operator S
chwarz inequality)\TU/lmr/bx/n/10 . [][][] [][][] [][] [][][] [][]\TU/lmr/m/it/
10 Let $[] [] [][][][][] []
[172])) (./chapter/ch05_schwarz_supporting_results.tex
Overfull \hbox (3.5749pt too wide) in paragraph at lines 49--53
[][]\TU/lmr/bx/n/10 Theorem 6.11.3 \TU/lmr/m/n/10 (Nondegeneracy of the trace p
airing)\TU/lmr/bx/n/10 . [][][] [][][] [][] [][][] \TU/lmr/m/it/10 For $[] [] [
][][][][]$, $[][][][][] []
[173] [174]
Overfull \hbox (4.08379pt too wide) in paragraph at lines 287--287
[]\TU/lmr/bx/n/14.4 Faithful weighted traces and peripheral Schwarz equal-
[175]) (./chapter/ch06_operator_convexity.tex [176]
Chapter 7.
(./chapter/ch06_operator_convexity_schwarz_and_jensen.tex [177] [178] [179]
[180] [181] [182] [183])
(./chapter/ch06_operator_convexity_lieb_and_resolvent.tex [184] [185]
Overfull \hbox (2.84213pt too wide) in paragraph at lines 266--281
\TU/lmr/m/it/10 matrix $[]$, and positive-\TU/lmr/m/n/10 semidefinite \TU/lmr/m
/it/10 matrices $[][][] [][][] [][][] [][]$, the map $[][][] [][] [] [] [][][][
][][][][][][]$
[186] [187]) (./chapter/ch06_operator_convexity_matrix_means.tex
Overfull \hbox (5.76697pt too wide) in paragraph at lines 37--40
[]\TU/lmr/m/it/10 for $[] [] [] [] []$ the mean is monotone in each argument, a
nd for every vector $[]$, $[][][] [][][][][][][][] []
[188] [189]
Overfull \hbox (13.00826pt too wide) in paragraph at lines 197--206
[] [][][] []\TU/lmr/m/n/10 By the chain rule, $[][][][][][] [] [][][][][][][][]
[][][][][][][][]$ with $[] [] [][][][][]$,
[190]
Overfull \hbox (11.05424pt too wide) in paragraph at lines 279--281
\TU/lmr/m/n/10 For $[] [] [] [] [][][]$ let $[][][][][] [] [][][][][][] [][][][
][][]$ with $[][][][][] [] [][]$, and $[][][][][] [] [][][][][][][][][][][][][]
[] []
[191])) (./chapter/ch07_qpf.tex [192]
Chapter 8.
(./chapter/ch07_qpf_cesaro_fixed_points.tex
Overfull \hbox (29.7827pt too wide) in paragraph at lines 45--49
[] [][][] \TU/lmr/m/n/10 Pigeonhole principle on the integer lattice of side $[
][]$: the $[][] [] []$ points $[][][][][][][] [] [] [][][][][][]$
[193] [194] [195] [196]) (./chapter/ch07_qpf_weighted_cesaro.tex [197] [198])
[199] [200] [201] [202] [203] [204] [205] [206] [207]
Overfull \hbox (2.23955pt too wide) in paragraph at lines 1037--1043
[][]\TU/lmr/bx/n/10 Theorem 8.9.8 \TU/lmr/m/n/10 (Eigenvalue $[]$ for positive 
trace-preserving maps)\TU/lmr/bx/n/10 . [][][] [][][] [][] [][][] [][]\TU/lmr/m
/it/10 Let $[] [] [][][][][] []
[208]
Overfull \hbox (5.01353pt too wide) in paragraph at lines 1228--1243
[][]\TU/lmr/bx/n/10 Theorem 8.12.1 \TU/lmr/m/n/10 (Positive fixed-point decompo
sition)\TU/lmr/bx/n/10 . [][][] [][][] [][] [][] [][][] [][] [][] [][][] [][] [
][][] [][]\TU/lmr/m/it/10 Let $[] [] [] [][][][][] []
[209] (./chapter/ch07_qpf_irreducibility_and_ergodicity.tex [210] [211]
[212])) (./chapter/ch07_qpf_supporting_results.tex [213]
Overfull \hbox (1.41978pt too wide) in paragraph at lines 6--6
[]\TU/lmr/bx/n/14.4 Density matrices, Brouwer’s theorem, and Cesàro lim-
[214] [215] [216] [217]) (./chapter/ch08_spectral.tex [218]
Chapter 9.
(./chapter/ch08_spectral_ft_peripheral_cyclic.tex [219] [220])
(./chapter/ch08_spectral_supporting_results.tex [221] [222] [223] [224]))
(./chapter/ch09_channel_asymptotics.tex [225]
Chapter 10.
(./chapter/ch09_channel_asymptotics_jordan_block_power.tex [226])
(./chapter/ch09_channel_asymptotics_upper_triangular_power.tex [227] [228]
[229]) (./chapter/ch09_channel_asymptotics_detailed_balance.tex [230])
(./chapter/ch09_channel_asymptotics_mean_ergodic.tex [231] [232] [233])
(./chapter/ch09_channel_asymptotics_fixed_point_algebras.tex [234])
(./chapter/ch09_channel_asymptotics_fixed_points_and_wedderburn_i.tex [235]
[236] [237] [238] [239] [240] [241] [242] [243]
Overfull \hbox (11.51134pt too wide) in paragraph at lines 982--989
[] [][][] []\TU/lmr/m/n/10 Each pair $[] [] [][]$, $[][] [] [][]$ is of differe
nt type, hence orthogonal by Lemma [][]10.5.22[][].
) (./chapter/ch09_channel_asymptotics_wedderburn_ii.tex [244]
Overfull \hbox (8.43947pt too wide) in paragraph at lines 35--39
[]\TU/lmr/m/n/10 Finally, let $[] [] [][]$ and $[][] [] [][]$ be irreducible un
der $[]$, with $[][] [] [][]$. By Lemma [][]10.5.24[][],
[245] [246]
Overfull \hbox (27.08902pt too wide) in paragraph at lines 176--184
[][]\TU/lmr/bx/n/10 Lemma 10.6.5 \TU/lmr/m/n/10 (Unitary change of basis to blo
ck-diagonal form)\TU/lmr/bx/n/10 . [][][] [][][] [][] [][][] \TU/lmr/m/it/10 Le
t $[][][][][]$
[247] [248] [249] [250] [251] [252] [253])
(./chapter/ch09_channel_asymptotics_corner_and_overlap_decompositions.tex
[254] [255] [256])
(./chapter/ch09_channel_asymptotics_direct_sum_schwarz_maps.tex [257] [258]
Overfull \hbox (3.03027pt too wide) in paragraph at lines 188--201
[] [][][] \TU/lmr/m/n/10 Complete positivity and trace preservation make both t
race adjoints unital Schwarz
[259] [260] [261] [262]

Package hyperref Warning: Token not allowed in a PDF string (Unicode):
(hyperref)                removing `math shift' on input line 616.


Package hyperref Warning: Token not allowed in a PDF string (Unicode):
(hyperref)                removing `math shift' on input line 616.

[263])
(./chapter/ch09_channel_asymptotics_direct_sum_corners_and_maximal_support.tex
[264] [265]
Overfull \hbox (1.70528pt too wide) in paragraph at lines 194--196
[]\TU/lmr/m/n/10 Closure under multiplication transports back through the corre
spondence. A corner-supported
[266] [267] [268] [269])
(./chapter/ch09_channel_asymptotics_fixed_point_structure_and_cycles.tex
[270] [271] [272]
Overfull \hbox (31.08292pt too wide) in paragraph at lines 346--352
[] [][][] []\TU/lmr/m/n/10 In the spectral decomposition $[] [] [] [][][][][][]
$, the support projection is $[] [][][][][][][]$.
[273]
Overfull \hbox (137.52632pt too wide) in paragraph at lines 485--490
[]\TU/lmr/m/n/10 The declarations \TU/lmtt/m/n/10 Kraus.maximalSupport_of_maxim
alRank \TU/lmr/m/n/10 and \TU/lmtt/m/n/10 Kraus.exists_weightedCorner_sqrt_eq_o
f_maximalRank

Overfull \hbox (15.73227pt too wide) in paragraph at lines 501--505
[][]\TU/lmr/bx/n/10 Definition 10.12.1 \TU/lmr/m/n/10 (Exact Kraus word spans)\
TU/lmr/bx/n/10 . [][][] [][][] [][] [][][] \TU/lmr/m/n/10 For a finite Kraus fa
mily $[][][] [] [] [][] []
[274]
Overfull \hbox (11.32634pt too wide) in paragraph at lines 567--571
\TU/lmr/m/n/10 This section develops the block-permutation structure underlying
 the cycle decomposition of [[],
[275] [276] [277]
Overfull \hbox (26.44983pt too wide) in paragraph at lines 1006--1012
[]\TU/lmr/m/it/10 The compiled statement retains the equivalence $[][]$ and the
 literal zero extension $[][][][] [][] [][] [][]$
[278] [279])) (./chapter/ch09_channel_asymptotics_supporting_results.tex
[280] [281]) (./chapter/ch10_wielandt.tex [282]
Chapter 11.
(./chapter/ch10_wielandt_cumulative_bound.tex
Overfull \hbox (35.38342pt too wide) in paragraph at lines 60--65
[] [][][] []\TU/lmr/m/n/10 Expand the Kraus representation of the $[]$-fold ite
rate. Each summand is $[][][][][] [][][][][][][][] []
[283] [284] [285] [286] [287])) (./chapter/ch10_wielandt_supporting_results.tex
 [288] [289]) (./chapter/ch11_semigroup.tex [290]
Chapter 12.
(./chapter/ch11_semigroup_hermitian_paths.tex [291])
(./chapter/ch11_semigroup_dynamics_and_gksl.tex [292]
Overfull \hbox (20.50978pt too wide) in paragraph at lines 27--30
[][]\TU/lmr/bx/n/10 Definition 12.3.3 \TU/lmr/m/n/10 (Exponential semigroup)\TU
/lmr/bx/n/10 . [][][] [][][] [][][][] [][][] [][] [][][] \TU/lmr/m/n/10 Given a
 generator $[] [] [][][][][][][][][]$,
[293] [294] [295]
Overfull \hbox (8.99596pt too wide) in paragraph at lines 499--508
[] [][][] \TU/lmr/m/n/10 Let $[][][][] [] [][] [][][][][]$. By the cyclic prope
rty of trace, $[][][][][][][] [] [][][][][] [][][][][][][] []
[296] [297] [298] [299] [300])
(./chapter/ch11_semigroup_dissipation_and_primitivity.tex [301] [302] [303]
[304] [305]) (./chapter/ch11_semigroup_adjoint_kernel_and_reducibility.tex
[306] [307] [308]
Overfull \hbox (13.29822pt too wide) in paragraph at lines 355--365
[] [][][] \TU/lmr/m/n/10 The block-upper-triangular structure implies $[]$ pres
erves the compression $[][][][][][][]$.
[309] [310]
Overfull \hbox (8.15552pt too wide) in paragraph at lines 648--655
[][]\TU/lmr/bx/n/10 Theorem 12.9.1.16 \TU/lmr/m/n/10 (Large Kossakowski rank im
plies non-reducibility)\TU/lmr/bx/n/10 . [][][] [][][] [][] [][][] [][][][][][]
\TU/lmr/m/it/10 If $[][][][] []
[311])) (./chapter/ch12_entropy.tex [312]
Chapter 13.
(./chapter/ch12_entropy_trace_norm.tex [313] [314] [315]
Overfull \hbox (5.46825pt too wide) in paragraph at lines 455--463
[] [][][] [][][]\TU/lmr/m/n/10 Let $[][]$ be the support projection of $[][][][
][]$ from Lemma [][]13.1.14[][], so that $[][][][][][] []
[316] [317] [318] [319] [320]) (./chapter/ch12_polar_unitary_correction.tex

LaTeX Warning: Reference `eq:polar_positive_expansion' on page 321 undefined on
 input line 36.


LaTeX Warning: Reference `eq:polar_positive_expansion' on page 321 undefined on
 input line 39.


LaTeX Warning: Reference `thm:positive_two_residuals' on page 321 undefined on 
input line 60.

[321]

LaTeX Warning: Reference `thm:positive_two_residuals' on page 322 undefined on 
input line 68.


LaTeX Warning: Reference `thm:positive_two_residuals' on page 322 undefined on 
input line 101.


LaTeX Warning: Reference `thm:unitary_polar_correction' on page 322 undefined o
n input line 101.


LaTeX Warning: Reference `thm:unitary_polar_correction' on page 322 undefined o
n input line 111.

) (./chapter/ch12_rectangular_windows.tex [322] [323])
(./chapter/ch12_entropy_majorization.tex)
(./chapter/ch12_entropy_von_neumann_and_relative_i.tex [324] [325] [326]
[327] [328] [329] [330] [331])
(./chapter/ch12_entropy_von_neumann_and_relative_ii.tex [332] [333] [334]
[335] [336] [337] [338] [339]
Overfull \hbox (0.6799pt too wide) in paragraph at lines 1010--1020
[] [][][] [][][]\TU/lmr/m/n/10 Kernel inclusion descends through the partial tr
ace, giving $[][][][] [][] [] [][][][] [][]$.
[340] [341]) (./chapter/ch12_entropy_tripartite_and_ssa_i.tex [342] [343]
[344] [345] [346] [347] [348] [349] [350]
Overfull \hbox (6.02043pt too wide) in paragraph at lines 1009--1015
\TU/lmr/m/it/10 This is the source-$[]$ pointwise-vanishing passage in Jenčová–
Ruskai, arXiv:0903.2895v4, lines 433–
[351] [352]) (./chapter/ch12_entropy_tripartite_and_ssa_ii.tex [353] [354]
[355] [356] [357]
Overfull \hbox (3.43794pt too wide) in paragraph at lines 605--612
[][]\TU/lmr/bx/n/10 Lemma 13.8.39 \TU/lmr/m/n/10 (Relative modular square-root 
ratio on the support)\TU/lmr/bx/n/10 . [][][] [][][] [][] [][][] []\TU/lmr/m/it
/10 Let $[][] [][] [][] []$
[358] [359] [360] [361] [362] [363] [364] [365] [366] [367] [368] [369]
[370] [371]
Overfull \hbox (24.00725pt too wide) in paragraph at lines 2195--2208
[][]$\TU/lmr/m/n/10 . The von Neumann entropy of a weighted orthogonal direct s
um is $[][][][] [][] [][][] [] [] [][] [][] [] [][] []
[372]) (./chapter/ch12_entropy_mutual_information.tex [373]
Overfull \hbox (14.84778pt too wide) in paragraph at lines 118--118
[]\TU/lmr/bx/n/14.4 Mutual information: monotonicity and area-law bound 
[374]) (./chapter/ch12_entropy_data_processing.tex)
(./chapter/ch12_entropy_conditional_continuity.tex [375] [376])
(./chapter/ch12_entropy_classical_operator_schmidt_and_renyi.tex [377] [378]
Overfull \hbox (13.46095pt too wide) in paragraph at lines 159--168
[]\TU/lmr/m/n/10 The minimality theorem at the preceding definition proves that
 the range dimension $[] [] [][]$
[379] [380] [381] [382] [383]
Overfull \hbox (1.78531pt too wide) in paragraph at lines 761--765
\TU/lmr/m/it/10 Thus this theorem reduces the singular-reference case to the fa
ithful comparison. Theorem [][]13.14.14[][]
[384] [385] [386] [387]) (./chapter/ch12_entropy_finite_product.tex [388]
[389]) (./chapter/ch12_entropy_conditional_two_families.tex)
(./chapter/ch12_entropy_physical_buffer_overlap.tex [390]

LaTeX Warning: Reference `def:physical_buffer_compression' on page 391 undefine
d on input line 79.


LaTeX Warning: Reference `eq:buffer_partial_swap' on page 391 undefined on inpu
t line 85.


LaTeX Warning: Reference `eq:buffer_compression' on page 391 undefined on input
 line 87.


LaTeX Warning: Reference `def:physical_buffer_compression' on page 391 undefine
d on input line 101.


LaTeX Warning: Reference `eq:buffer_swap_purity' on page 391 undefined on input
 line 155.

[391]

LaTeX Warning: Reference `def:physical_buffer_regrouping' on page 392 undefined
 on input line 197.


LaTeX Warning: Reference `thm:physical_buffer_overlap_transport' on page 392 un
defined on input line 197.


LaTeX Warning: Reference `thm:physical_buffer_product_purity' on page 392 undef
ined on input line 197.


LaTeX Warning: Reference `eq:buffer_overlap_transport' on page 392 undefined on
 input line 219.


LaTeX Warning: Reference `eq:buffer_swap_purity' on page 392 undefined on input
 line 220.


LaTeX Warning: Reference `thm:physical_buffer_contraction' on page 392 undefine
d on input line 232.


LaTeX Warning: Reference `thm:physical_buffer_overlap_transport' on page 392 un
defined on input line 232.


LaTeX Warning: Reference `thm:physical_buffer_product_purity' on page 392 undef
ined on input line 232.


LaTeX Warning: Reference `thm:physical_buffer_regrouped_purity' on page 392 und
efined on input line 232.


LaTeX Warning: Reference `eq:buffer_split_distance' on page 392 undefined on in
put line 260.


LaTeX Warning: Reference `eq:buffer_fourth_power' on page 392 undefined on inpu
t line 267.


LaTeX Warning: Reference `eq:buffer_compression' on page 392 undefined on input
 line 274.


LaTeX Warning: Reference `thm:physical_buffer_contraction' on page 392 undefine
d on input line 275.


LaTeX Warning: Reference `eq:buffer_overlap_transport' on page 392 undefined on
 input line 276.


LaTeX Warning: Reference `eq:buffer_swap_purity' on page 392 undefined on input
 line 277.

[392]

LaTeX Warning: Reference `eq:buffer_controlled_overlap' on page 393 undefined o
n input line 287.

) (./chapter/ch12_entropy_doubled_system_gap.tex

LaTeX Warning: Reference `def:doubled_system' on page 393 undefined on input li
ne 35.


LaTeX Warning: Reference `def:doubled_system' on page 393 undefined on input li
ne 47.


LaTeX Warning: Reference `def:doubled_system' on page 393 undefined on input li
ne 63.


LaTeX Warning: Reference `eq:doubled_gap_residual' on page 393 undefined on inp
ut line 64.


LaTeX Warning: Reference `thm:doubled_vector_properties' on page 393 undefined 
on input line 79.


LaTeX Warning: Reference `eq:doubled_gap_decomposition' on page 393 undefined o
n input line 81.


LaTeX Warning: Reference `eq:doubled_gap_decomposition' on page 393 undefined o
n input line 86.


LaTeX Warning: Reference `eq:doubled_gap_bound' on page 393 undefined on input 
line 87.

[393]

LaTeX Warning: Reference `eq:doubled_gap_conjugation' on page 394 undefined on 
input line 103.


LaTeX Warning: Reference `eq:doubled_gap_conjugation' on page 394 undefined on 
input line 113.


LaTeX Warning: Reference `eq:positive_gap_projection' on page 394 undefined on 
input line 150.


LaTeX Warning: Reference `eq:positive_gap_ground_line' on page 394 undefined on
 input line 154.


LaTeX Warning: Reference `def:doubled_system' on page 394 undefined on input li
ne 161.


LaTeX Warning: Reference `def:physical_buffer_compression' on page 394 undefine
d on input line 161.


LaTeX Warning: Reference `def:physical_buffer_compression' on page 394 undefine
d on input line 166.


LaTeX Warning: Reference `thm:physical_buffer_contraction' on page 394 undefine
d on input line 178.


LaTeX Warning: Reference `thm:doubled_vector_properties' on page 394 undefined 
on input line 178.


LaTeX Warning: Reference `thm:doubled_lower_gap' on page 394 undefined on input
 line 178.


LaTeX Warning: Reference `thm:doubled_unitary_transport' on page 394 undefined 
on input line 178.


LaTeX Warning: Reference `thm:physical_buffer_contraction' on page 394 undefine
d on input line 180.


LaTeX Warning: Reference `thm:doubled_vector_properties' on page 394 undefined 
on input line 181.


LaTeX Warning: Reference `thm:doubled_lower_gap' on page 394 undefined on input
 line 183.


LaTeX Warning: Reference `eq:doubled_gap_bound' on page 394 undefined on input 
line 184.


LaTeX Warning: Reference `thm:doubled_unitary_transport' on page 394 undefined 
on input line 185.


LaTeX Warning: Reference `eq:doubled_swap_conclusions' on page 394 undefined on
 input line 186.


LaTeX Warning: Reference `thm:doubled_partial_swap_gap' on page 394 undefined o
n input line 189.


LaTeX Warning: Reference `thm:positive_gap_uniqueness' on page 394 undefined on
 input line 190.


LaTeX Warning: Reference `eq:doubled_unique_ground_lines' on page 394 undefined
 on input line 197.

)) (./chapter/ch12_entropy_corollaries.tex [394])
(./chapter/ch13_buffered_filters.tex [395]
Chapter 14.
) (./chapter/ch13_spectral_filter.tex [396]
Chapter 15.
[397] [398] [399]
Overfull \hbox (14.4764pt too wide) in paragraph at lines 402--409
\TU/lmr/m/it/10 There are $[][][] [][] [] []$, depending only on $[][] [][] [][
] [][] []$, such that $[][][][][][] [] [][][][][][][] [] [][][] [][][][] [][][]
[]$
[400]) (./chapter/ch13_marginal_tails.tex [401]
Chapter 16.
[402] [403] [404]

LaTeX Warning: Reference `lem:clipped_filter_cost' on page 405 undefined on inp
ut line 307.


LaTeX Warning: Reference `lem:clipped_filter_cost' on page 405 undefined on inp
ut line 321.


LaTeX Warning: Reference `lem:local_lift' on page 405 undefined on input line 3
59.


LaTeX Warning: Reference `lem:local_lift' on page 405 undefined on input line 3
69.


LaTeX Warning: Reference `lem:filter_stationarity' on page 405 undefined on inp
ut line 392.


LaTeX Warning: Reference `lem:clipped_filter_cost' on page 405 undefined on inp
ut line 392.


LaTeX Warning: Reference `lem:filter_conjugation' on page 405 undefined on inpu
t line 416.


LaTeX Warning: Reference `lem:commuting_hermitian' on page 405 undefined on inp
ut line 416.

[405]

LaTeX Warning: Reference `lem:filter_conjugation' on page 406 undefined on inpu
t line 426.


LaTeX Warning: Reference `lem:filter_stationarity' on page 406 undefined on inp
ut line 437.


LaTeX Warning: Reference `lem:filter_clipping' on page 406 undefined on input l
ine 437.


LaTeX Warning: Reference `lem:commuting_hermitian' on page 406 undefined on inp
ut line 437.


LaTeX Warning: Reference `lem:filter_stationarity' on page 406 undefined on inp
ut line 449.


LaTeX Warning: Reference `lem:filter_clipping' on page 406 undefined on input l
ine 453.


LaTeX Warning: Reference `prop:stationary_filter_clipped' on page 406 undefined
 on input line 462.


LaTeX Warning: Reference `prop:stationary_filter_clipped' on page 406 undefined
 on input line 472.


LaTeX Warning: Reference `lem:filter_energy_term' on page 406 undefined on inpu
t line 502.


LaTeX Warning: Reference `lem:filter_energy_term' on page 406 undefined on inpu
t line 517.


LaTeX Warning: Reference `lem:split_filter_conjugation' on page 406 undefined o
n input line 527.


LaTeX Warning: Reference `thm:all_filters_clipped' on page 406 undefined on inp
ut line 527.

[406]

LaTeX Warning: Reference `lem:split_filter_conjugation' on page 407 undefined o
n input line 539.


LaTeX Warning: Reference `lem:chain_term_conjugation' on page 407 undefined on 
input line 548.


LaTeX Warning: Reference `prop:filter_maximizer' on page 407 undefined on input
 line 548.


LaTeX Warning: Reference `thm:all_filters_clipped' on page 407 undefined on inp
ut line 563.


LaTeX Warning: Reference `lem:chain_term_conjugation' on page 407 undefined on 
input line 564.


Overfull \hbox (10.12883pt too wide) in paragraph at lines 560--566
[] [][][] \TU/lmr/m/n/10 Since $[][][][][] [] [][][]$, the left side is the sum
 over $[]$ of $[][][][][] [][][][] [] [][][] [][][][][][][][]$.

LaTeX Warning: Reference `lem:prefix_step' on page 407 undefined on input line 
605.


LaTeX Warning: Reference `thm:chain_energy' on page 407 undefined on input line
 605.


LaTeX Warning: Reference `prop:filter_maximizer' on page 407 undefined on input
 line 605.


LaTeX Warning: Reference `prop:filter_maximizer' on page 407 undefined on input
 line 619.


LaTeX Warning: Reference `thm:chain_energy' on page 407 undefined on input line
 620.


LaTeX Warning: Reference `lem:prefix_step' on page 407 undefined on input line 
622.


LaTeX Warning: Reference `thm:first_norm_comparison' on page 407 undefined on i
nput line 631.


LaTeX Warning: Reference `thm:first_norm_comparison' on page 407 undefined on i
nput line 632.


LaTeX Warning: Reference `thm:first_norm_comparison' on page 407 undefined on i
nput line 641.

[407]

LaTeX Warning: Reference `prop:zero_floor_comparison' on page 408 undefined on 
input line 726.


LaTeX Warning: Reference `lem:region_filter_norm' on page 408 undefined on inpu
t line 726.


LaTeX Warning: Reference `lem:trial_filters' on page 408 undefined on input lin
e 726.


LaTeX Warning: Reference `thm:filter_three_lines' on page 408 undefined on inpu
t line 726.


LaTeX Warning: Reference `thm:region_ssa' on page 408 undefined on input line 7
26.


LaTeX Warning: Reference `thm:first_norm_comparison' on page 408 undefined on i
nput line 730.


LaTeX Warning: Reference `prop:zero_floor_comparison' on page 408 undefined on 
input line 739.


LaTeX Warning: Reference `lem:region_filter_norm' on page 408 undefined on inpu
t line 739.


LaTeX Warning: Reference `lem:trial_filters' on page 408 undefined on input lin
e 742.


LaTeX Warning: Reference `thm:filter_three_lines' on page 408 undefined on inpu
t line 744.


LaTeX Warning: Reference `thm:region_ssa' on page 408 undefined on input line 7
48.

[408]) (./chapter/ch13_schur_labels.tex [409]
Chapter 17.

LaTeX Warning: Reference `def:irrep_labels' on page 410 undefined on input line
 42.


LaTeX Warning: Reference `def:irrep_labels' on page 410 undefined on input line
 68.


LaTeX Warning: Reference `def:label_projectors' on page 410 undefined on input 
line 87.


LaTeX Warning: Reference `lem:irrep_central_idempotents' on page 410 undefined 
on input line 87.

[410]

LaTeX Warning: Reference `lem:irrep_central_idempotents' on page 411 undefined 
on input line 95.


LaTeX Warning: Reference `def:label_projectors' on page 411 undefined on input 
line 118.


LaTeX Warning: Reference `def:copy_permutations' on page 411 undefined on input
 line 152.


LaTeX Warning: Reference `lem:label_projectors' on page 411 undefined on input 
line 152.


LaTeX Warning: Reference `lem:symmetric_central_inverse' on page 411 undefined 
on input line 163.

[411]

LaTeX Warning: Reference `lem:label_projectors' on page 412 undefined on input 
line 206.


LaTeX Warning: Reference `lem:isotypic_dimension' on page 412 undefined on inpu
t line 230.


LaTeX Warning: Reference `lem:orthogonal_resolution' on page 412 undefined on i
nput line 259.


LaTeX Warning: Reference `lem:multiplicity_count' on page 412 undefined on inpu
t line 259.


LaTeX Warning: Reference `lem:multiplicity_count' on page 412 undefined on inpu
t line 279.


LaTeX Warning: Reference `lem:isotypic_dimension' on page 412 undefined on inpu
t line 291.


LaTeX Warning: Reference `lem:isotypic_dimension' on page 412 undefined on inpu
t line 305.

[412]

LaTeX Warning: Reference `lem:joint_blocks' on page 413 undefined on input line
 315.


LaTeX Warning: Reference `lem:joint_blocks' on page 413 undefined on input line
 342.


LaTeX Warning: Reference `thm:schur_label_commutation' on page 413 undefined on
 input line 342.


Overfull \hbox (1.217pt too wide) in paragraph at lines 348--360
[] [][][] \TU/lmr/m/n/10 A joint block of $[][] []$ meeting the $[]$-isotypic c
omponent is invariant under $[][][][][] []

LaTeX Warning: Reference `thm:schur_label_merge_dimensions' on page 413 undefin
ed on input line 369.


LaTeX Warning: Reference `lem:multiplicity_count' on page 413 undefined on inpu
t line 369.

[413]

LaTeX Warning: Reference `lem:stirling_log_factorial' on page 414 undefined on 
input line 427.


LaTeX Warning: Reference `lem:stirling_log_factorial' on page 414 undefined on 
input line 442.


LaTeX Warning: Reference `thm:schur_weyl_commutant' on page 414 undefined on in
put line 494.


LaTeX Warning: Reference `thm:schur_weyl_commutant' on page 414 undefined on in
put line 509.

[414] (./fragment/excitation_subset_counts.tex

LaTeX Warning: Reference `thm:excitation_binomial_entropy' on page 415 undefine
d on input line 40.


LaTeX Warning: Reference `thm:excitation_binomial_entropy' on page 415 undefine
d on input line 55.

)) (./chapter/ch13_conditional_movement.tex [415]
Chapter 18.

LaTeX Warning: Reference `def:kernel_completion' on page 416 undefined on input
 line 37.


LaTeX Warning: Reference `lem:kernel_completion_rpow' on page 416 undefined on 
input line 53.

[416]) (./chapter/ch13_marginal_phase.tex [417]
Chapter 19.

Overfull \hbox (2.48633pt too wide) in paragraph at lines 10--16
\TU/lmr/m/n/10 This chapter formalizes the resolvent argument behind the margin
al-phase comparison of [[],

LaTeX Warning: Reference `lem:resolvent_compression' on page 418 undefined on i
nput line 44.


LaTeX Warning: Reference `lem:resolvent_defect_integral' on page 418 undefined 
on input line 80.


LaTeX Warning: Reference `lem:resolvent_mellin' on page 418 undefined on input 
line 80.

[418]

LaTeX Warning: Reference `thm:resolvent_phase_gap' on page 419 undefined on inp
ut line 116.


LaTeX Warning: Reference `lem:marginal_domination' on page 419 undefined on inp
ut line 116.

))
(/Users/siruilu/Local/agentFormalization/QICLean/worktrees/area-law-bell-pin/bl
ueprint/print/print.bbl [419]
Underfull \hbox (badness 1158) in paragraph at lines 52--58
[]\TU/lmr/m/n/10 The QICLean contributors.  Exact-rank wording in Wolf’s Choi a
nd wit-

Underfull \hbox (badness 1472) in paragraph at lines 52--58
\TU/lmr/m/n/10 CLean, 2026.  [][]$[][][][][] [] [] [] [][][][][][][][][] [] [][
][] [] [][][][][][][] [] [][][][][][][][][][][] [] [][][][] [] [][][][][] [] []
 []

Underfull \hbox (badness 10000) in paragraph at lines 60--66
\TU/lmr/m/n/10 QICLean, 2026.  [][]$[][][][][] [] [] [] [][][][][][][][][] [] [
][][] [] [][][][][][][] [] [][][][][][][][][][][] [] [][][][][][][] []

Underfull \hbox (badness 1297) in paragraph at lines 68--74
[]\TU/lmr/m/n/10 The QICLean contributors.  The missing order hypothesis in Wol
f’s uni-

Underfull \hbox (badness 5548) in paragraph at lines 68--74
\TU/lmr/m/n/10 QICLean, 2026.  [][]$[][][][][] [] [] [] [][][][][][][][][] [] [
][][] [] [][][][][][][] [] [][][][][][][][][][][] [] [][][][] [] [][][] []

Underfull \hbox (badness 1253) in paragraph at lines 76--81
\TU/lmr/m/n/10 QICLean, 2026.  [][]$[][][][][] [] [] [] [][][][][][][][][] [] [
][][] [] [][][][][][][] [] [][][][][][][][][][][] [] [][][][] [] [][][][][] []
[420]
Underfull \hbox (badness 1478) in paragraph at lines 90--96
[]\TU/lmr/m/n/10 The QICLean contributors.  Scope of Wolf chapter 5 operator co
nvexity

Underfull \hbox (badness 5548) in paragraph at lines 90--96
\TU/lmr/m/n/10 QICLean, 2026.  [][]$[][][][][] [] [] [] [][][][][][][][][] [] [
][][] [] [][][][][][][] [] [][][][][][][][][][][] [] [][][][] [] [][][] []

Underfull \hbox (badness 1817) in paragraph at lines 105--110
\TU/lmr/m/n/10 attainment.  Paper-gap note wolf_slater_attainment_conditions, Q
ICLean,

Underfull \hbox (badness 1803) in paragraph at lines 112--118
[]\TU/lmr/m/n/10 The QICLean contributors.  The structure theorem for finite-di
mensional

Underfull \hbox (badness 10000) in paragraph at lines 112--118
[][]$\TU/lmr/m/n/10 -algebras: Matrix-realized single-block scope.  Paper-gap n
ote

Underfull \hbox (badness 5548) in paragraph at lines 120--126
\TU/lmr/m/n/10 QICLean, 2026.  [][]$[][][][][] [] [] [] [][][][][][][][][] [] [
][][] [] [][][][][][][] [] [][][][][][][][][][][] [] [][][][] [] [][][] []

Underfull \hbox (badness 1152) in paragraph at lines 128--134
[]\TU/lmr/m/n/10 The QICLean contributors.  Wolf proposition 1.5: Factor and co
ordinate

Underfull \hbox (badness 10000) in paragraph at lines 136--143
[]\TU/lmr/m/n/10 The QICLean contributors.  Wolf proposition 1.6: Complete

Underfull \hbox (badness 10000) in paragraph at lines 136--143
\TU/lmr/m/n/10 positivity from positivity, commutative side.  Paper-gap note

Underfull \hbox (badness 7168) in paragraph at lines 136--143
\TU/lmr/m/n/10 wolf_prop16_cp_positivity_commutative_side, QICLean, 2026.  [][]
$[][][][][] []

Underfull \hbox (badness 10000) in paragraph at lines 136--143
[] [] [][][][][][][][][] [] [][][] [] [][][][][][][] [] [][][][][][][][][][][] 
[] [][][][] [] [][][][][][] [] [][] [] [][][][][][][][][][] []

Underfull \hbox (badness 2884) in paragraph at lines 153--159
\TU/lmr/m/n/10 QICLean, 2026.  [][]$[][][][][] [] [] [] [][][][][][][][][] [] [
][][] [] [][][][][][][] [] [][][][][][][][][][][] [] [][][][] [] [][][][] []
[421]
Underfull \hbox (badness 3428) in paragraph at lines 168--174
[]\TU/lmr/m/n/10 The QICLean contributors.  Yamagami’s simultaneous-singularity
 bound-

Underfull \hbox (badness 1253) in paragraph at lines 168--174
\TU/lmr/m/n/10 QICLean, 2026.  [][]$[][][][][] [] [] [] [][][][][][][][][] [] [
][][] [] [][][][][][][] [] [][][][][][][][][][][] [] [][][][][][][][][][] []

Underfull \hbox (badness 2376) in paragraph at lines 176--182
\TU/lmr/m/n/10 ity characterization and Hayashi–Markov decomposition.  Paper-ga
p note

Underfull \hbox (badness 2376) in paragraph at lines 184--190
\TU/lmr/m/n/10 TNLean, 2026.  [][]$[][][][][] [] [] [] [][][][][][][][][] [] []
[][] [] [][][][][][] [] [][][][][][][][][][][] [] [][][][][][] [] [][][][] []
[422]
Underfull \hbox (badness 10000) in paragraph at lines 288--293
[]\TU/lmr/m/n/10 OpenAI.  Polynomial peps approximation of gapped square-

Underfull \hbox (badness 10000) in paragraph at lines 288--293
\TU/lmr/m/n/10 grid ground states, 2026.  September 24, 2026; source revision
[423]) [424]
(/Users/siruilu/Local/agentFormalization/QICLean/worktrees/area-law-bell-pin/bl
ueprint/print/print.aux)

LaTeX Warning: There were undefined references.


LaTeX Warning: Label(s) may have changed. Rerun to get cross-references right.


Package rerunfilecheck Warning: File `print.out' has changed.
(rerunfilecheck)                Rerun to get outlines right
(rerunfilecheck)                or use package `bookmark'.

 )
(see the transcript file for additional information)
Output written on /Users/siruilu/Local/agentFormalization/QICLean/worktrees/are
a-law-bell-pin/blueprint/print/print.pdf (425 pages).
SyncTeX written on /Users/siruilu/Local/agentFormalization/QICLean/worktrees/area-law-bell-pin/blueprint/print/print.synctex.gz.
Transcript written on /Users/siruilu/Local/agentFormalization/QICLean/worktrees
/area-law-bell-pin/blueprint/print/print.log.
Latexmk: Getting log file '/Users/siruilu/Local/agentFormalization/QICLean/worktrees/area-law-bell-pin/blueprint/print/print.log'
Latexmk: Examining '/Users/siruilu/Local/agentFormalization/QICLean/worktrees/area-law-bell-pin/blueprint/print/print.fls'
Latexmk: Examining '/Users/siruilu/Local/agentFormalization/QICLean/worktrees/area-law-bell-pin/blueprint/print/print.log'
Latexmk: Found input bbl file '/Users/siruilu/Local/agentFormalization/QICLean/worktrees/area-law-bell-pin/blueprint/print/print.bbl'
Latexmk: References changed.
Latexmk: References changed.
Latexmk: Log file says output to '/Users/siruilu/Local/agentFormalization/QICLean/worktrees/area-law-bell-pin/blueprint/print/print.pdf'
Latexmk: Using bibtex to make bibliography file(s).
  ===Source file '/Users/siruilu/Local/agentFormalization/QICLean/worktrees/area-law-bell-pin/blueprint/print/print.bbl' for 'pdflatex'
Latexmk: Found bibliography file(s):
  ./references.bib
Latexmk: applying rule 'bibtex /Users/siruilu/Local/agentFormalization/QICLean/worktrees/area-law-bell-pin/blueprint/print/print'...
Rule 'bibtex /Users/siruilu/Local/agentFormalization/QICLean/worktrees/area-law-bell-pin/blueprint/print/print':  Reasons for rerun
Changed files or newly in use/created:
  /Users/siruilu/Local/agentFormalization/QICLean/worktrees/area-law-bell-pin/blueprint/print/print.aux

------------
Run number 1 of rule 'bibtex /Users/siruilu/Local/agentFormalization/QICLean/worktrees/area-law-bell-pin/blueprint/print/print'
------------
Latexmk: Change directory to '/Users/siruilu/Local/agentFormalization/QICLean/worktrees/area-law-bell-pin/blueprint/print/'.
To assist finding of files in document directory, I set
  BIBINPUTS='/Users/siruilu/Local/agentFormalization/QICLean/worktrees/area-law-bell-pin/blueprint/src:/Users/siruilu/Local/agentFormalization/QICLean/worktrees/area-law-bell-pin/blueprint/print:/Users/siruilu/Local/TEX:'
  BSTINPUTS='/Users/siruilu/Local/agentFormalization/QICLean/worktrees/area-law-bell-pin/blueprint/src:/Users/siruilu/Local/TEX:'.
------------
Running 'bibtex  "print.aux"'
------------
This is BibTeX, Version 0.99e (TeX Live 2026/Homebrew)
The top-level auxiliary file: print.aux
The style file: alpha.bst
Database file #1: references.bib
Latexmk: Change directory back to '/Users/siruilu/Local/agentFormalization/QICLean/worktrees/area-law-bell-pin/blueprint/src'
Latexmk: applying rule 'pdflatex'...
Rule 'pdflatex':  Reasons for rerun
Changed files or newly in use/created:
  /Users/siruilu/Local/agentFormalization/QICLean/worktrees/area-law-bell-pin/blueprint/print/print.aux
  /Users/siruilu/Local/agentFormalization/QICLean/worktrees/area-law-bell-pin/blueprint/print/print.out
  /Users/siruilu/Local/agentFormalization/QICLean/worktrees/area-law-bell-pin/blueprint/print/print.toc

------------
Run number 2 of rule 'pdflatex'
------------
------------
Running 'xelatex -synctex=1  -recorder -output-directory="/Users/siruilu/Local/agentFormalization/QICLean/worktrees/area-law-bell-pin/blueprint/print"  "print.tex"'
------------
This is XeTeX, Version 3.141592653-2.6-0.999998 (TeX Live 2026/Homebrew) (preloaded format=xelatex)
 restricted \write18 enabled.
entering extended mode
(./print.tex
LaTeX2e <2025-11-01>
L3 programming layer <2026-01-19>

(/opt/homebrew/Cellar/texlive/20260301/share/texmf-dist/tex/latex/base/report.c
ls
Document Class: report 2025/01/22 v1.4n Standard LaTeX document class

(/opt/homebrew/Cellar/texlive/20260301/share/texmf-dist/tex/latex/base/size10.c
lo))
(/opt/homebrew/Cellar/texlive/20260301/share/texmf-dist/tex/latex/geometry/geom
etry.sty
(/opt/homebrew/Cellar/texlive/20260301/share/texmf-dist/tex/latex/graphics/keyv
al.sty)
(/opt/homebrew/Cellar/texlive/20260301/share/texmf-dist/tex/generic/iftex/ifvte
x.sty
(/opt/homebrew/Cellar/texlive/20260301/share/texmf-dist/tex/generic/iftex/iftex
.sty)))
(/opt/homebrew/Cellar/texlive/20260301/share/texmf-dist/tex/latex/l3kernel/expl
3.sty
(/opt/homebrew/Cellar/texlive/20260301/share/texmf-dist/tex/latex/l3backend/l3b
ackend-xetex.def))
(/opt/homebrew/Cellar/texlive/20260301/share/texmf-dist/tex/latex/amsfonts/amss
ymb.sty
(/opt/homebrew/Cellar/texlive/20260301/share/texmf-dist/tex/latex/amsfonts/amsf
onts.sty))
(/opt/homebrew/Cellar/texlive/20260301/share/texmf-dist/tex/latex/amscls/amsthm
.sty)
(/opt/homebrew/Cellar/texlive/20260301/share/texmf-dist/tex/latex/mathtools/mat
htools.sty
(/opt/homebrew/Cellar/texlive/20260301/share/texmf-dist/tex/latex/tools/calc.st
y)
(/opt/homebrew/Cellar/texlive/20260301/share/texmf-dist/tex/latex/mathtools/mhs
etup.sty)
(/opt/homebrew/Cellar/texlive/20260301/share/texmf-dist/tex/latex/amsmath/amsma
th.sty
For additional information on amsmath, use the `?' option.

(/opt/homebrew/Cellar/texlive/20260301/share/texmf-dist/tex/latex/amsmath/amste
xt.sty
(/opt/homebrew/Cellar/texlive/20260301/share/texmf-dist/tex/latex/amsmath/amsge
n.sty))
(/opt/homebrew/Cellar/texlive/20260301/share/texmf-dist/tex/latex/amsmath/amsbs
y.sty)
(/opt/homebrew/Cellar/texlive/20260301/share/texmf-dist/tex/latex/amsmath/amsop
n.sty)))
(/opt/homebrew/Cellar/texlive/20260301/share/texmf-dist/tex/latex/pgf/frontendl
ayer/tikz.sty
(/opt/homebrew/Cellar/texlive/20260301/share/texmf-dist/tex/latex/pgf/basiclaye
r/pgf.sty
(/opt/homebrew/Cellar/texlive/20260301/share/texmf-dist/tex/latex/pgf/utilities
/pgfrcs.sty
(/opt/homebrew/Cellar/texlive/20260301/share/texmf-dist/tex/generic/pgf/utiliti
es/pgfutil-common.tex)
(/opt/homebrew/Cellar/texlive/20260301/share/texmf-dist/tex/generic/pgf/utiliti
es/pgfutil-latex.def)
(/opt/homebrew/Cellar/texlive/20260301/share/texmf-dist/tex/generic/pgf/utiliti
es/pgfrcs.code.tex
(/opt/homebrew/Cellar/texlive/20260301/share/texmf-dist/tex/generic/pgf/pgf.rev
ision.tex)))
(/opt/homebrew/Cellar/texlive/20260301/share/texmf-dist/tex/latex/pgf/basiclaye
r/pgfcore.sty
(/opt/homebrew/Cellar/texlive/20260301/share/texmf-dist/tex/latex/graphics/grap
hicx.sty
(/opt/homebrew/Cellar/texlive/20260301/share/texmf-dist/tex/latex/graphics/grap
hics.sty
(/opt/homebrew/Cellar/texlive/20260301/share/texmf-dist/tex/latex/graphics/trig
.sty)
(/opt/homebrew/Cellar/texlive/20260301/share/texmf-dist/tex/latex/graphics-cfg/
graphics.cfg)
(/opt/homebrew/Cellar/texlive/20260301/share/texmf-dist/tex/latex/graphics-def/
xetex.def)))
(/opt/homebrew/Cellar/texlive/20260301/share/texmf-dist/tex/latex/pgf/systemlay
er/pgfsys.sty
(/opt/homebrew/Cellar/texlive/20260301/share/texmf-dist/tex/generic/pgf/systeml
ayer/pgfsys.code.tex
(/opt/homebrew/Cellar/texlive/20260301/share/texmf-dist/tex/generic/pgf/utiliti
es/pgfkeys.code.tex
(/opt/homebrew/Cellar/texlive/20260301/share/texmf-dist/tex/generic/pgf/utiliti
es/pgfkeyslibraryfiltered.code.tex))
(/opt/homebrew/Cellar/texlive/20260301/share/texmf-dist/tex/generic/pgf/systeml
ayer/pgf.cfg)
(/opt/homebrew/Cellar/texlive/20260301/share/texmf-dist/tex/generic/pgf/systeml
ayer/pgfsys-xetex.def
(/opt/homebrew/Cellar/texlive/20260301/share/texmf-dist/tex/generic/pgf/systeml
ayer/pgfsys-dvipdfmx.def
(/opt/homebrew/Cellar/texlive/20260301/share/texmf-dist/tex/generic/pgf/systeml
ayer/pgfsys-common-pdf.def))))
(/opt/homebrew/Cellar/texlive/20260301/share/texmf-dist/tex/generic/pgf/systeml
ayer/pgfsyssoftpath.code.tex)
(/opt/homebrew/Cellar/texlive/20260301/share/texmf-dist/tex/generic/pgf/systeml
ayer/pgfsysprotocol.code.tex))
(/opt/homebrew/Cellar/texlive/20260301/share/texmf-dist/tex/latex/xcolor/xcolor
.sty
(/opt/homebrew/Cellar/texlive/20260301/share/texmf-dist/tex/latex/graphics-cfg/
color.cfg)
(/opt/homebrew/Cellar/texlive/20260301/share/texmf-dist/tex/latex/graphics/math
color.ltx))
(/opt/homebrew/Cellar/texlive/20260301/share/texmf-dist/tex/generic/pgf/basicla
yer/pgfcore.code.tex
(/opt/homebrew/Cellar/texlive/20260301/share/texmf-dist/tex/generic/pgf/math/pg
fmath.code.tex
(/opt/homebrew/Cellar/texlive/20260301/share/texmf-dist/tex/generic/pgf/math/pg
fmathutil.code.tex)
(/opt/homebrew/Cellar/texlive/20260301/share/texmf-dist/tex/generic/pgf/math/pg
fmathparser.code.tex)
(/opt/homebrew/Cellar/texlive/20260301/share/texmf-dist/tex/generic/pgf/math/pg
fmathfunctions.code.tex)
(/opt/homebrew/Cellar/texlive/20260301/share/texmf-dist/tex/generic/pgf/math/pg
fmathfunctions.basic.code.tex)
(/opt/homebrew/Cellar/texlive/20260301/share/texmf-dist/tex/generic/pgf/math/pg
fmathfunctions.trigonometric.code.tex)
(/opt/homebrew/Cellar/texlive/20260301/share/texmf-dist/tex/generic/pgf/math/pg
fmathfunctions.random.code.tex)
(/opt/homebrew/Cellar/texlive/20260301/share/texmf-dist/tex/generic/pgf/math/pg
fmathfunctions.comparison.code.tex)
(/opt/homebrew/Cellar/texlive/20260301/share/texmf-dist/tex/generic/pgf/math/pg
fmathfunctions.base.code.tex)
(/opt/homebrew/Cellar/texlive/20260301/share/texmf-dist/tex/generic/pgf/math/pg
fmathfunctions.round.code.tex)
(/opt/homebrew/Cellar/texlive/20260301/share/texmf-dist/tex/generic/pgf/math/pg
fmathfunctions.misc.code.tex)
(/opt/homebrew/Cellar/texlive/20260301/share/texmf-dist/tex/generic/pgf/math/pg
fmathfunctions.integerarithmetics.code.tex)
(/opt/homebrew/Cellar/texlive/20260301/share/texmf-dist/tex/generic/pgf/math/pg
fmathcalc.code.tex)
(/opt/homebrew/Cellar/texlive/20260301/share/texmf-dist/tex/generic/pgf/math/pg
fmathfloat.code.tex))
(/opt/homebrew/Cellar/texlive/20260301/share/texmf-dist/tex/generic/pgf/math/pg
fint.code.tex)
(/opt/homebrew/Cellar/texlive/20260301/share/texmf-dist/tex/generic/pgf/basicla
yer/pgfcorepoints.code.tex)
(/opt/homebrew/Cellar/texlive/20260301/share/texmf-dist/tex/generic/pgf/basicla
yer/pgfcorepathconstruct.code.tex)
(/opt/homebrew/Cellar/texlive/20260301/share/texmf-dist/tex/generic/pgf/basicla
yer/pgfcorepathusage.code.tex)
(/opt/homebrew/Cellar/texlive/20260301/share/texmf-dist/tex/generic/pgf/basicla
yer/pgfcorescopes.code.tex)
(/opt/homebrew/Cellar/texlive/20260301/share/texmf-dist/tex/generic/pgf/basicla
yer/pgfcoregraphicstate.code.tex)
(/opt/homebrew/Cellar/texlive/20260301/share/texmf-dist/tex/generic/pgf/basicla
yer/pgfcoretransformations.code.tex)
(/opt/homebrew/Cellar/texlive/20260301/share/texmf-dist/tex/generic/pgf/basicla
yer/pgfcorequick.code.tex)
(/opt/homebrew/Cellar/texlive/20260301/share/texmf-dist/tex/generic/pgf/basicla
yer/pgfcoreobjects.code.tex)
(/opt/homebrew/Cellar/texlive/20260301/share/texmf-dist/tex/generic/pgf/basicla
yer/pgfcorepathprocessing.code.tex)
(/opt/homebrew/Cellar/texlive/20260301/share/texmf-dist/tex/generic/pgf/basicla
yer/pgfcorearrows.code.tex)
(/opt/homebrew/Cellar/texlive/20260301/share/texmf-dist/tex/generic/pgf/basicla
yer/pgfcoreshade.code.tex)
(/opt/homebrew/Cellar/texlive/20260301/share/texmf-dist/tex/generic/pgf/basicla
yer/pgfcoreimage.code.tex)
(/opt/homebrew/Cellar/texlive/20260301/share/texmf-dist/tex/generic/pgf/basicla
yer/pgfcoreexternal.code.tex)
(/opt/homebrew/Cellar/texlive/20260301/share/texmf-dist/tex/generic/pgf/basicla
yer/pgfcorelayers.code.tex)
(/opt/homebrew/Cellar/texlive/20260301/share/texmf-dist/tex/generic/pgf/basicla
yer/pgfcoretransparency.code.tex)
(/opt/homebrew/Cellar/texlive/20260301/share/texmf-dist/tex/generic/pgf/basicla
yer/pgfcorepatterns.code.tex)
(/opt/homebrew/Cellar/texlive/20260301/share/texmf-dist/tex/generic/pgf/basicla
yer/pgfcorerdf.code.tex)))
(/opt/homebrew/Cellar/texlive/20260301/share/texmf-dist/tex/generic/pgf/modules
/pgfmoduleshapes.code.tex)
(/opt/homebrew/Cellar/texlive/20260301/share/texmf-dist/tex/generic/pgf/modules
/pgfmoduleplot.code.tex)
(/opt/homebrew/Cellar/texlive/20260301/share/texmf-dist/tex/latex/pgf/compatibi
lity/pgfcomp-version-0-65.sty)
(/opt/homebrew/Cellar/texlive/20260301/share/texmf-dist/tex/latex/pgf/compatibi
lity/pgfcomp-version-1-18.sty))
(/opt/homebrew/Cellar/texlive/20260301/share/texmf-dist/tex/latex/pgf/utilities
/pgffor.sty
(/opt/homebrew/Cellar/texlive/20260301/share/texmf-dist/tex/latex/pgf/utilities
/pgfkeys.sty
(/opt/homebrew/Cellar/texlive/20260301/share/texmf-dist/tex/generic/pgf/utiliti
es/pgfkeys.code.tex))
(/opt/homebrew/Cellar/texlive/20260301/share/texmf-dist/tex/latex/pgf/math/pgfm
ath.sty
(/opt/homebrew/Cellar/texlive/20260301/share/texmf-dist/tex/generic/pgf/math/pg
fmath.code.tex))
(/opt/homebrew/Cellar/texlive/20260301/share/texmf-dist/tex/generic/pgf/utiliti
es/pgffor.code.tex))
(/opt/homebrew/Cellar/texlive/20260301/share/texmf-dist/tex/generic/pgf/fronten
dlayer/tikz/tikz.code.tex
(/opt/homebrew/Cellar/texlive/20260301/share/texmf-dist/tex/generic/pgf/librari
es/pgflibraryplothandlers.code.tex)
(/opt/homebrew/Cellar/texlive/20260301/share/texmf-dist/tex/generic/pgf/modules
/pgfmodulematrix.code.tex)
(/opt/homebrew/Cellar/texlive/20260301/share/texmf-dist/tex/generic/pgf/fronten
dlayer/tikz/libraries/tikzlibrarytopaths.code.tex)))
(/opt/homebrew/Cellar/texlive/20260301/share/texmf-dist/tex/latex/hyperref/hype
rref.sty
(/opt/homebrew/Cellar/texlive/20260301/share/texmf-dist/tex/latex/kvsetkeys/kvs
etkeys.sty)
(/opt/homebrew/Cellar/texlive/20260301/share/texmf-dist/tex/generic/kvdefinekey
s/kvdefinekeys.sty)
(/opt/homebrew/Cellar/texlive/20260301/share/texmf-dist/tex/generic/pdfescape/p
dfescape.sty
(/opt/homebrew/Cellar/texlive/20260301/share/texmf-dist/tex/generic/ltxcmds/ltx
cmds.sty)
(/opt/homebrew/Cellar/texlive/20260301/share/texmf-dist/tex/generic/pdftexcmds/
pdftexcmds.sty
(/opt/homebrew/Cellar/texlive/20260301/share/texmf-dist/tex/generic/infwarerr/i
nfwarerr.sty)))
(/opt/homebrew/Cellar/texlive/20260301/share/texmf-dist/tex/latex/hycolor/hycol
or.sty)
(/opt/homebrew/Cellar/texlive/20260301/share/texmf-dist/tex/latex/hyperref/name
ref.sty
(/opt/homebrew/Cellar/texlive/20260301/share/texmf-dist/tex/latex/refcount/refc
ount.sty)
(/opt/homebrew/Cellar/texlive/20260301/share/texmf-dist/tex/generic/gettitlestr
ing/gettitlestring.sty
(/opt/homebrew/Cellar/texlive/20260301/share/texmf-dist/tex/latex/kvoptions/kvo
ptions.sty)))
(/opt/homebrew/Cellar/texlive/20260301/share/texmf-dist/tex/latex/etoolbox/etoo
lbox.sty)
(/opt/homebrew/Cellar/texlive/20260301/share/texmf-dist/tex/generic/stringenc/s
tringenc.sty)
(/opt/homebrew/Cellar/texlive/20260301/share/texmf-dist/tex/latex/hyperref/pd1e
nc.def)
(/opt/homebrew/Cellar/texlive/20260301/share/texmf-dist/tex/generic/intcalc/int
calc.sty)
(/opt/homebrew/Cellar/texlive/20260301/share/texmf-dist/tex/latex/hyperref/puen
c.def)
(/opt/homebrew/Cellar/texlive/20260301/share/texmf-dist/tex/latex/url/url.sty)
(/opt/homebrew/Cellar/texlive/20260301/share/texmf-dist/tex/generic/bitset/bits
et.sty
(/opt/homebrew/Cellar/texlive/20260301/share/texmf-dist/tex/generic/bigintcalc/
bigintcalc.sty)))
(/opt/homebrew/Cellar/texlive/20260301/share/texmf-dist/tex/latex/hyperref/hxet
ex.def
(/opt/homebrew/Cellar/texlive/20260301/share/texmf-dist/tex/latex/rerunfilechec
k/rerunfilecheck.sty
(/opt/homebrew/Cellar/texlive/20260301/share/texmf-dist/tex/generic/uniquecount
er/uniquecounter.sty)))
(/opt/homebrew/Cellar/texlive/20260301/share/texmf-dist/tex/latex/unicode-math/
unicode-math.sty
(/opt/homebrew/Cellar/texlive/20260301/share/texmf-dist/tex/latex/unicode-math/
unicode-math-xetex.sty
(/opt/homebrew/Cellar/texlive/20260301/share/texmf-dist/tex/latex/l3packages/xp
arse/xparse.sty)
(/opt/homebrew/Cellar/texlive/20260301/share/texmf-dist/tex/latex/l3packages/l3
keys2e/l3keys2e.sty)
(/opt/homebrew/Cellar/texlive/20260301/share/texmf-dist/tex/latex/fontspec/font
spec.sty
(/opt/homebrew/Cellar/texlive/20260301/share/texmf-dist/tex/latex/fontspec/font
spec-xetex.sty
(/opt/homebrew/Cellar/texlive/20260301/share/texmf-dist/tex/latex/base/fontenc.
sty)
(/opt/homebrew/Cellar/texlive/20260301/share/texmf-dist/tex/latex/fontspec/font
spec.cfg)))
(/opt/homebrew/Cellar/texlive/20260301/share/texmf-dist/tex/latex/base/fix-cm.s
ty
(/opt/homebrew/Cellar/texlive/20260301/share/texmf-dist/tex/latex/base/ts1enc.d
ef))
(/opt/homebrew/Cellar/texlive/20260301/share/texmf-dist/tex/latex/unicode-math/
unicode-math-table.tex))) (./macros/common.tex) (./macros/print.tex)
(/Users/siruilu/Local/agentFormalization/QICLean/worktrees/area-law-bell-pin/.d
eps/tenkz/tex/tenkz/tenkz.sty
(/opt/homebrew/Cellar/texlive/20260301/share/texmf-dist/tex/generic/pgf/fronten
dlayer/tikz/libraries/tikzlibrarycalc.code.tex)
(/opt/homebrew/Cellar/texlive/20260301/share/texmf-dist/tex/generic/pgf/librari
es/pgflibraryarrows.meta.code.tex)
(/opt/homebrew/Cellar/texlive/20260301/share/texmf-dist/tex/generic/pgf/fronten
dlayer/tikz/libraries/tikzlibrarybackgrounds.code.tex)
(/opt/homebrew/Cellar/texlive/20260301/share/texmf-dist/tex/generic/pgf/fronten
dlayer/tikz/libraries/tikzlibrarydecorations.pathreplacing.code.tex
(/opt/homebrew/Cellar/texlive/20260301/share/texmf-dist/tex/generic/pgf/fronten
dlayer/tikz/libraries/tikzlibrarydecorations.code.tex
(/opt/homebrew/Cellar/texlive/20260301/share/texmf-dist/tex/generic/pgf/modules
/pgfmoduledecorations.code.tex))
(/opt/homebrew/Cellar/texlive/20260301/share/texmf-dist/tex/generic/pgf/librari
es/decorations/pgflibrarydecorations.pathreplacing.code.tex))
(/opt/homebrew/Cellar/texlive/20260301/share/texmf-dist/tex/generic/pgf/fronten
dlayer/tikz/libraries/tikzlibrarydecorations.markings.code.tex
(/opt/homebrew/Cellar/texlive/20260301/share/texmf-dist/tex/generic/pgf/librari
es/decorations/pgflibrarydecorations.markings.code.tex))
(/opt/homebrew/Cellar/texlive/20260301/share/texmf-dist/tex/generic/pgf/fronten
dlayer/tikz/libraries/tikzlibraryfit.code.tex)
(/opt/homebrew/Cellar/texlive/20260301/share/texmf-dist/tex/generic/pgf/fronten
dlayer/tikz/libraries/tikzlibraryshapes.geometric.code.tex
(/opt/homebrew/Cellar/texlive/20260301/share/texmf-dist/tex/generic/pgf/librari
es/shapes/pgflibraryshapes.geometric.code.tex))
(/opt/homebrew/Cellar/texlive/20260301/share/texmf-dist/tex/latex/hobby/tikzlib
raryhobby.code.tex
(/opt/homebrew/Cellar/texlive/20260301/share/texmf-dist/tex/latex/hobby/pgflibr
aryhobby.code.tex
(/opt/homebrew/Cellar/texlive/20260301/share/texmf-dist/tex/latex/hobby/hobby.c
ode.tex
(/opt/homebrew/Cellar/texlive/20260301/share/texmf-dist/tex/latex/hobby/pml3arr
ay.sty))))
(/opt/homebrew/Cellar/texlive/20260301/share/texmf-dist/tex/latex/spath3/tikzli
braryspath3.code.tex
(/opt/homebrew/Cellar/texlive/20260301/share/texmf-dist/tex/latex/spath3/spath3
.sty))
(/opt/homebrew/Cellar/texlive/20260301/share/texmf-dist/tex/generic/pgf/fronten
dlayer/tikz/libraries/tikzlibraryintersections.code.tex
(/opt/homebrew/Cellar/texlive/20260301/share/texmf-dist/tex/generic/pgf/librari
es/pgflibraryintersections.code.tex
(/opt/homebrew/Cellar/texlive/20260301/share/texmf-dist/tex/generic/pgf/librari
es/pgflibraryfpu.code.tex)))
(/Users/siruilu/Local/agentFormalization/QICLean/worktrees/area-law-bell-pin/.d
eps/tenkz/tex/tenkz/tenkz-language.code.tex
(/Users/siruilu/Local/agentFormalization/QICLean/worktrees/area-law-bell-pin/.d
eps/tenkz/tex/tenkz/tenkz-language-registry.tex))
(/Users/siruilu/Local/agentFormalization/QICLean/worktrees/area-law-bell-pin/.d
eps/tenkz/tex/tenkz/tenkz-model.code.tex)
(/Users/siruilu/Local/agentFormalization/QICLean/worktrees/area-law-bell-pin/.d
eps/tenkz/tex/tenkz/tenkz-core.code.tex)
(/Users/siruilu/Local/agentFormalization/QICLean/worktrees/area-law-bell-pin/.d
eps/tenkz/tex/tenkz/tenkz-metric.code.tex)
(/Users/siruilu/Local/agentFormalization/QICLean/worktrees/area-law-bell-pin/.d
eps/tenkz/tex/tenkz/tenkz-geometry.code.tex)
(/Users/siruilu/Local/agentFormalization/QICLean/worktrees/area-law-bell-pin/.d
eps/tenkz/tex/tenkz/tenkz-string.code.tex)
(/Users/siruilu/Local/agentFormalization/QICLean/worktrees/area-law-bell-pin/.d
eps/tenkz/tex/tenkz/tenkz-tree.code.tex)
(/Users/siruilu/Local/agentFormalization/QICLean/worktrees/area-law-bell-pin/.d
eps/tenkz/tex/tenkz/tenkz-render.code.tex)
(/Users/siruilu/Local/agentFormalization/QICLean/worktrees/area-law-bell-pin/.d
eps/tenkz/tex/tenkz/tenkz-kernel.code.tex
(/Users/siruilu/Local/agentFormalization/QICLean/worktrees/area-law-bell-pin/.d
eps/tenkz/tex/tenkz/tenkz-kernel-language.code.tex)
(/Users/siruilu/Local/agentFormalization/QICLean/worktrees/area-law-bell-pin/.d
eps/tenkz/tex/tenkz/tenkz-kernel-policy.code.tex)
(/Users/siruilu/Local/agentFormalization/QICLean/worktrees/area-law-bell-pin/.d
eps/tenkz/tex/tenkz/tenkz-kernel-resolve.code.tex)
(/Users/siruilu/Local/agentFormalization/QICLean/worktrees/area-law-bell-pin/.d
eps/tenkz/tex/tenkz/tenkz-kernel-ink.code.tex)
(/Users/siruilu/Local/agentFormalization/QICLean/worktrees/area-law-bell-pin/.d
eps/tenkz/tex/tenkz/tenkz-kernel-annotate.code.tex)
(/Users/siruilu/Local/agentFormalization/QICLean/worktrees/area-law-bell-pin/.d
eps/tenkz/tex/tenkz/tenkz-kernel-surface.code.tex))) (./macros/diagrams.tex
(/opt/homebrew/Cellar/texlive/20260301/share/texmf-dist/tex/latex/tikz-cd/tikz-
cd.sty
(/opt/homebrew/Cellar/texlive/20260301/share/texmf-dist/tex/generic/tikz-cd/tik
zlibrarycd.code.tex
(/opt/homebrew/Cellar/texlive/20260301/share/texmf-dist/tex/generic/pgf/fronten
dlayer/tikz/libraries/tikzlibrarymatrix.code.tex)
(/opt/homebrew/Cellar/texlive/20260301/share/texmf-dist/tex/generic/pgf/fronten
dlayer/tikz/libraries/tikzlibraryquotes.code.tex))))
(/Users/siruilu/Local/agentFormalization/QICLean/worktrees/area-law-bell-pin/bl
ueprint/print/print.aux)
*geometry* driver: auto-detecting
*geometry* detected driver: xetex

(/Users/siruilu/Local/agentFormalization/QICLean/worktrees/area-law-bell-pin/bl
ueprint/print/print.out)
(/Users/siruilu/Local/agentFormalization/QICLean/worktrees/area-law-bell-pin/bl
ueprint/print/print.out)
(/opt/homebrew/Cellar/texlive/20260301/share/texmf-dist/tex/latex/amsfonts/umsa
.fd)
(/opt/homebrew/Cellar/texlive/20260301/share/texmf-dist/tex/latex/amsfonts/umsb
.fd) [1]
(/Users/siruilu/Local/agentFormalization/QICLean/worktrees/area-law-bell-pin/bl
ueprint/print/print.toc [1] [2] [3] [4] [5] [6]) (./content.tex
(./chapter/ch01_deconstructing_quantum.tex [7]
Chapter 1.
(./chapter/ch01_states.tex
Overfull \hbox (8.30865pt too wide) in paragraph at lines 7--13
[][]\TU/lmr/bx/n/10 Definition 1.1.1 \TU/lmr/m/n/10 (Schmidt decomposition)\TU/
lmr/bx/n/10 . [][][] [][][] [][] [][][] \TU/lmr/m/n/10 For $[] [] [][] [] [][]$
 with $[] [] [][][][][] [][][]$,
[8] [9]) (./chapter/ch01_shifted_density_powers.tex [10])
(./chapter/ch01_shifted_density_truncation.tex [11] [12])
(./chapter/ch01_shifted_power_derivative.tex [13])
(./chapter/ch01_positive_maps.tex [14] [15]
Overfull \hbox (0.76086pt too wide) in paragraph at lines 323--327
[][]\TU/lmr/bx/n/10 Definition 1.8.9 \TU/lmr/m/n/10 (State-preparation map)\TU/
lmr/bx/n/10 . [][][] [][][] [][] [][][] \TU/lmr/m/n/10 Let $[]$ be a matrix on 
a finite-dimensional
[16]
Overfull \hbox (4.87057pt too wide) in paragraph at lines 385--388
[][]\TU/lmr/bx/n/10 Theorem 1.9.3 \TU/lmr/m/n/10 (Trace of the maximally mixed 
matrix)\TU/lmr/bx/n/10 . [][][] [][][] [][] [][][] \TU/lmr/m/it/10 If $[] [] []
$, then $[][][][][][][] []
[17] [18] [19]
Overfull \hbox (0.73889pt too wide) in paragraph at lines 762--772
[][]\TU/lmr/bx/n/10 Lemma 1.9.15 \TU/lmr/m/n/10 (Reconstructing a Kraus map fro
m $[][]$)\TU/lmr/bx/n/10 . [][][] [][][] [][] [][][] \TU/lmr/m/it/10 Let $[][]$
 be as in Lemma [][]1.9.12[][]

Overfull \hbox (28.53387pt too wide) in paragraph at lines 774--777
[] [][][] \TU/lmr/m/n/10 Both sides expand, entry by entry, to the same double 
sum $[] [][] [][] [] [][] [][][][][] [][]$.
[20] [21] [22] [23] [24] [25]
Overfull \hbox (5.29309pt too wide) in paragraph at lines 1340--1344
[] [][][] \TU/lmr/m/n/10 For every $[][][] [][]$ and $[] [] []$, the zero-exten
ded operator satisfies $[][][][][][] []
[26]
Overfull \hbox (0.58412pt too wide) in paragraph at lines 1512--1516
[] [][][] \TU/lmr/m/n/10 Since $[]$ is Hermitian and $[][] [] []$, the diagonal
 entries of the sum are $[][] [][][] []
) (./chapter/ch01_spectrum_and_wigner.tex [27] [28] [29] [30] [31] [32])
(./chapter/ch01_cyclic_trace_power.tex) (./chapter/ch01_coherent_frames.tex
[33])) (./chapter/ch02_channels.tex [34]
Chapter 2.
(./chapter/ch02_channels_positive_map_and_channel_foundations.tex [35] [36])
(./chapter/ch02_channels_rectangular_kraus_maps.tex [37]
Overfull \hbox (4.21751pt too wide) in paragraph at lines 88--93
[][]\TU/lmr/bx/n/10 Theorem 2.5.8 \TU/lmr/m/n/10 (Trace preservation from a Kra
us resolution)\TU/lmr/bx/n/10 . [][][] [][][] [][] [][][] []\TU/lmr/m/it/10 Eve
ry trace-preserving
[38]
Overfull \hbox (6.7766pt too wide) in paragraph at lines 148--148
[]\TU/lmr/bx/n/14.4 The Choi–Jamiolkowski representation of maps between
[39] [40]
Overfull \hbox (19.3712pt too wide) in paragraph at lines 420--428
[][]\TU/lmr/bx/n/10 Theorem 2.7.1 \TU/lmr/m/n/10 (Kraus normalization condition
s)\TU/lmr/bx/n/10 . [][][] [][][] [][][][] [][][] [][][][] [][][] [][] [][][] [
]\TU/lmr/m/it/10 Let $[][][][] [] [][] [][][][][]$
[41]) (./chapter/ch02_channels_tensor_maps_and_controlled_trace.tex [42])
(./chapter/ch02_channels_transfer_map_foundations.tex [43] [44])
(./chapter/ch02_channels_peripheral_spectrum_and_primitivity.tex [45] [46]
[47] [48] [49]
Overfull \hbox (8.69438pt too wide) in paragraph at lines 488--494
[][]\TU/lmr/bx/n/10 Lemma 2.13.2.1 \TU/lmr/m/n/10 (Peripheral closure via adjoi
nt fixed point)\TU/lmr/bx/n/10 . [][][] [][][] [][] [][][] [][][][]\TU/lmr/m/it
/10 Let $[][][][] [] [][] [][][][][]$

Overfull \hbox (0.28438pt too wide) in paragraph at lines 535--544
[][]\TU/lmr/bx/n/10 Theorem 2.13.2.2 \TU/lmr/m/n/10 (Roots of unity via adjoint
 fixed point)\TU/lmr/bx/n/10 . [][][] [][][] [][] [][][] [][][][][]\TU/lmr/m/it
/10 Let $[][][][] [] [][] [][][][][]$
[50] [51])) (./chapter/ch03_channel_representations.tex [52]
Chapter 3.
(./chapter/ch03_channel_representations_choi_foundations.tex
Overfull \hbox (1.66296pt too wide) in paragraph at lines 16--22
\TU/lmr/m/n/10 When $[] [] []$, this is the \TU/lmr/m/it/10 maximally entangled
 state\TU/lmr/m/n/10 : a rank-one projector with $[][][][] [][][][][] []
[53] [54]) (./chapter/ch03_channel_representations_rectangular_choi_bounds.tex
[55]
Overfull \hbox (7.94478pt too wide) in paragraph at lines 83--87
[][]\TU/lmr/bx/n/10 Definition 3.2.5 \TU/lmr/m/n/10 (Hilbert–Schmidt contractio
n)\TU/lmr/bx/n/10 . [][][] [][][] [][] [][][] \TU/lmr/m/n/10 A complex-linear m
ap $[] [] [][][][][] []
)
(./chapter/ch03_channel_representations_no_information_without_disturbance.tex
[56]) (./chapter/ch03_channel_representations_choi_and_kraus.tex [57] [58]
[59] [60] [61] [62]
Overfull \hbox (11.82436pt too wide) in paragraph at lines 778--783
[][]\TU/lmr/bx/n/10 Theorem 3.7.4 \TU/lmr/m/n/10 (Unitality implies Kraus unita
l normalization)\TU/lmr/bx/n/10 . [][][] [][][] [][] [][][] []\TU/lmr/m/it/10 I
f $[][][][] [] [][] [][][][][]$
[63] [64]) (./chapter/ch03_channel_representations_kraus_iterate_choi.tex
[65] [66]) (./chapter/ch03_channel_representations_ensemble_equivalence.tex
[67]
Overfull \hbox (0.58437pt too wide) in paragraph at lines 128--132
[]\TU/lmr/m/n/10 Conversely, a unitary $[]$ satisfies $[][][] [] []$, so Theore
m [][]3.6.6[][] gives $[][] [][][][] [][][][] [] [][] [][][][] [][][][]$.
) (./chapter/ch03_channel_representations_hermitian_intertwiners.tex [68])
(./chapter/ch03_channel_representations_dilations_and_ordered_cp.tex [69]
[70] [71]
Overfull \hbox (3.29pt too wide) in paragraph at lines 292--292
[]\TU/lmr/bx/n/14.4 Ordered CP maps, Radon–Nikodym, and open-system
[72] [73] [74]
Overfull \hbox (1.84756pt too wide) in paragraph at lines 679--690
[][]\TU/lmr/bx/n/10 Corollary 3.12.15 \TU/lmr/m/n/10 (Square-algebra Radon–Niko
dym theorem)\TU/lmr/bx/n/10 . [][][] [][][] [][] [][][] []\TU/lmr/m/it/10 Let $
[]$ be a nonempty
[75]
Overfull \hbox (11.32751pt too wide) in paragraph at lines 795--799
[][]\TU/lmr/bx/n/10 Lemma 3.12.21 \TU/lmr/m/n/10 (First environment embedding i
s an isometry)\TU/lmr/bx/n/10 . [][][] [][][] [][] [][][] []\TU/lmr/m/it/10 The
 first-environment
[76] [77] [78] [79] [80] [81])
(./chapter/ch03_channel_representations_normal_forms_and_determinant.tex
[82] [83] [84] [85] [86] [87] [88] [89] [90]
Overfull \hbox (27.40834pt too wide) in paragraph at lines 1026--1031
\TU/lmr/m/n/10 nates used immediately before [[], Eq. (2.41)]; see also the loc
al source $[][][][][] [] [][][][][][][][][][][][][][][][][] []
[91] [92] [93] [94]
Overfull \hbox (15.74634pt too wide) in paragraph at lines 1439--1446
[]\TU/lmr/m/n/10 Thus $[]$ maps the positive-semidefinite cone onto itself. The
 already formalized cone/rank/Wigner
[95] [96]) (./chapter/ch03_channel_representations_determinant_choi_bound.tex
[97]
Overfull \hbox (8.04791pt too wide) in paragraph at lines 53--59
\TU/lmr/m/n/10 Substituting $[][][][] [][][]$ for the row pair and $[][][][] []
[][]$ for the column pair in ([][]3.120[][]) gives $[][][][][][][][][]$,
) (./chapter/ch03_channel_representations_self_dual.tex [98]
Overfull \hbox (8.98033pt too wide) in paragraph at lines 60--66
[][]\TU/lmr/bx/n/10 Theorem 3.19.4 \TU/lmr/m/n/10 (Transfer matrix of a Kraus r
epresentation)\TU/lmr/bx/n/10 . [][][] [][][] [][] [][][] []\TU/lmr/m/it/10 If 
$[][][][] [] [][] [][][][][]$,
[99] [100] [101])
(./chapter/ch03_channel_representations_transfer_matrix_identities.tex [102])
(./chapter/ch03_channel_representations_sic_povms.tex [103] [104] [105]
[106])) (./chapter/ch04_positive_not_cp.tex [107]
Chapter 4.
(./chapter/ch04_positive_not_cp_trace_normalization_and_lorentz_cone.tex
[108]) (./chapter/ch04_positive_not_cp_two_positive_schmidt_and_choi.tex

Package hyperref Warning: Token not allowed in a PDF string (Unicode):
(hyperref)                removing `math shift' on input line 1.


Package hyperref Warning: Token not allowed in a PDF string (Unicode):
(hyperref)                removing `math shift' on input line 1.

[109] [110] [111] [112] [113] [114]
Overfull \hbox (1.33026pt too wide) in paragraph at lines 743--748
[] [][][] \TU/lmr/m/n/10 The forward direction is Theorem [][]4.2.3.8[][]. The 
reverse direction is Theorem [][]4.2.3.9[][].
[115]) (./chapter/ch04_positive_not_cp_npositivity_infimum.tex [116] [117])
(./chapter/ch04_positive_not_cp_positivity_reduction_and_breuer_hall.tex
[118] [119] [120] [121] [122] [123] [124]
Overfull \hbox (7.63916pt too wide) in paragraph at lines 751--758
[] [][][] []\TU/lmr/m/n/10 A positive semidefinite matrix is a sum of rank-one 
operators $[][][][][][]$. By Lemma [][]4.7.2[][]
[125]) (./chapter/ch04_positive_not_cp_choi_and_decomposable_maps.tex [126]
[127] [128] [129]
Overfull \hbox (5.33284pt too wide) in paragraph at lines 402--411
[]\TU/lmr/m/n/10 The comparison cannot in general be made strict. For $[][][] [
][] [][] [] [][][] [][] [][]$ and $[] [] [][][] [][] [][] [][] [][]$,
[130] [131] [132] [133] [134] [135] [136] [137] [138] [139] [140])
(./chapter/ch04_positive_not_cp_ppt_and_separable_states.tex [141] [142]
Overfull \hbox (3.90086pt too wide) in paragraph at lines 211--219
\TU/lmr/m/n/10 A bipartite state is separable when it is a convex combination o
f pure product states $[][] [][] [][][][][][][][] []
[143]) (./chapter/ch04_positive_not_cp_schmidt_number_and_entanglement.tex
[144] [145] [146]) (./chapter/ch04_positive_not_cp_kramers_degeneracy.tex
[147] [148])) (./chapter/ch04_positive_not_cp_supporting_results.tex [149]
Overfull \hbox (3.34654pt too wide) in paragraph at lines 185--189
[][]\TU/lmr/bx/n/10 Lemma 4.17.2 \TU/lmr/m/n/10 (Rank factorization through a c
oordinate space)\TU/lmr/bx/n/10 . [][][] [][][] [][] [][][] \TU/lmr/m/it/10 If 
$[] [] [][][][][][][][]$
[150]
Overfull \hbox (7.86009pt too wide) in paragraph at lines 264--269
[] [][][] \TU/lmr/m/n/10 The eigenvectors form an orthonormal basis, so with $[
] [] [][][]$ one has $[][] [][][][][][][][][] []
[151]
Overfull \hbox (7.40033pt too wide) in paragraph at lines 331--340
\TU/lmr/m/n/10 Choi criterion, the rectangular compression criterion, and the r
ank-$[]$ projection criterion. Through-
[152] [153] [154]
Overfull \hbox (0.84254pt too wide) in paragraph at lines 680--684
[][]\TU/lmr/bx/n/10 Lemma 4.19.16 \TU/lmr/m/n/10 (Rank-$[]$ Hermitian projectio
n factorization)\TU/lmr/bx/n/10 . [][][] [][][] [][] [][][] \TU/lmr/m/it/10 Let
 $[] [] [][][][][][][][]$

Package hyperref Warning: Token not allowed in a PDF string (Unicode):
(hyperref)                removing `math shift' on input line 703.


Package hyperref Warning: Token not allowed in a PDF string (Unicode):
(hyperref)                removing `math shift' on input line 703.

[155]
Overfull \hbox (9.13817pt too wide) in paragraph at lines 796--796
[]\TU/lmr/bx/n/14.4 Schmidt-number geometry and entanglement witnesses 
[156] [157]) (./chapter/ch04_convex_structure.tex [158]
Chapter 5.
[159] [160]
Overfull \hbox (0.17003pt too wide) in paragraph at lines 312--325
[] [][][] []\TU/lmr/m/n/10 The equality constraints and equality of the objecti
ves give $[][][][][] [] [][] [][][][][][][][] []
) (./chapter/ch05_schwarz.tex [161]
Chapter 6.
(./chapter/ch05_schwarz_ft_core.tex [162] [163])
(./chapter/ch05_schwarz_retractions_and_peripheral_equality.tex [164] [165])
(./chapter/ch05_schwarz_douglas.tex [166])
(./chapter/ch05_schwarz_schur_complement.tex)
(./chapter/ch05_schwarz_abstract_domains_and_order.tex [167] [168] [169]
[170] [171]
Overfull \hbox (41.15291pt too wide) in paragraph at lines 495--501
\TU/lmr/m/it/10 This is the pseudoinverse-free form of [[], Eq. (5.4)]: the usu
al statement $[][][][][][] [][][][][][][][][][][][][] []

Overfull \hbox (2.29807pt too wide) in paragraph at lines 506--517
\TU/lmr/m/n/10 Evaluating the PSD quadratic form on the vector $[][][] [][][]$ 
and using the side condition $[][][][][][][] []
[172]
Overfull \hbox (7.76178pt too wide) in paragraph at lines 644--649
[][]\TU/lmr/bx/n/10 Definition 6.9.2.7 \TU/lmr/m/n/10 (Per-$[]$ Schwarz hypothe
sis)\TU/lmr/bx/n/10 . [][][] [][][] [][] [][][] []\TU/lmr/m/n/10 A complex-line
ar map $[] [] [][][][][] []

Overfull \hbox (2.08957pt too wide) in paragraph at lines 693--701
[][]\TU/lmr/bx/n/10 Theorem 6.9.2.10 \TU/lmr/m/n/10 (Equality in the operator S
chwarz inequality)\TU/lmr/bx/n/10 . [][][] [][][] [][] [][][] [][]\TU/lmr/m/it/
10 Let $[] [] [][][][][] []
[173])) (./chapter/ch05_schwarz_supporting_results.tex
Overfull \hbox (3.5749pt too wide) in paragraph at lines 49--53
[][]\TU/lmr/bx/n/10 Theorem 6.11.3 \TU/lmr/m/n/10 (Nondegeneracy of the trace p
airing)\TU/lmr/bx/n/10 . [][][] [][][] [][] [][][] \TU/lmr/m/it/10 For $[] [] [
][][][][]$, $[][][][][] []
[174] [175]
Overfull \hbox (4.08379pt too wide) in paragraph at lines 287--287
[]\TU/lmr/bx/n/14.4 Faithful weighted traces and peripheral Schwarz equal-
[176]) (./chapter/ch06_operator_convexity.tex [177]
Chapter 7.
(./chapter/ch06_operator_convexity_schwarz_and_jensen.tex [178] [179] [180]
[181] [182] [183] [184])
(./chapter/ch06_operator_convexity_lieb_and_resolvent.tex [185] [186]
Overfull \hbox (2.84213pt too wide) in paragraph at lines 266--281
\TU/lmr/m/it/10 matrix $[]$, and positive-\TU/lmr/m/n/10 semidefinite \TU/lmr/m
/it/10 matrices $[][][] [][][] [][][] [][]$, the map $[][][] [][] [] [] [][][][
][][][][][][]$
[187] [188]) (./chapter/ch06_operator_convexity_matrix_means.tex
Overfull \hbox (5.76697pt too wide) in paragraph at lines 37--40
[]\TU/lmr/m/it/10 for $[] [] [] [] []$ the mean is monotone in each argument, a
nd for every vector $[]$, $[][][] [][][][][][][][] []
[189] [190]
Overfull \hbox (13.00826pt too wide) in paragraph at lines 197--206
[] [][][] []\TU/lmr/m/n/10 By the chain rule, $[][][][][][] [] [][][][][][][][]
[][][][][][][][]$ with $[] [] [][][][][]$,
[191]
Overfull \hbox (11.05424pt too wide) in paragraph at lines 279--281
\TU/lmr/m/n/10 For $[] [] [] [] [][][]$ let $[][][][][] [] [][][][][][] [][][][
][][]$ with $[][][][][] [] [][]$, and $[][][][][] [] [][][][][][][][][][][][][]
[] []
[192])) (./chapter/ch07_qpf.tex [193]
Chapter 8.
(./chapter/ch07_qpf_cesaro_fixed_points.tex
Overfull \hbox (29.7827pt too wide) in paragraph at lines 45--49
[] [][][] \TU/lmr/m/n/10 Pigeonhole principle on the integer lattice of side $[
][]$: the $[][] [] []$ points $[][][][][][][] [] [] [][][][][][]$
[194] [195] [196] [197]) (./chapter/ch07_qpf_weighted_cesaro.tex [198] [199])
[200] [201] [202] [203] [204] [205] [206] [207] [208]
Overfull \hbox (2.23955pt too wide) in paragraph at lines 1037--1043
[][]\TU/lmr/bx/n/10 Theorem 8.9.8 \TU/lmr/m/n/10 (Eigenvalue $[]$ for positive 
trace-preserving maps)\TU/lmr/bx/n/10 . [][][] [][][] [][] [][][] [][]\TU/lmr/m
/it/10 Let $[] [] [][][][][] []
[209]
Overfull \hbox (5.01353pt too wide) in paragraph at lines 1228--1243
[][]\TU/lmr/bx/n/10 Theorem 8.12.1 \TU/lmr/m/n/10 (Positive fixed-point decompo
sition)\TU/lmr/bx/n/10 . [][][] [][][] [][] [][] [][][] [][] [][] [][][] [][] [
][][] [][]\TU/lmr/m/it/10 Let $[] [] [] [][][][][] []
[210] (./chapter/ch07_qpf_irreducibility_and_ergodicity.tex [211] [212]
[213])) (./chapter/ch07_qpf_supporting_results.tex [214]
Overfull \hbox (1.41978pt too wide) in paragraph at lines 6--6
[]\TU/lmr/bx/n/14.4 Density matrices, Brouwer’s theorem, and Cesàro lim-
[215] [216] [217] [218]) (./chapter/ch08_spectral.tex [219]
Chapter 9.
(./chapter/ch08_spectral_ft_peripheral_cyclic.tex [220] [221])
(./chapter/ch08_spectral_supporting_results.tex [222] [223] [224] [225]))
(./chapter/ch09_channel_asymptotics.tex [226]
Chapter 10.
(./chapter/ch09_channel_asymptotics_jordan_block_power.tex [227])
(./chapter/ch09_channel_asymptotics_upper_triangular_power.tex [228] [229]
[230]) (./chapter/ch09_channel_asymptotics_detailed_balance.tex [231])
(./chapter/ch09_channel_asymptotics_mean_ergodic.tex [232] [233] [234])
(./chapter/ch09_channel_asymptotics_fixed_point_algebras.tex [235])
(./chapter/ch09_channel_asymptotics_fixed_points_and_wedderburn_i.tex [236]
[237] [238] [239] [240] [241] [242] [243] [244]
Overfull \hbox (11.51134pt too wide) in paragraph at lines 982--989
[] [][][] []\TU/lmr/m/n/10 Each pair $[] [] [][]$, $[][] [] [][]$ is of differe
nt type, hence orthogonal by Lemma [][]10.5.22[][].
) (./chapter/ch09_channel_asymptotics_wedderburn_ii.tex [245]
Overfull \hbox (8.43947pt too wide) in paragraph at lines 35--39
[]\TU/lmr/m/n/10 Finally, let $[] [] [][]$ and $[][] [] [][]$ be irreducible un
der $[]$, with $[][] [] [][]$. By Lemma [][]10.5.24[][],
[246] [247]
Overfull \hbox (27.08902pt too wide) in paragraph at lines 176--184
[][]\TU/lmr/bx/n/10 Lemma 10.6.5 \TU/lmr/m/n/10 (Unitary change of basis to blo
ck-diagonal form)\TU/lmr/bx/n/10 . [][][] [][][] [][] [][][] \TU/lmr/m/it/10 Le
t $[][][][][]$
[248] [249] [250] [251] [252] [253] [254])
(./chapter/ch09_channel_asymptotics_corner_and_overlap_decompositions.tex
[255] [256] [257])
(./chapter/ch09_channel_asymptotics_direct_sum_schwarz_maps.tex [258] [259]
Overfull \hbox (3.03027pt too wide) in paragraph at lines 188--201
[] [][][] \TU/lmr/m/n/10 Complete positivity and trace preservation make both t
race adjoints unital Schwarz
[260] [261] [262] [263]

Package hyperref Warning: Token not allowed in a PDF string (Unicode):
(hyperref)                removing `math shift' on input line 616.


Package hyperref Warning: Token not allowed in a PDF string (Unicode):
(hyperref)                removing `math shift' on input line 616.

[264])
(./chapter/ch09_channel_asymptotics_direct_sum_corners_and_maximal_support.tex
[265] [266]
Overfull \hbox (1.70528pt too wide) in paragraph at lines 194--196
[]\TU/lmr/m/n/10 Closure under multiplication transports back through the corre
spondence. A corner-supported
[267] [268] [269] [270])
(./chapter/ch09_channel_asymptotics_fixed_point_structure_and_cycles.tex
[271] [272] [273]
Overfull \hbox (31.08292pt too wide) in paragraph at lines 346--352
[] [][][] []\TU/lmr/m/n/10 In the spectral decomposition $[] [] [] [][][][][][]
$, the support projection is $[] [][][][][][][]$.
[274]
Overfull \hbox (137.52632pt too wide) in paragraph at lines 485--490
[]\TU/lmr/m/n/10 The declarations \TU/lmtt/m/n/10 Kraus.maximalSupport_of_maxim
alRank \TU/lmr/m/n/10 and \TU/lmtt/m/n/10 Kraus.exists_weightedCorner_sqrt_eq_o
f_maximalRank

Overfull \hbox (15.73227pt too wide) in paragraph at lines 501--505
[][]\TU/lmr/bx/n/10 Definition 10.12.1 \TU/lmr/m/n/10 (Exact Kraus word spans)\
TU/lmr/bx/n/10 . [][][] [][][] [][] [][][] \TU/lmr/m/n/10 For a finite Kraus fa
mily $[][][] [] [] [][] []
[275]
Overfull \hbox (11.32634pt too wide) in paragraph at lines 567--571
\TU/lmr/m/n/10 This section develops the block-permutation structure underlying
 the cycle decomposition of [[],
[276] [277] [278]
Overfull \hbox (26.44983pt too wide) in paragraph at lines 1006--1012
[]\TU/lmr/m/it/10 The compiled statement retains the equivalence $[][]$ and the
 literal zero extension $[][][][] [][] [][] [][]$
[279] [280])) (./chapter/ch09_channel_asymptotics_supporting_results.tex
[281] [282]) (./chapter/ch10_wielandt.tex [283]
Chapter 11.
(./chapter/ch10_wielandt_cumulative_bound.tex
Overfull \hbox (35.38342pt too wide) in paragraph at lines 60--65
[] [][][] []\TU/lmr/m/n/10 Expand the Kraus representation of the $[]$-fold ite
rate. Each summand is $[][][][][] [][][][][][][][] []
[284] [285] [286] [287] [288])) (./chapter/ch10_wielandt_supporting_results.tex
 [289] [290]) (./chapter/ch11_semigroup.tex [291]
Chapter 12.
(./chapter/ch11_semigroup_hermitian_paths.tex [292])
(./chapter/ch11_semigroup_dynamics_and_gksl.tex [293]
Overfull \hbox (20.50978pt too wide) in paragraph at lines 27--30
[][]\TU/lmr/bx/n/10 Definition 12.3.3 \TU/lmr/m/n/10 (Exponential semigroup)\TU
/lmr/bx/n/10 . [][][] [][][] [][][][] [][][] [][] [][][] \TU/lmr/m/n/10 Given a
 generator $[] [] [][][][][][][][][]$,
[294] [295] [296]
Overfull \hbox (8.99596pt too wide) in paragraph at lines 499--508
[] [][][] \TU/lmr/m/n/10 Let $[][][][] [] [][] [][][][][]$. By the cyclic prope
rty of trace, $[][][][][][][] [] [][][][][] [][][][][][][] []
[297] [298] [299] [300] [301])
(./chapter/ch11_semigroup_dissipation_and_primitivity.tex [302] [303] [304]
[305] [306]) (./chapter/ch11_semigroup_adjoint_kernel_and_reducibility.tex
[307] [308] [309]
Overfull \hbox (13.29822pt too wide) in paragraph at lines 355--365
[] [][][] \TU/lmr/m/n/10 The block-upper-triangular structure implies $[]$ pres
erves the compression $[][][][][][][]$.
[310] [311]
Overfull \hbox (8.15552pt too wide) in paragraph at lines 648--655
[][]\TU/lmr/bx/n/10 Theorem 12.9.1.16 \TU/lmr/m/n/10 (Large Kossakowski rank im
plies non-reducibility)\TU/lmr/bx/n/10 . [][][] [][][] [][] [][][] [][][][][][]
\TU/lmr/m/it/10 If $[][][][] []
[312])) (./chapter/ch12_entropy.tex [313]
Chapter 13.
(./chapter/ch12_entropy_trace_norm.tex [314] [315] [316]
Overfull \hbox (5.46825pt too wide) in paragraph at lines 455--463
[] [][][] [][][]\TU/lmr/m/n/10 Let $[][]$ be the support projection of $[][][][
][]$ from Lemma [][]13.1.14[][], so that $[][][][][][] []
[317] [318] [319] [320] [321]) (./chapter/ch12_polar_unitary_correction.tex
[322]) (./chapter/ch12_rectangular_windows.tex [323] [324])
(./chapter/ch12_entropy_majorization.tex)
(./chapter/ch12_entropy_von_neumann_and_relative_i.tex [325] [326] [327]
[328] [329] [330] [331] [332])
(./chapter/ch12_entropy_von_neumann_and_relative_ii.tex [333] [334] [335]
[336] [337] [338] [339] [340]
Overfull \hbox (0.6799pt too wide) in paragraph at lines 1010--1020
[] [][][] [][][]\TU/lmr/m/n/10 Kernel inclusion descends through the partial tr
ace, giving $[][][][] [][] [] [][][][] [][]$.
[341] [342]) (./chapter/ch12_entropy_tripartite_and_ssa_i.tex [343] [344]
[345] [346] [347] [348] [349] [350] [351]
Overfull \hbox (6.02043pt too wide) in paragraph at lines 1009--1015
\TU/lmr/m/it/10 This is the source-$[]$ pointwise-vanishing passage in Jenčová–
Ruskai, arXiv:0903.2895v4, lines 433–
[352] [353]) (./chapter/ch12_entropy_tripartite_and_ssa_ii.tex [354] [355]
[356] [357] [358]
Overfull \hbox (3.43794pt too wide) in paragraph at lines 605--612
[][]\TU/lmr/bx/n/10 Lemma 13.8.39 \TU/lmr/m/n/10 (Relative modular square-root 
ratio on the support)\TU/lmr/bx/n/10 . [][][] [][][] [][] [][][] []\TU/lmr/m/it
/10 Let $[][] [][] [][] []$
[359] [360] [361] [362] [363] [364] [365] [366] [367] [368] [369] [370]
[371] [372]
Overfull \hbox (24.00725pt too wide) in paragraph at lines 2195--2208
[][]$\TU/lmr/m/n/10 . The von Neumann entropy of a weighted orthogonal direct s
um is $[][][][] [][] [][][] [] [] [][] [][] [] [][] []
[373]) (./chapter/ch12_entropy_mutual_information.tex [374]
Overfull \hbox (14.84778pt too wide) in paragraph at lines 118--118
[]\TU/lmr/bx/n/14.4 Mutual information: monotonicity and area-law bound 
[375]) (./chapter/ch12_entropy_data_processing.tex)
(./chapter/ch12_entropy_conditional_continuity.tex [376] [377])
(./chapter/ch12_entropy_classical_operator_schmidt_and_renyi.tex [378] [379]
Overfull \hbox (13.46095pt too wide) in paragraph at lines 159--168
[]\TU/lmr/m/n/10 The minimality theorem at the preceding definition proves that
 the range dimension $[] [] [][]$
[380] [381] [382] [383] [384]
Overfull \hbox (1.78531pt too wide) in paragraph at lines 761--765
\TU/lmr/m/it/10 Thus this theorem reduces the singular-reference case to the fa
ithful comparison. Theorem [][]13.15.14[][]
[385] [386] [387] [388]) (./chapter/ch12_entropy_finite_product.tex [389]
[390]) (./chapter/ch12_entropy_conditional_two_families.tex)
(./chapter/ch12_entropy_physical_buffer_overlap.tex [391] [392] [393])
(./chapter/ch12_entropy_doubled_system_gap.tex [394]))
(./chapter/ch12_entropy_corollaries.tex [395])
(./chapter/ch13_buffered_filters.tex [396]
Chapter 14.
) (./chapter/ch13_spectral_filter.tex [397]
Chapter 15.
[398] [399] [400]
Overfull \hbox (14.4764pt too wide) in paragraph at lines 402--409
\TU/lmr/m/it/10 There are $[][][] [][] [] []$, depending only on $[][] [][] [][
] [][] []$, such that $[][][][][][] [] [][][][][][][] [] [][][] [][][][] [][][]
[]$
[401]) (./chapter/ch13_marginal_tails.tex [402]
Chapter 16.
[403] [404] [405] [406] [407]
Overfull \hbox (10.12883pt too wide) in paragraph at lines 560--566
[] [][][] \TU/lmr/m/n/10 Since $[][][][][] [] [][][]$, the left side is the sum
 over $[]$ of $[][][][][] [][][][] [] [][][] [][][][][][][][]$.
[408] [409]) (./chapter/ch13_schur_labels.tex [410]
Chapter 17.
[411] [412] [413]
Overfull \hbox (1.217pt too wide) in paragraph at lines 348--360
[] [][][] \TU/lmr/m/n/10 A joint block of $[][] []$ meeting the $[]$-isotypic c
omponent is invariant under $[][][][][] []
[414] [415] (./fragment/excitation_subset_counts.tex [416]))
(./chapter/ch13_conditional_movement.tex [417]
Chapter 18.
[418]) (./chapter/ch13_marginal_phase.tex [419]
Chapter 19.

Overfull \hbox (2.48633pt too wide) in paragraph at lines 10--16
\TU/lmr/m/n/10 This chapter formalizes the resolvent argument behind the margin
al-phase comparison of [[],
[420]))
(/Users/siruilu/Local/agentFormalization/QICLean/worktrees/area-law-bell-pin/bl
ueprint/print/print.bbl [421]
Underfull \hbox (badness 1158) in paragraph at lines 52--58
[]\TU/lmr/m/n/10 The QICLean contributors.  Exact-rank wording in Wolf’s Choi a
nd wit-

Underfull \hbox (badness 1472) in paragraph at lines 52--58
\TU/lmr/m/n/10 CLean, 2026.  [][]$[][][][][] [] [] [] [][][][][][][][][] [] [][
][] [] [][][][][][][] [] [][][][][][][][][][][] [] [][][][] [] [][][][][] [] []
 []

Underfull \hbox (badness 10000) in paragraph at lines 60--66
\TU/lmr/m/n/10 QICLean, 2026.  [][]$[][][][][] [] [] [] [][][][][][][][][] [] [
][][] [] [][][][][][][] [] [][][][][][][][][][][] [] [][][][][][][] []

Underfull \hbox (badness 1297) in paragraph at lines 68--74
[]\TU/lmr/m/n/10 The QICLean contributors.  The missing order hypothesis in Wol
f’s uni-

Underfull \hbox (badness 5548) in paragraph at lines 68--74
\TU/lmr/m/n/10 QICLean, 2026.  [][]$[][][][][] [] [] [] [][][][][][][][][] [] [
][][] [] [][][][][][][] [] [][][][][][][][][][][] [] [][][][] [] [][][] []

Underfull \hbox (badness 1253) in paragraph at lines 76--81
\TU/lmr/m/n/10 QICLean, 2026.  [][]$[][][][][] [] [] [] [][][][][][][][][] [] [
][][] [] [][][][][][][] [] [][][][][][][][][][][] [] [][][][] [] [][][][][] []
[422]
Underfull \hbox (badness 1478) in paragraph at lines 90--96
[]\TU/lmr/m/n/10 The QICLean contributors.  Scope of Wolf chapter 5 operator co
nvexity

Underfull \hbox (badness 5548) in paragraph at lines 90--96
\TU/lmr/m/n/10 QICLean, 2026.  [][]$[][][][][] [] [] [] [][][][][][][][][] [] [
][][] [] [][][][][][][] [] [][][][][][][][][][][] [] [][][][] [] [][][] []

Underfull \hbox (badness 1817) in paragraph at lines 105--110
\TU/lmr/m/n/10 attainment.  Paper-gap note wolf_slater_attainment_conditions, Q
ICLean,

Underfull \hbox (badness 1803) in paragraph at lines 112--118
[]\TU/lmr/m/n/10 The QICLean contributors.  The structure theorem for finite-di
mensional

Underfull \hbox (badness 10000) in paragraph at lines 112--118
[][]$\TU/lmr/m/n/10 -algebras: Matrix-realized single-block scope.  Paper-gap n
ote

Underfull \hbox (badness 5548) in paragraph at lines 120--126
\TU/lmr/m/n/10 QICLean, 2026.  [][]$[][][][][] [] [] [] [][][][][][][][][] [] [
][][] [] [][][][][][][] [] [][][][][][][][][][][] [] [][][][] [] [][][] []

Underfull \hbox (badness 1152) in paragraph at lines 128--134
[]\TU/lmr/m/n/10 The QICLean contributors.  Wolf proposition 1.5: Factor and co
ordinate

Underfull \hbox (badness 10000) in paragraph at lines 136--143
[]\TU/lmr/m/n/10 The QICLean contributors.  Wolf proposition 1.6: Complete

Underfull \hbox (badness 10000) in paragraph at lines 136--143
\TU/lmr/m/n/10 positivity from positivity, commutative side.  Paper-gap note

Underfull \hbox (badness 7168) in paragraph at lines 136--143
\TU/lmr/m/n/10 wolf_prop16_cp_positivity_commutative_side, QICLean, 2026.  [][]
$[][][][][] []

Underfull \hbox (badness 10000) in paragraph at lines 136--143
[] [] [][][][][][][][][] [] [][][] [] [][][][][][][] [] [][][][][][][][][][][] 
[] [][][][] [] [][][][][][] [] [][] [] [][][][][][][][][][] []

Underfull \hbox (badness 2884) in paragraph at lines 153--159
\TU/lmr/m/n/10 QICLean, 2026.  [][]$[][][][][] [] [] [] [][][][][][][][][] [] [
][][] [] [][][][][][][] [] [][][][][][][][][][][] [] [][][][] [] [][][][] []
[423]
Underfull \hbox (badness 3428) in paragraph at lines 168--174
[]\TU/lmr/m/n/10 The QICLean contributors.  Yamagami’s simultaneous-singularity
 bound-

Underfull \hbox (badness 1253) in paragraph at lines 168--174
\TU/lmr/m/n/10 QICLean, 2026.  [][]$[][][][][] [] [] [] [][][][][][][][][] [] [
][][] [] [][][][][][][] [] [][][][][][][][][][][] [] [][][][][][][][][][] []

Underfull \hbox (badness 2376) in paragraph at lines 176--182
\TU/lmr/m/n/10 ity characterization and Hayashi–Markov decomposition.  Paper-ga
p note

Underfull \hbox (badness 2376) in paragraph at lines 184--190
\TU/lmr/m/n/10 TNLean, 2026.  [][]$[][][][][] [] [] [] [][][][][][][][][] [] []
[][] [] [][][][][][] [] [][][][][][][][][][][] [] [][][][][][] [] [][][][] []
[424]
Underfull \hbox (badness 10000) in paragraph at lines 288--293
[]\TU/lmr/m/n/10 OpenAI.  Polynomial peps approximation of gapped square-

Underfull \hbox (badness 10000) in paragraph at lines 288--293
\TU/lmr/m/n/10 grid ground states, 2026.  September 24, 2026; source revision
[425]) [426]
(/Users/siruilu/Local/agentFormalization/QICLean/worktrees/area-law-bell-pin/bl
ueprint/print/print.aux)

LaTeX Warning: Label(s) may have changed. Rerun to get cross-references right.

 )
(see the transcript file for additional information)
Output written on /Users/siruilu/Local/agentFormalization/QICLean/worktrees/are
a-law-bell-pin/blueprint/print/print.pdf (427 pages).
SyncTeX written on /Users/siruilu/Local/agentFormalization/QICLean/worktrees/area-law-bell-pin/blueprint/print/print.synctex.gz.
Transcript written on /Users/siruilu/Local/agentFormalization/QICLean/worktrees
/area-law-bell-pin/blueprint/print/print.log.
Latexmk: Getting log file '/Users/siruilu/Local/agentFormalization/QICLean/worktrees/area-law-bell-pin/blueprint/print/print.log'
Latexmk: Examining '/Users/siruilu/Local/agentFormalization/QICLean/worktrees/area-law-bell-pin/blueprint/print/print.fls'
Latexmk: Examining '/Users/siruilu/Local/agentFormalization/QICLean/worktrees/area-law-bell-pin/blueprint/print/print.log'
Latexmk: Found input bbl file '/Users/siruilu/Local/agentFormalization/QICLean/worktrees/area-law-bell-pin/blueprint/print/print.bbl'
Latexmk: References changed.
Latexmk: Log file says output to '/Users/siruilu/Local/agentFormalization/QICLean/worktrees/area-law-bell-pin/blueprint/print/print.pdf'
Latexmk: Using bibtex to make bibliography file(s).
  ===Source file '/Users/siruilu/Local/agentFormalization/QICLean/worktrees/area-law-bell-pin/blueprint/print/print.bbl' for 'pdflatex'
Latexmk: Found bibliography file(s):
  ./references.bib
Latexmk: applying rule 'bibtex /Users/siruilu/Local/agentFormalization/QICLean/worktrees/area-law-bell-pin/blueprint/print/print'...
Rule 'bibtex /Users/siruilu/Local/agentFormalization/QICLean/worktrees/area-law-bell-pin/blueprint/print/print':  Reasons for rerun
Changed files or newly in use/created:
  /Users/siruilu/Local/agentFormalization/QICLean/worktrees/area-law-bell-pin/blueprint/print/print.aux

------------
Run number 2 of rule 'bibtex /Users/siruilu/Local/agentFormalization/QICLean/worktrees/area-law-bell-pin/blueprint/print/print'
------------
Latexmk: Change directory to '/Users/siruilu/Local/agentFormalization/QICLean/worktrees/area-law-bell-pin/blueprint/print/'.
To assist finding of files in document directory, I set
  BIBINPUTS='/Users/siruilu/Local/agentFormalization/QICLean/worktrees/area-law-bell-pin/blueprint/src:/Users/siruilu/Local/agentFormalization/QICLean/worktrees/area-law-bell-pin/blueprint/print:/Users/siruilu/Local/TEX:'
  BSTINPUTS='/Users/siruilu/Local/agentFormalization/QICLean/worktrees/area-law-bell-pin/blueprint/src:/Users/siruilu/Local/TEX:'.
------------
Running 'bibtex  "print.aux"'
------------
This is BibTeX, Version 0.99e (TeX Live 2026/Homebrew)
The top-level auxiliary file: print.aux
The style file: alpha.bst
Database file #1: references.bib
Latexmk: Change directory back to '/Users/siruilu/Local/agentFormalization/QICLean/worktrees/area-law-bell-pin/blueprint/src'
Latexmk: applying rule 'pdflatex'...
Rule 'pdflatex':  Reasons for rerun
Changed files or newly in use/created:
  /Users/siruilu/Local/agentFormalization/QICLean/worktrees/area-law-bell-pin/blueprint/print/print.aux
  /Users/siruilu/Local/agentFormalization/QICLean/worktrees/area-law-bell-pin/blueprint/print/print.toc

------------
Run number 3 of rule 'pdflatex'
------------
------------
Running 'xelatex -synctex=1  -recorder -output-directory="/Users/siruilu/Local/agentFormalization/QICLean/worktrees/area-law-bell-pin/blueprint/print"  "print.tex"'
------------
This is XeTeX, Version 3.141592653-2.6-0.999998 (TeX Live 2026/Homebrew) (preloaded format=xelatex)
 restricted \write18 enabled.
entering extended mode
(./print.tex
LaTeX2e <2025-11-01>
L3 programming layer <2026-01-19>

(/opt/homebrew/Cellar/texlive/20260301/share/texmf-dist/tex/latex/base/report.c
ls
Document Class: report 2025/01/22 v1.4n Standard LaTeX document class

(/opt/homebrew/Cellar/texlive/20260301/share/texmf-dist/tex/latex/base/size10.c
lo))
(/opt/homebrew/Cellar/texlive/20260301/share/texmf-dist/tex/latex/geometry/geom
etry.sty
(/opt/homebrew/Cellar/texlive/20260301/share/texmf-dist/tex/latex/graphics/keyv
al.sty)
(/opt/homebrew/Cellar/texlive/20260301/share/texmf-dist/tex/generic/iftex/ifvte
x.sty
(/opt/homebrew/Cellar/texlive/20260301/share/texmf-dist/tex/generic/iftex/iftex
.sty)))
(/opt/homebrew/Cellar/texlive/20260301/share/texmf-dist/tex/latex/l3kernel/expl
3.sty
(/opt/homebrew/Cellar/texlive/20260301/share/texmf-dist/tex/latex/l3backend/l3b
ackend-xetex.def))
(/opt/homebrew/Cellar/texlive/20260301/share/texmf-dist/tex/latex/amsfonts/amss
ymb.sty
(/opt/homebrew/Cellar/texlive/20260301/share/texmf-dist/tex/latex/amsfonts/amsf
onts.sty))
(/opt/homebrew/Cellar/texlive/20260301/share/texmf-dist/tex/latex/amscls/amsthm
.sty)
(/opt/homebrew/Cellar/texlive/20260301/share/texmf-dist/tex/latex/mathtools/mat
htools.sty
(/opt/homebrew/Cellar/texlive/20260301/share/texmf-dist/tex/latex/tools/calc.st
y)
(/opt/homebrew/Cellar/texlive/20260301/share/texmf-dist/tex/latex/mathtools/mhs
etup.sty)
(/opt/homebrew/Cellar/texlive/20260301/share/texmf-dist/tex/latex/amsmath/amsma
th.sty
For additional information on amsmath, use the `?' option.

(/opt/homebrew/Cellar/texlive/20260301/share/texmf-dist/tex/latex/amsmath/amste
xt.sty
(/opt/homebrew/Cellar/texlive/20260301/share/texmf-dist/tex/latex/amsmath/amsge
n.sty))
(/opt/homebrew/Cellar/texlive/20260301/share/texmf-dist/tex/latex/amsmath/amsbs
y.sty)
(/opt/homebrew/Cellar/texlive/20260301/share/texmf-dist/tex/latex/amsmath/amsop
n.sty)))
(/opt/homebrew/Cellar/texlive/20260301/share/texmf-dist/tex/latex/pgf/frontendl
ayer/tikz.sty
(/opt/homebrew/Cellar/texlive/20260301/share/texmf-dist/tex/latex/pgf/basiclaye
r/pgf.sty
(/opt/homebrew/Cellar/texlive/20260301/share/texmf-dist/tex/latex/pgf/utilities
/pgfrcs.sty
(/opt/homebrew/Cellar/texlive/20260301/share/texmf-dist/tex/generic/pgf/utiliti
es/pgfutil-common.tex)
(/opt/homebrew/Cellar/texlive/20260301/share/texmf-dist/tex/generic/pgf/utiliti
es/pgfutil-latex.def)
(/opt/homebrew/Cellar/texlive/20260301/share/texmf-dist/tex/generic/pgf/utiliti
es/pgfrcs.code.tex
(/opt/homebrew/Cellar/texlive/20260301/share/texmf-dist/tex/generic/pgf/pgf.rev
ision.tex)))
(/opt/homebrew/Cellar/texlive/20260301/share/texmf-dist/tex/latex/pgf/basiclaye
r/pgfcore.sty
(/opt/homebrew/Cellar/texlive/20260301/share/texmf-dist/tex/latex/graphics/grap
hicx.sty
(/opt/homebrew/Cellar/texlive/20260301/share/texmf-dist/tex/latex/graphics/grap
hics.sty
(/opt/homebrew/Cellar/texlive/20260301/share/texmf-dist/tex/latex/graphics/trig
.sty)
(/opt/homebrew/Cellar/texlive/20260301/share/texmf-dist/tex/latex/graphics-cfg/
graphics.cfg)
(/opt/homebrew/Cellar/texlive/20260301/share/texmf-dist/tex/latex/graphics-def/
xetex.def)))
(/opt/homebrew/Cellar/texlive/20260301/share/texmf-dist/tex/latex/pgf/systemlay
er/pgfsys.sty
(/opt/homebrew/Cellar/texlive/20260301/share/texmf-dist/tex/generic/pgf/systeml
ayer/pgfsys.code.tex
(/opt/homebrew/Cellar/texlive/20260301/share/texmf-dist/tex/generic/pgf/utiliti
es/pgfkeys.code.tex
(/opt/homebrew/Cellar/texlive/20260301/share/texmf-dist/tex/generic/pgf/utiliti
es/pgfkeyslibraryfiltered.code.tex))
(/opt/homebrew/Cellar/texlive/20260301/share/texmf-dist/tex/generic/pgf/systeml
ayer/pgf.cfg)
(/opt/homebrew/Cellar/texlive/20260301/share/texmf-dist/tex/generic/pgf/systeml
ayer/pgfsys-xetex.def
(/opt/homebrew/Cellar/texlive/20260301/share/texmf-dist/tex/generic/pgf/systeml
ayer/pgfsys-dvipdfmx.def
(/opt/homebrew/Cellar/texlive/20260301/share/texmf-dist/tex/generic/pgf/systeml
ayer/pgfsys-common-pdf.def))))
(/opt/homebrew/Cellar/texlive/20260301/share/texmf-dist/tex/generic/pgf/systeml
ayer/pgfsyssoftpath.code.tex)
(/opt/homebrew/Cellar/texlive/20260301/share/texmf-dist/tex/generic/pgf/systeml
ayer/pgfsysprotocol.code.tex))
(/opt/homebrew/Cellar/texlive/20260301/share/texmf-dist/tex/latex/xcolor/xcolor
.sty
(/opt/homebrew/Cellar/texlive/20260301/share/texmf-dist/tex/latex/graphics-cfg/
color.cfg)
(/opt/homebrew/Cellar/texlive/20260301/share/texmf-dist/tex/latex/graphics/math
color.ltx))
(/opt/homebrew/Cellar/texlive/20260301/share/texmf-dist/tex/generic/pgf/basicla
yer/pgfcore.code.tex
(/opt/homebrew/Cellar/texlive/20260301/share/texmf-dist/tex/generic/pgf/math/pg
fmath.code.tex
(/opt/homebrew/Cellar/texlive/20260301/share/texmf-dist/tex/generic/pgf/math/pg
fmathutil.code.tex)
(/opt/homebrew/Cellar/texlive/20260301/share/texmf-dist/tex/generic/pgf/math/pg
fmathparser.code.tex)
(/opt/homebrew/Cellar/texlive/20260301/share/texmf-dist/tex/generic/pgf/math/pg
fmathfunctions.code.tex)
(/opt/homebrew/Cellar/texlive/20260301/share/texmf-dist/tex/generic/pgf/math/pg
fmathfunctions.basic.code.tex)
(/opt/homebrew/Cellar/texlive/20260301/share/texmf-dist/tex/generic/pgf/math/pg
fmathfunctions.trigonometric.code.tex)
(/opt/homebrew/Cellar/texlive/20260301/share/texmf-dist/tex/generic/pgf/math/pg
fmathfunctions.random.code.tex)
(/opt/homebrew/Cellar/texlive/20260301/share/texmf-dist/tex/generic/pgf/math/pg
fmathfunctions.comparison.code.tex)
(/opt/homebrew/Cellar/texlive/20260301/share/texmf-dist/tex/generic/pgf/math/pg
fmathfunctions.base.code.tex)
(/opt/homebrew/Cellar/texlive/20260301/share/texmf-dist/tex/generic/pgf/math/pg
fmathfunctions.round.code.tex)
(/opt/homebrew/Cellar/texlive/20260301/share/texmf-dist/tex/generic/pgf/math/pg
fmathfunctions.misc.code.tex)
(/opt/homebrew/Cellar/texlive/20260301/share/texmf-dist/tex/generic/pgf/math/pg
fmathfunctions.integerarithmetics.code.tex)
(/opt/homebrew/Cellar/texlive/20260301/share/texmf-dist/tex/generic/pgf/math/pg
fmathcalc.code.tex)
(/opt/homebrew/Cellar/texlive/20260301/share/texmf-dist/tex/generic/pgf/math/pg
fmathfloat.code.tex))
(/opt/homebrew/Cellar/texlive/20260301/share/texmf-dist/tex/generic/pgf/math/pg
fint.code.tex)
(/opt/homebrew/Cellar/texlive/20260301/share/texmf-dist/tex/generic/pgf/basicla
yer/pgfcorepoints.code.tex)
(/opt/homebrew/Cellar/texlive/20260301/share/texmf-dist/tex/generic/pgf/basicla
yer/pgfcorepathconstruct.code.tex)
(/opt/homebrew/Cellar/texlive/20260301/share/texmf-dist/tex/generic/pgf/basicla
yer/pgfcorepathusage.code.tex)
(/opt/homebrew/Cellar/texlive/20260301/share/texmf-dist/tex/generic/pgf/basicla
yer/pgfcorescopes.code.tex)
(/opt/homebrew/Cellar/texlive/20260301/share/texmf-dist/tex/generic/pgf/basicla
yer/pgfcoregraphicstate.code.tex)
(/opt/homebrew/Cellar/texlive/20260301/share/texmf-dist/tex/generic/pgf/basicla
yer/pgfcoretransformations.code.tex)
(/opt/homebrew/Cellar/texlive/20260301/share/texmf-dist/tex/generic/pgf/basicla
yer/pgfcorequick.code.tex)
(/opt/homebrew/Cellar/texlive/20260301/share/texmf-dist/tex/generic/pgf/basicla
yer/pgfcoreobjects.code.tex)
(/opt/homebrew/Cellar/texlive/20260301/share/texmf-dist/tex/generic/pgf/basicla
yer/pgfcorepathprocessing.code.tex)
(/opt/homebrew/Cellar/texlive/20260301/share/texmf-dist/tex/generic/pgf/basicla
yer/pgfcorearrows.code.tex)
(/opt/homebrew/Cellar/texlive/20260301/share/texmf-dist/tex/generic/pgf/basicla
yer/pgfcoreshade.code.tex)
(/opt/homebrew/Cellar/texlive/20260301/share/texmf-dist/tex/generic/pgf/basicla
yer/pgfcoreimage.code.tex)
(/opt/homebrew/Cellar/texlive/20260301/share/texmf-dist/tex/generic/pgf/basicla
yer/pgfcoreexternal.code.tex)
(/opt/homebrew/Cellar/texlive/20260301/share/texmf-dist/tex/generic/pgf/basicla
yer/pgfcorelayers.code.tex)
(/opt/homebrew/Cellar/texlive/20260301/share/texmf-dist/tex/generic/pgf/basicla
yer/pgfcoretransparency.code.tex)
(/opt/homebrew/Cellar/texlive/20260301/share/texmf-dist/tex/generic/pgf/basicla
yer/pgfcorepatterns.code.tex)
(/opt/homebrew/Cellar/texlive/20260301/share/texmf-dist/tex/generic/pgf/basicla
yer/pgfcorerdf.code.tex)))
(/opt/homebrew/Cellar/texlive/20260301/share/texmf-dist/tex/generic/pgf/modules
/pgfmoduleshapes.code.tex)
(/opt/homebrew/Cellar/texlive/20260301/share/texmf-dist/tex/generic/pgf/modules
/pgfmoduleplot.code.tex)
(/opt/homebrew/Cellar/texlive/20260301/share/texmf-dist/tex/latex/pgf/compatibi
lity/pgfcomp-version-0-65.sty)
(/opt/homebrew/Cellar/texlive/20260301/share/texmf-dist/tex/latex/pgf/compatibi
lity/pgfcomp-version-1-18.sty))
(/opt/homebrew/Cellar/texlive/20260301/share/texmf-dist/tex/latex/pgf/utilities
/pgffor.sty
(/opt/homebrew/Cellar/texlive/20260301/share/texmf-dist/tex/latex/pgf/utilities
/pgfkeys.sty
(/opt/homebrew/Cellar/texlive/20260301/share/texmf-dist/tex/generic/pgf/utiliti
es/pgfkeys.code.tex))
(/opt/homebrew/Cellar/texlive/20260301/share/texmf-dist/tex/latex/pgf/math/pgfm
ath.sty
(/opt/homebrew/Cellar/texlive/20260301/share/texmf-dist/tex/generic/pgf/math/pg
fmath.code.tex))
(/opt/homebrew/Cellar/texlive/20260301/share/texmf-dist/tex/generic/pgf/utiliti
es/pgffor.code.tex))
(/opt/homebrew/Cellar/texlive/20260301/share/texmf-dist/tex/generic/pgf/fronten
dlayer/tikz/tikz.code.tex
(/opt/homebrew/Cellar/texlive/20260301/share/texmf-dist/tex/generic/pgf/librari
es/pgflibraryplothandlers.code.tex)
(/opt/homebrew/Cellar/texlive/20260301/share/texmf-dist/tex/generic/pgf/modules
/pgfmodulematrix.code.tex)
(/opt/homebrew/Cellar/texlive/20260301/share/texmf-dist/tex/generic/pgf/fronten
dlayer/tikz/libraries/tikzlibrarytopaths.code.tex)))
(/opt/homebrew/Cellar/texlive/20260301/share/texmf-dist/tex/latex/hyperref/hype
rref.sty
(/opt/homebrew/Cellar/texlive/20260301/share/texmf-dist/tex/latex/kvsetkeys/kvs
etkeys.sty)
(/opt/homebrew/Cellar/texlive/20260301/share/texmf-dist/tex/generic/kvdefinekey
s/kvdefinekeys.sty)
(/opt/homebrew/Cellar/texlive/20260301/share/texmf-dist/tex/generic/pdfescape/p
dfescape.sty
(/opt/homebrew/Cellar/texlive/20260301/share/texmf-dist/tex/generic/ltxcmds/ltx
cmds.sty)
(/opt/homebrew/Cellar/texlive/20260301/share/texmf-dist/tex/generic/pdftexcmds/
pdftexcmds.sty
(/opt/homebrew/Cellar/texlive/20260301/share/texmf-dist/tex/generic/infwarerr/i
nfwarerr.sty)))
(/opt/homebrew/Cellar/texlive/20260301/share/texmf-dist/tex/latex/hycolor/hycol
or.sty)
(/opt/homebrew/Cellar/texlive/20260301/share/texmf-dist/tex/latex/hyperref/name
ref.sty
(/opt/homebrew/Cellar/texlive/20260301/share/texmf-dist/tex/latex/refcount/refc
ount.sty)
(/opt/homebrew/Cellar/texlive/20260301/share/texmf-dist/tex/generic/gettitlestr
ing/gettitlestring.sty
(/opt/homebrew/Cellar/texlive/20260301/share/texmf-dist/tex/latex/kvoptions/kvo
ptions.sty)))
(/opt/homebrew/Cellar/texlive/20260301/share/texmf-dist/tex/latex/etoolbox/etoo
lbox.sty)
(/opt/homebrew/Cellar/texlive/20260301/share/texmf-dist/tex/generic/stringenc/s
tringenc.sty)
(/opt/homebrew/Cellar/texlive/20260301/share/texmf-dist/tex/latex/hyperref/pd1e
nc.def)
(/opt/homebrew/Cellar/texlive/20260301/share/texmf-dist/tex/generic/intcalc/int
calc.sty)
(/opt/homebrew/Cellar/texlive/20260301/share/texmf-dist/tex/latex/hyperref/puen
c.def)
(/opt/homebrew/Cellar/texlive/20260301/share/texmf-dist/tex/latex/url/url.sty)
(/opt/homebrew/Cellar/texlive/20260301/share/texmf-dist/tex/generic/bitset/bits
et.sty
(/opt/homebrew/Cellar/texlive/20260301/share/texmf-dist/tex/generic/bigintcalc/
bigintcalc.sty)))
(/opt/homebrew/Cellar/texlive/20260301/share/texmf-dist/tex/latex/hyperref/hxet
ex.def
(/opt/homebrew/Cellar/texlive/20260301/share/texmf-dist/tex/latex/rerunfilechec
k/rerunfilecheck.sty
(/opt/homebrew/Cellar/texlive/20260301/share/texmf-dist/tex/generic/uniquecount
er/uniquecounter.sty)))
(/opt/homebrew/Cellar/texlive/20260301/share/texmf-dist/tex/latex/unicode-math/
unicode-math.sty
(/opt/homebrew/Cellar/texlive/20260301/share/texmf-dist/tex/latex/unicode-math/
unicode-math-xetex.sty
(/opt/homebrew/Cellar/texlive/20260301/share/texmf-dist/tex/latex/l3packages/xp
arse/xparse.sty)
(/opt/homebrew/Cellar/texlive/20260301/share/texmf-dist/tex/latex/l3packages/l3
keys2e/l3keys2e.sty)
(/opt/homebrew/Cellar/texlive/20260301/share/texmf-dist/tex/latex/fontspec/font
spec.sty
(/opt/homebrew/Cellar/texlive/20260301/share/texmf-dist/tex/latex/fontspec/font
spec-xetex.sty
(/opt/homebrew/Cellar/texlive/20260301/share/texmf-dist/tex/latex/base/fontenc.
sty)
(/opt/homebrew/Cellar/texlive/20260301/share/texmf-dist/tex/latex/fontspec/font
spec.cfg)))
(/opt/homebrew/Cellar/texlive/20260301/share/texmf-dist/tex/latex/base/fix-cm.s
ty
(/opt/homebrew/Cellar/texlive/20260301/share/texmf-dist/tex/latex/base/ts1enc.d
ef))
(/opt/homebrew/Cellar/texlive/20260301/share/texmf-dist/tex/latex/unicode-math/
unicode-math-table.tex))) (./macros/common.tex) (./macros/print.tex)
(/Users/siruilu/Local/agentFormalization/QICLean/worktrees/area-law-bell-pin/.d
eps/tenkz/tex/tenkz/tenkz.sty
(/opt/homebrew/Cellar/texlive/20260301/share/texmf-dist/tex/generic/pgf/fronten
dlayer/tikz/libraries/tikzlibrarycalc.code.tex)
(/opt/homebrew/Cellar/texlive/20260301/share/texmf-dist/tex/generic/pgf/librari
es/pgflibraryarrows.meta.code.tex)
(/opt/homebrew/Cellar/texlive/20260301/share/texmf-dist/tex/generic/pgf/fronten
dlayer/tikz/libraries/tikzlibrarybackgrounds.code.tex)
(/opt/homebrew/Cellar/texlive/20260301/share/texmf-dist/tex/generic/pgf/fronten
dlayer/tikz/libraries/tikzlibrarydecorations.pathreplacing.code.tex
(/opt/homebrew/Cellar/texlive/20260301/share/texmf-dist/tex/generic/pgf/fronten
dlayer/tikz/libraries/tikzlibrarydecorations.code.tex
(/opt/homebrew/Cellar/texlive/20260301/share/texmf-dist/tex/generic/pgf/modules
/pgfmoduledecorations.code.tex))
(/opt/homebrew/Cellar/texlive/20260301/share/texmf-dist/tex/generic/pgf/librari
es/decorations/pgflibrarydecorations.pathreplacing.code.tex))
(/opt/homebrew/Cellar/texlive/20260301/share/texmf-dist/tex/generic/pgf/fronten
dlayer/tikz/libraries/tikzlibrarydecorations.markings.code.tex
(/opt/homebrew/Cellar/texlive/20260301/share/texmf-dist/tex/generic/pgf/librari
es/decorations/pgflibrarydecorations.markings.code.tex))
(/opt/homebrew/Cellar/texlive/20260301/share/texmf-dist/tex/generic/pgf/fronten
dlayer/tikz/libraries/tikzlibraryfit.code.tex)
(/opt/homebrew/Cellar/texlive/20260301/share/texmf-dist/tex/generic/pgf/fronten
dlayer/tikz/libraries/tikzlibraryshapes.geometric.code.tex
(/opt/homebrew/Cellar/texlive/20260301/share/texmf-dist/tex/generic/pgf/librari
es/shapes/pgflibraryshapes.geometric.code.tex))
(/opt/homebrew/Cellar/texlive/20260301/share/texmf-dist/tex/latex/hobby/tikzlib
raryhobby.code.tex
(/opt/homebrew/Cellar/texlive/20260301/share/texmf-dist/tex/latex/hobby/pgflibr
aryhobby.code.tex
(/opt/homebrew/Cellar/texlive/20260301/share/texmf-dist/tex/latex/hobby/hobby.c
ode.tex
(/opt/homebrew/Cellar/texlive/20260301/share/texmf-dist/tex/latex/hobby/pml3arr
ay.sty))))
(/opt/homebrew/Cellar/texlive/20260301/share/texmf-dist/tex/latex/spath3/tikzli
braryspath3.code.tex
(/opt/homebrew/Cellar/texlive/20260301/share/texmf-dist/tex/latex/spath3/spath3
.sty))
(/opt/homebrew/Cellar/texlive/20260301/share/texmf-dist/tex/generic/pgf/fronten
dlayer/tikz/libraries/tikzlibraryintersections.code.tex
(/opt/homebrew/Cellar/texlive/20260301/share/texmf-dist/tex/generic/pgf/librari
es/pgflibraryintersections.code.tex
(/opt/homebrew/Cellar/texlive/20260301/share/texmf-dist/tex/generic/pgf/librari
es/pgflibraryfpu.code.tex)))
(/Users/siruilu/Local/agentFormalization/QICLean/worktrees/area-law-bell-pin/.d
eps/tenkz/tex/tenkz/tenkz-language.code.tex
(/Users/siruilu/Local/agentFormalization/QICLean/worktrees/area-law-bell-pin/.d
eps/tenkz/tex/tenkz/tenkz-language-registry.tex))
(/Users/siruilu/Local/agentFormalization/QICLean/worktrees/area-law-bell-pin/.d
eps/tenkz/tex/tenkz/tenkz-model.code.tex)
(/Users/siruilu/Local/agentFormalization/QICLean/worktrees/area-law-bell-pin/.d
eps/tenkz/tex/tenkz/tenkz-core.code.tex)
(/Users/siruilu/Local/agentFormalization/QICLean/worktrees/area-law-bell-pin/.d
eps/tenkz/tex/tenkz/tenkz-metric.code.tex)
(/Users/siruilu/Local/agentFormalization/QICLean/worktrees/area-law-bell-pin/.d
eps/tenkz/tex/tenkz/tenkz-geometry.code.tex)
(/Users/siruilu/Local/agentFormalization/QICLean/worktrees/area-law-bell-pin/.d
eps/tenkz/tex/tenkz/tenkz-string.code.tex)
(/Users/siruilu/Local/agentFormalization/QICLean/worktrees/area-law-bell-pin/.d
eps/tenkz/tex/tenkz/tenkz-tree.code.tex)
(/Users/siruilu/Local/agentFormalization/QICLean/worktrees/area-law-bell-pin/.d
eps/tenkz/tex/tenkz/tenkz-render.code.tex)
(/Users/siruilu/Local/agentFormalization/QICLean/worktrees/area-law-bell-pin/.d
eps/tenkz/tex/tenkz/tenkz-kernel.code.tex
(/Users/siruilu/Local/agentFormalization/QICLean/worktrees/area-law-bell-pin/.d
eps/tenkz/tex/tenkz/tenkz-kernel-language.code.tex)
(/Users/siruilu/Local/agentFormalization/QICLean/worktrees/area-law-bell-pin/.d
eps/tenkz/tex/tenkz/tenkz-kernel-policy.code.tex)
(/Users/siruilu/Local/agentFormalization/QICLean/worktrees/area-law-bell-pin/.d
eps/tenkz/tex/tenkz/tenkz-kernel-resolve.code.tex)
(/Users/siruilu/Local/agentFormalization/QICLean/worktrees/area-law-bell-pin/.d
eps/tenkz/tex/tenkz/tenkz-kernel-ink.code.tex)
(/Users/siruilu/Local/agentFormalization/QICLean/worktrees/area-law-bell-pin/.d
eps/tenkz/tex/tenkz/tenkz-kernel-annotate.code.tex)
(/Users/siruilu/Local/agentFormalization/QICLean/worktrees/area-law-bell-pin/.d
eps/tenkz/tex/tenkz/tenkz-kernel-surface.code.tex))) (./macros/diagrams.tex
(/opt/homebrew/Cellar/texlive/20260301/share/texmf-dist/tex/latex/tikz-cd/tikz-
cd.sty
(/opt/homebrew/Cellar/texlive/20260301/share/texmf-dist/tex/generic/tikz-cd/tik
zlibrarycd.code.tex
(/opt/homebrew/Cellar/texlive/20260301/share/texmf-dist/tex/generic/pgf/fronten
dlayer/tikz/libraries/tikzlibrarymatrix.code.tex)
(/opt/homebrew/Cellar/texlive/20260301/share/texmf-dist/tex/generic/pgf/fronten
dlayer/tikz/libraries/tikzlibraryquotes.code.tex))))
(/Users/siruilu/Local/agentFormalization/QICLean/worktrees/area-law-bell-pin/bl
ueprint/print/print.aux)
*geometry* driver: auto-detecting
*geometry* detected driver: xetex

(/Users/siruilu/Local/agentFormalization/QICLean/worktrees/area-law-bell-pin/bl
ueprint/print/print.out)
(/Users/siruilu/Local/agentFormalization/QICLean/worktrees/area-law-bell-pin/bl
ueprint/print/print.out)
(/opt/homebrew/Cellar/texlive/20260301/share/texmf-dist/tex/latex/amsfonts/umsa
.fd)
(/opt/homebrew/Cellar/texlive/20260301/share/texmf-dist/tex/latex/amsfonts/umsb
.fd) [1]
(/Users/siruilu/Local/agentFormalization/QICLean/worktrees/area-law-bell-pin/bl
ueprint/print/print.toc [1] [2] [3] [4] [5] [6]) (./content.tex
(./chapter/ch01_deconstructing_quantum.tex [7]
Chapter 1.
(./chapter/ch01_states.tex
Overfull \hbox (8.30865pt too wide) in paragraph at lines 7--13
[][]\TU/lmr/bx/n/10 Definition 1.1.1 \TU/lmr/m/n/10 (Schmidt decomposition)\TU/
lmr/bx/n/10 . [][][] [][][] [][] [][][] \TU/lmr/m/n/10 For $[] [] [][] [] [][]$
 with $[] [] [][][][][] [][][]$,
[8] [9]) (./chapter/ch01_shifted_density_powers.tex [10])
(./chapter/ch01_shifted_density_truncation.tex [11] [12])
(./chapter/ch01_shifted_power_derivative.tex [13])
(./chapter/ch01_positive_maps.tex [14] [15]
Overfull \hbox (0.76086pt too wide) in paragraph at lines 323--327
[][]\TU/lmr/bx/n/10 Definition 1.8.9 \TU/lmr/m/n/10 (State-preparation map)\TU/
lmr/bx/n/10 . [][][] [][][] [][] [][][] \TU/lmr/m/n/10 Let $[]$ be a matrix on 
a finite-dimensional
[16]
Overfull \hbox (4.87057pt too wide) in paragraph at lines 385--388
[][]\TU/lmr/bx/n/10 Theorem 1.9.3 \TU/lmr/m/n/10 (Trace of the maximally mixed 
matrix)\TU/lmr/bx/n/10 . [][][] [][][] [][] [][][] \TU/lmr/m/it/10 If $[] [] []
$, then $[][][][][][][] []
[17] [18] [19]
Overfull \hbox (0.73889pt too wide) in paragraph at lines 762--772
[][]\TU/lmr/bx/n/10 Lemma 1.9.15 \TU/lmr/m/n/10 (Reconstructing a Kraus map fro
m $[][]$)\TU/lmr/bx/n/10 . [][][] [][][] [][] [][][] \TU/lmr/m/it/10 Let $[][]$
 be as in Lemma [][]1.9.12[][]

Overfull \hbox (28.53387pt too wide) in paragraph at lines 774--777
[] [][][] \TU/lmr/m/n/10 Both sides expand, entry by entry, to the same double 
sum $[] [][] [][] [] [][] [][][][][] [][]$.
[20] [21] [22] [23] [24] [25]
Overfull \hbox (5.29309pt too wide) in paragraph at lines 1340--1344
[] [][][] \TU/lmr/m/n/10 For every $[][][] [][]$ and $[] [] []$, the zero-exten
ded operator satisfies $[][][][][][] []
[26]
Overfull \hbox (0.58412pt too wide) in paragraph at lines 1512--1516
[] [][][] \TU/lmr/m/n/10 Since $[]$ is Hermitian and $[][] [] []$, the diagonal
 entries of the sum are $[][] [][][] []
) (./chapter/ch01_spectrum_and_wigner.tex [27] [28] [29] [30] [31] [32])
(./chapter/ch01_cyclic_trace_power.tex) (./chapter/ch01_coherent_frames.tex
[33])) (./chapter/ch02_channels.tex [34]
Chapter 2.
(./chapter/ch02_channels_positive_map_and_channel_foundations.tex [35] [36])
(./chapter/ch02_channels_rectangular_kraus_maps.tex [37]
Overfull \hbox (4.21751pt too wide) in paragraph at lines 88--93
[][]\TU/lmr/bx/n/10 Theorem 2.5.8 \TU/lmr/m/n/10 (Trace preservation from a Kra
us resolution)\TU/lmr/bx/n/10 . [][][] [][][] [][] [][][] []\TU/lmr/m/it/10 Eve
ry trace-preserving
[38]
Overfull \hbox (6.7766pt too wide) in paragraph at lines 148--148
[]\TU/lmr/bx/n/14.4 The Choi–Jamiolkowski representation of maps between
[39] [40]
Overfull \hbox (19.3712pt too wide) in paragraph at lines 420--428
[][]\TU/lmr/bx/n/10 Theorem 2.7.1 \TU/lmr/m/n/10 (Kraus normalization condition
s)\TU/lmr/bx/n/10 . [][][] [][][] [][][][] [][][] [][][][] [][][] [][] [][][] [
]\TU/lmr/m/it/10 Let $[][][][] [] [][] [][][][][]$
[41]) (./chapter/ch02_channels_tensor_maps_and_controlled_trace.tex [42])
(./chapter/ch02_channels_transfer_map_foundations.tex [43] [44])
(./chapter/ch02_channels_peripheral_spectrum_and_primitivity.tex [45] [46]
[47] [48] [49]
Overfull \hbox (8.69438pt too wide) in paragraph at lines 488--494
[][]\TU/lmr/bx/n/10 Lemma 2.13.2.1 \TU/lmr/m/n/10 (Peripheral closure via adjoi
nt fixed point)\TU/lmr/bx/n/10 . [][][] [][][] [][] [][][] [][][][]\TU/lmr/m/it
/10 Let $[][][][] [] [][] [][][][][]$

Overfull \hbox (0.28438pt too wide) in paragraph at lines 535--544
[][]\TU/lmr/bx/n/10 Theorem 2.13.2.2 \TU/lmr/m/n/10 (Roots of unity via adjoint
 fixed point)\TU/lmr/bx/n/10 . [][][] [][][] [][] [][][] [][][][][]\TU/lmr/m/it
/10 Let $[][][][] [] [][] [][][][][]$
[50] [51])) (./chapter/ch03_channel_representations.tex [52]
Chapter 3.
(./chapter/ch03_channel_representations_choi_foundations.tex
Overfull \hbox (1.66296pt too wide) in paragraph at lines 16--22
\TU/lmr/m/n/10 When $[] [] []$, this is the \TU/lmr/m/it/10 maximally entangled
 state\TU/lmr/m/n/10 : a rank-one projector with $[][][][] [][][][][] []
[53] [54]) (./chapter/ch03_channel_representations_rectangular_choi_bounds.tex
[55]
Overfull \hbox (7.94478pt too wide) in paragraph at lines 83--87
[][]\TU/lmr/bx/n/10 Definition 3.2.5 \TU/lmr/m/n/10 (Hilbert–Schmidt contractio
n)\TU/lmr/bx/n/10 . [][][] [][][] [][] [][][] \TU/lmr/m/n/10 A complex-linear m
ap $[] [] [][][][][] []
)
(./chapter/ch03_channel_representations_no_information_without_disturbance.tex
[56]) (./chapter/ch03_channel_representations_choi_and_kraus.tex [57] [58]
[59] [60] [61] [62]
Overfull \hbox (11.82436pt too wide) in paragraph at lines 778--783
[][]\TU/lmr/bx/n/10 Theorem 3.7.4 \TU/lmr/m/n/10 (Unitality implies Kraus unita
l normalization)\TU/lmr/bx/n/10 . [][][] [][][] [][] [][][] []\TU/lmr/m/it/10 I
f $[][][][] [] [][] [][][][][]$
[63] [64]) (./chapter/ch03_channel_representations_kraus_iterate_choi.tex
[65] [66]) (./chapter/ch03_channel_representations_ensemble_equivalence.tex
[67]
Overfull \hbox (0.58437pt too wide) in paragraph at lines 128--132
[]\TU/lmr/m/n/10 Conversely, a unitary $[]$ satisfies $[][][] [] []$, so Theore
m [][]3.6.6[][] gives $[][] [][][][] [][][][] [] [][] [][][][] [][][][]$.
) (./chapter/ch03_channel_representations_hermitian_intertwiners.tex [68])
(./chapter/ch03_channel_representations_dilations_and_ordered_cp.tex [69]
[70] [71]
Overfull \hbox (3.29pt too wide) in paragraph at lines 292--292
[]\TU/lmr/bx/n/14.4 Ordered CP maps, Radon–Nikodym, and open-system
[72] [73] [74]
Overfull \hbox (1.84756pt too wide) in paragraph at lines 679--690
[][]\TU/lmr/bx/n/10 Corollary 3.12.15 \TU/lmr/m/n/10 (Square-algebra Radon–Niko
dym theorem)\TU/lmr/bx/n/10 . [][][] [][][] [][] [][][] []\TU/lmr/m/it/10 Let $
[]$ be a nonempty
[75]
Overfull \hbox (11.32751pt too wide) in paragraph at lines 795--799
[][]\TU/lmr/bx/n/10 Lemma 3.12.21 \TU/lmr/m/n/10 (First environment embedding i
s an isometry)\TU/lmr/bx/n/10 . [][][] [][][] [][] [][][] []\TU/lmr/m/it/10 The
 first-environment
[76] [77] [78] [79] [80] [81])
(./chapter/ch03_channel_representations_normal_forms_and_determinant.tex
[82] [83] [84] [85] [86] [87] [88] [89] [90]
Overfull \hbox (27.40834pt too wide) in paragraph at lines 1026--1031
\TU/lmr/m/n/10 nates used immediately before [[], Eq. (2.41)]; see also the loc
al source $[][][][][] [] [][][][][][][][][][][][][][][][][] []
[91] [92] [93] [94]
Overfull \hbox (15.74634pt too wide) in paragraph at lines 1439--1446
[]\TU/lmr/m/n/10 Thus $[]$ maps the positive-semidefinite cone onto itself. The
 already formalized cone/rank/Wigner
[95] [96]) (./chapter/ch03_channel_representations_determinant_choi_bound.tex
[97]
Overfull \hbox (8.04791pt too wide) in paragraph at lines 53--59
\TU/lmr/m/n/10 Substituting $[][][][] [][][]$ for the row pair and $[][][][] []
[][]$ for the column pair in ([][]3.120[][]) gives $[][][][][][][][][]$,
) (./chapter/ch03_channel_representations_self_dual.tex [98]
Overfull \hbox (8.98033pt too wide) in paragraph at lines 60--66
[][]\TU/lmr/bx/n/10 Theorem 3.19.4 \TU/lmr/m/n/10 (Transfer matrix of a Kraus r
epresentation)\TU/lmr/bx/n/10 . [][][] [][][] [][] [][][] []\TU/lmr/m/it/10 If 
$[][][][] [] [][] [][][][][]$,
[99] [100] [101])
(./chapter/ch03_channel_representations_transfer_matrix_identities.tex [102])
(./chapter/ch03_channel_representations_sic_povms.tex [103] [104] [105]
[106])) (./chapter/ch04_positive_not_cp.tex [107]
Chapter 4.
(./chapter/ch04_positive_not_cp_trace_normalization_and_lorentz_cone.tex
[108]) (./chapter/ch04_positive_not_cp_two_positive_schmidt_and_choi.tex

Package hyperref Warning: Token not allowed in a PDF string (Unicode):
(hyperref)                removing `math shift' on input line 1.


Package hyperref Warning: Token not allowed in a PDF string (Unicode):
(hyperref)                removing `math shift' on input line 1.

[109] [110] [111] [112] [113] [114]
Overfull \hbox (1.33026pt too wide) in paragraph at lines 743--748
[] [][][] \TU/lmr/m/n/10 The forward direction is Theorem [][]4.2.3.8[][]. The 
reverse direction is Theorem [][]4.2.3.9[][].
[115]) (./chapter/ch04_positive_not_cp_npositivity_infimum.tex [116] [117])
(./chapter/ch04_positive_not_cp_positivity_reduction_and_breuer_hall.tex
[118] [119] [120] [121] [122] [123] [124]
Overfull \hbox (7.63916pt too wide) in paragraph at lines 751--758
[] [][][] []\TU/lmr/m/n/10 A positive semidefinite matrix is a sum of rank-one 
operators $[][][][][][]$. By Lemma [][]4.7.2[][]
[125]) (./chapter/ch04_positive_not_cp_choi_and_decomposable_maps.tex [126]
[127] [128] [129]
Overfull \hbox (5.33284pt too wide) in paragraph at lines 402--411
[]\TU/lmr/m/n/10 The comparison cannot in general be made strict. For $[][][] [
][] [][] [] [][][] [][] [][]$ and $[] [] [][][] [][] [][] [][] [][]$,
[130] [131] [132] [133] [134] [135] [136] [137] [138] [139] [140])
(./chapter/ch04_positive_not_cp_ppt_and_separable_states.tex [141] [142]
Overfull \hbox (3.90086pt too wide) in paragraph at lines 211--219
\TU/lmr/m/n/10 A bipartite state is separable when it is a convex combination o
f pure product states $[][] [][] [][][][][][][][] []
[143]) (./chapter/ch04_positive_not_cp_schmidt_number_and_entanglement.tex
[144] [145] [146]) (./chapter/ch04_positive_not_cp_kramers_degeneracy.tex
[147] [148])) (./chapter/ch04_positive_not_cp_supporting_results.tex [149]
Overfull \hbox (3.34654pt too wide) in paragraph at lines 185--189
[][]\TU/lmr/bx/n/10 Lemma 4.17.2 \TU/lmr/m/n/10 (Rank factorization through a c
oordinate space)\TU/lmr/bx/n/10 . [][][] [][][] [][] [][][] \TU/lmr/m/it/10 If 
$[] [] [][][][][][][][]$
[150]
Overfull \hbox (7.86009pt too wide) in paragraph at lines 264--269
[] [][][] \TU/lmr/m/n/10 The eigenvectors form an orthonormal basis, so with $[
] [] [][][]$ one has $[][] [][][][][][][][][] []
[151]
Overfull \hbox (7.40033pt too wide) in paragraph at lines 331--340
\TU/lmr/m/n/10 Choi criterion, the rectangular compression criterion, and the r
ank-$[]$ projection criterion. Through-
[152] [153] [154]
Overfull \hbox (0.84254pt too wide) in paragraph at lines 680--684
[][]\TU/lmr/bx/n/10 Lemma 4.19.16 \TU/lmr/m/n/10 (Rank-$[]$ Hermitian projectio
n factorization)\TU/lmr/bx/n/10 . [][][] [][][] [][] [][][] \TU/lmr/m/it/10 Let
 $[] [] [][][][][][][][]$

Package hyperref Warning: Token not allowed in a PDF string (Unicode):
(hyperref)                removing `math shift' on input line 703.


Package hyperref Warning: Token not allowed in a PDF string (Unicode):
(hyperref)                removing `math shift' on input line 703.

[155]
Overfull \hbox (9.13817pt too wide) in paragraph at lines 796--796
[]\TU/lmr/bx/n/14.4 Schmidt-number geometry and entanglement witnesses 
[156] [157]) (./chapter/ch04_convex_structure.tex [158]
Chapter 5.
[159] [160]
Overfull \hbox (0.17003pt too wide) in paragraph at lines 312--325
[] [][][] []\TU/lmr/m/n/10 The equality constraints and equality of the objecti
ves give $[][][][][] [] [][] [][][][][][][][] []
) (./chapter/ch05_schwarz.tex [161]
Chapter 6.
(./chapter/ch05_schwarz_ft_core.tex [162] [163])
(./chapter/ch05_schwarz_retractions_and_peripheral_equality.tex [164] [165])
(./chapter/ch05_schwarz_douglas.tex [166])
(./chapter/ch05_schwarz_schur_complement.tex)
(./chapter/ch05_schwarz_abstract_domains_and_order.tex [167] [168] [169]
[170] [171]
Overfull \hbox (41.15291pt too wide) in paragraph at lines 495--501
\TU/lmr/m/it/10 This is the pseudoinverse-free form of [[], Eq. (5.4)]: the usu
al statement $[][][][][][] [][][][][][][][][][][][][] []

Overfull \hbox (2.29807pt too wide) in paragraph at lines 506--517
\TU/lmr/m/n/10 Evaluating the PSD quadratic form on the vector $[][][] [][][]$ 
and using the side condition $[][][][][][][] []
[172]
Overfull \hbox (7.76178pt too wide) in paragraph at lines 644--649
[][]\TU/lmr/bx/n/10 Definition 6.9.2.7 \TU/lmr/m/n/10 (Per-$[]$ Schwarz hypothe
sis)\TU/lmr/bx/n/10 . [][][] [][][] [][] [][][] []\TU/lmr/m/n/10 A complex-line
ar map $[] [] [][][][][] []

Overfull \hbox (2.08957pt too wide) in paragraph at lines 693--701
[][]\TU/lmr/bx/n/10 Theorem 6.9.2.10 \TU/lmr/m/n/10 (Equality in the operator S
chwarz inequality)\TU/lmr/bx/n/10 . [][][] [][][] [][] [][][] [][]\TU/lmr/m/it/
10 Let $[] [] [][][][][] []
[173])) (./chapter/ch05_schwarz_supporting_results.tex
Overfull \hbox (3.5749pt too wide) in paragraph at lines 49--53
[][]\TU/lmr/bx/n/10 Theorem 6.11.3 \TU/lmr/m/n/10 (Nondegeneracy of the trace p
airing)\TU/lmr/bx/n/10 . [][][] [][][] [][] [][][] \TU/lmr/m/it/10 For $[] [] [
][][][][]$, $[][][][][] []
[174] [175]
Overfull \hbox (4.08379pt too wide) in paragraph at lines 287--287
[]\TU/lmr/bx/n/14.4 Faithful weighted traces and peripheral Schwarz equal-
[176]) (./chapter/ch06_operator_convexity.tex [177]
Chapter 7.
(./chapter/ch06_operator_convexity_schwarz_and_jensen.tex [178] [179] [180]
[181] [182] [183] [184])
(./chapter/ch06_operator_convexity_lieb_and_resolvent.tex [185] [186]
Overfull \hbox (2.84213pt too wide) in paragraph at lines 266--281
\TU/lmr/m/it/10 matrix $[]$, and positive-\TU/lmr/m/n/10 semidefinite \TU/lmr/m
/it/10 matrices $[][][] [][][] [][][] [][]$, the map $[][][] [][] [] [] [][][][
][][][][][][]$
[187] [188]) (./chapter/ch06_operator_convexity_matrix_means.tex
Overfull \hbox (5.76697pt too wide) in paragraph at lines 37--40
[]\TU/lmr/m/it/10 for $[] [] [] [] []$ the mean is monotone in each argument, a
nd for every vector $[]$, $[][][] [][][][][][][][] []
[189] [190]
Overfull \hbox (13.00826pt too wide) in paragraph at lines 197--206
[] [][][] []\TU/lmr/m/n/10 By the chain rule, $[][][][][][] [] [][][][][][][][]
[][][][][][][][]$ with $[] [] [][][][][]$,
[191]
Overfull \hbox (11.05424pt too wide) in paragraph at lines 279--281
\TU/lmr/m/n/10 For $[] [] [] [] [][][]$ let $[][][][][] [] [][][][][][] [][][][
][][]$ with $[][][][][] [] [][]$, and $[][][][][] [] [][][][][][][][][][][][][]
[] []
[192])) (./chapter/ch07_qpf.tex [193]
Chapter 8.
(./chapter/ch07_qpf_cesaro_fixed_points.tex
Overfull \hbox (29.7827pt too wide) in paragraph at lines 45--49
[] [][][] \TU/lmr/m/n/10 Pigeonhole principle on the integer lattice of side $[
][]$: the $[][] [] []$ points $[][][][][][][] [] [] [][][][][][]$
[194] [195] [196] [197]) (./chapter/ch07_qpf_weighted_cesaro.tex [198] [199])
[200] [201] [202] [203] [204] [205] [206] [207] [208]
Overfull \hbox (2.23955pt too wide) in paragraph at lines 1037--1043
[][]\TU/lmr/bx/n/10 Theorem 8.9.8 \TU/lmr/m/n/10 (Eigenvalue $[]$ for positive 
trace-preserving maps)\TU/lmr/bx/n/10 . [][][] [][][] [][] [][][] [][]\TU/lmr/m
/it/10 Let $[] [] [][][][][] []
[209]
Overfull \hbox (5.01353pt too wide) in paragraph at lines 1228--1243
[][]\TU/lmr/bx/n/10 Theorem 8.12.1 \TU/lmr/m/n/10 (Positive fixed-point decompo
sition)\TU/lmr/bx/n/10 . [][][] [][][] [][] [][] [][][] [][] [][] [][][] [][] [
][][] [][]\TU/lmr/m/it/10 Let $[] [] [] [][][][][] []
[210] (./chapter/ch07_qpf_irreducibility_and_ergodicity.tex [211] [212]
[213])) (./chapter/ch07_qpf_supporting_results.tex [214]
Overfull \hbox (1.41978pt too wide) in paragraph at lines 6--6
[]\TU/lmr/bx/n/14.4 Density matrices, Brouwer’s theorem, and Cesàro lim-
[215] [216] [217] [218]) (./chapter/ch08_spectral.tex [219]
Chapter 9.
(./chapter/ch08_spectral_ft_peripheral_cyclic.tex [220] [221])
(./chapter/ch08_spectral_supporting_results.tex [222] [223] [224] [225]))
(./chapter/ch09_channel_asymptotics.tex [226]
Chapter 10.
(./chapter/ch09_channel_asymptotics_jordan_block_power.tex [227])
(./chapter/ch09_channel_asymptotics_upper_triangular_power.tex [228] [229]
[230]) (./chapter/ch09_channel_asymptotics_detailed_balance.tex [231])
(./chapter/ch09_channel_asymptotics_mean_ergodic.tex [232] [233] [234])
(./chapter/ch09_channel_asymptotics_fixed_point_algebras.tex [235])
(./chapter/ch09_channel_asymptotics_fixed_points_and_wedderburn_i.tex [236]
[237] [238] [239] [240] [241] [242] [243] [244]
Overfull \hbox (11.51134pt too wide) in paragraph at lines 982--989
[] [][][] []\TU/lmr/m/n/10 Each pair $[] [] [][]$, $[][] [] [][]$ is of differe
nt type, hence orthogonal by Lemma [][]10.5.22[][].
) (./chapter/ch09_channel_asymptotics_wedderburn_ii.tex [245]
Overfull \hbox (8.43947pt too wide) in paragraph at lines 35--39
[]\TU/lmr/m/n/10 Finally, let $[] [] [][]$ and $[][] [] [][]$ be irreducible un
der $[]$, with $[][] [] [][]$. By Lemma [][]10.5.24[][],
[246] [247]
Overfull \hbox (27.08902pt too wide) in paragraph at lines 176--184
[][]\TU/lmr/bx/n/10 Lemma 10.6.5 \TU/lmr/m/n/10 (Unitary change of basis to blo
ck-diagonal form)\TU/lmr/bx/n/10 . [][][] [][][] [][] [][][] \TU/lmr/m/it/10 Le
t $[][][][][]$
[248] [249] [250] [251] [252] [253] [254])
(./chapter/ch09_channel_asymptotics_corner_and_overlap_decompositions.tex
[255] [256] [257])
(./chapter/ch09_channel_asymptotics_direct_sum_schwarz_maps.tex [258] [259]
Overfull \hbox (3.03027pt too wide) in paragraph at lines 188--201
[] [][][] \TU/lmr/m/n/10 Complete positivity and trace preservation make both t
race adjoints unital Schwarz
[260] [261] [262] [263]

Package hyperref Warning: Token not allowed in a PDF string (Unicode):
(hyperref)                removing `math shift' on input line 616.


Package hyperref Warning: Token not allowed in a PDF string (Unicode):
(hyperref)                removing `math shift' on input line 616.

[264])
(./chapter/ch09_channel_asymptotics_direct_sum_corners_and_maximal_support.tex
[265] [266]
Overfull \hbox (1.70528pt too wide) in paragraph at lines 194--196
[]\TU/lmr/m/n/10 Closure under multiplication transports back through the corre
spondence. A corner-supported
[267] [268] [269] [270])
(./chapter/ch09_channel_asymptotics_fixed_point_structure_and_cycles.tex
[271] [272] [273]
Overfull \hbox (31.08292pt too wide) in paragraph at lines 346--352
[] [][][] []\TU/lmr/m/n/10 In the spectral decomposition $[] [] [] [][][][][][]
$, the support projection is $[] [][][][][][][]$.
[274]
Overfull \hbox (137.52632pt too wide) in paragraph at lines 485--490
[]\TU/lmr/m/n/10 The declarations \TU/lmtt/m/n/10 Kraus.maximalSupport_of_maxim
alRank \TU/lmr/m/n/10 and \TU/lmtt/m/n/10 Kraus.exists_weightedCorner_sqrt_eq_o
f_maximalRank

Overfull \hbox (15.73227pt too wide) in paragraph at lines 501--505
[][]\TU/lmr/bx/n/10 Definition 10.12.1 \TU/lmr/m/n/10 (Exact Kraus word spans)\
TU/lmr/bx/n/10 . [][][] [][][] [][] [][][] \TU/lmr/m/n/10 For a finite Kraus fa
mily $[][][] [] [] [][] []
[275]
Overfull \hbox (11.32634pt too wide) in paragraph at lines 567--571
\TU/lmr/m/n/10 This section develops the block-permutation structure underlying
 the cycle decomposition of [[],
[276] [277] [278]
Overfull \hbox (26.44983pt too wide) in paragraph at lines 1006--1012
[]\TU/lmr/m/it/10 The compiled statement retains the equivalence $[][]$ and the
 literal zero extension $[][][][] [][] [][] [][]$
[279] [280])) (./chapter/ch09_channel_asymptotics_supporting_results.tex
[281] [282]) (./chapter/ch10_wielandt.tex [283]
Chapter 11.
(./chapter/ch10_wielandt_cumulative_bound.tex
Overfull \hbox (35.38342pt too wide) in paragraph at lines 60--65
[] [][][] []\TU/lmr/m/n/10 Expand the Kraus representation of the $[]$-fold ite
rate. Each summand is $[][][][][] [][][][][][][][] []
[284] [285] [286] [287] [288])) (./chapter/ch10_wielandt_supporting_results.tex
 [289] [290]) (./chapter/ch11_semigroup.tex [291]
Chapter 12.
(./chapter/ch11_semigroup_hermitian_paths.tex [292])
(./chapter/ch11_semigroup_dynamics_and_gksl.tex [293]
Overfull \hbox (20.50978pt too wide) in paragraph at lines 27--30
[][]\TU/lmr/bx/n/10 Definition 12.3.3 \TU/lmr/m/n/10 (Exponential semigroup)\TU
/lmr/bx/n/10 . [][][] [][][] [][][][] [][][] [][] [][][] \TU/lmr/m/n/10 Given a
 generator $[] [] [][][][][][][][][]$,
[294] [295] [296]
Overfull \hbox (8.99596pt too wide) in paragraph at lines 499--508
[] [][][] \TU/lmr/m/n/10 Let $[][][][] [] [][] [][][][][]$. By the cyclic prope
rty of trace, $[][][][][][][] [] [][][][][] [][][][][][][] []
[297] [298] [299] [300] [301])
(./chapter/ch11_semigroup_dissipation_and_primitivity.tex [302] [303] [304]
[305] [306]) (./chapter/ch11_semigroup_adjoint_kernel_and_reducibility.tex
[307] [308] [309]
Overfull \hbox (13.29822pt too wide) in paragraph at lines 355--365
[] [][][] \TU/lmr/m/n/10 The block-upper-triangular structure implies $[]$ pres
erves the compression $[][][][][][][]$.
[310] [311]
Overfull \hbox (8.15552pt too wide) in paragraph at lines 648--655
[][]\TU/lmr/bx/n/10 Theorem 12.9.1.16 \TU/lmr/m/n/10 (Large Kossakowski rank im
plies non-reducibility)\TU/lmr/bx/n/10 . [][][] [][][] [][] [][][] [][][][][][]
\TU/lmr/m/it/10 If $[][][][] []
[312])) (./chapter/ch12_entropy.tex [313]
Chapter 13.
(./chapter/ch12_entropy_trace_norm.tex [314] [315] [316]
Overfull \hbox (5.46825pt too wide) in paragraph at lines 455--463
[] [][][] [][][]\TU/lmr/m/n/10 Let $[][]$ be the support projection of $[][][][
][]$ from Lemma [][]13.1.14[][], so that $[][][][][][] []
[317] [318] [319] [320] [321]) (./chapter/ch12_polar_unitary_correction.tex
[322]) (./chapter/ch12_rectangular_windows.tex [323] [324])
(./chapter/ch12_entropy_majorization.tex)
(./chapter/ch12_entropy_von_neumann_and_relative_i.tex [325] [326] [327]
[328] [329] [330] [331] [332])
(./chapter/ch12_entropy_von_neumann_and_relative_ii.tex [333] [334] [335]
[336] [337] [338] [339] [340]
Overfull \hbox (0.6799pt too wide) in paragraph at lines 1010--1020
[] [][][] [][][]\TU/lmr/m/n/10 Kernel inclusion descends through the partial tr
ace, giving $[][][][] [][] [] [][][][] [][]$.
[341] [342]) (./chapter/ch12_entropy_tripartite_and_ssa_i.tex [343] [344]
[345] [346] [347] [348] [349] [350] [351]
Overfull \hbox (6.02043pt too wide) in paragraph at lines 1009--1015
\TU/lmr/m/it/10 This is the source-$[]$ pointwise-vanishing passage in Jenčová–
Ruskai, arXiv:0903.2895v4, lines 433–
[352] [353]) (./chapter/ch12_entropy_tripartite_and_ssa_ii.tex [354] [355]
[356] [357] [358]
Overfull \hbox (3.43794pt too wide) in paragraph at lines 605--612
[][]\TU/lmr/bx/n/10 Lemma 13.8.39 \TU/lmr/m/n/10 (Relative modular square-root 
ratio on the support)\TU/lmr/bx/n/10 . [][][] [][][] [][] [][][] []\TU/lmr/m/it
/10 Let $[][] [][] [][] []$
[359] [360] [361] [362] [363] [364] [365] [366] [367] [368] [369] [370]
[371] [372]
Overfull \hbox (24.00725pt too wide) in paragraph at lines 2195--2208
[][]$\TU/lmr/m/n/10 . The von Neumann entropy of a weighted orthogonal direct s
um is $[][][][] [][] [][][] [] [] [][] [][] [] [][] []
[373]) (./chapter/ch12_entropy_mutual_information.tex [374]
Overfull \hbox (14.84778pt too wide) in paragraph at lines 118--118
[]\TU/lmr/bx/n/14.4 Mutual information: monotonicity and area-law bound 
[375]) (./chapter/ch12_entropy_data_processing.tex)
(./chapter/ch12_entropy_conditional_continuity.tex [376] [377])
(./chapter/ch12_entropy_classical_operator_schmidt_and_renyi.tex [378] [379]
Overfull \hbox (13.46095pt too wide) in paragraph at lines 159--168
[]\TU/lmr/m/n/10 The minimality theorem at the preceding definition proves that
 the range dimension $[] [] [][]$
[380] [381] [382] [383] [384]
Overfull \hbox (1.78531pt too wide) in paragraph at lines 761--765
\TU/lmr/m/it/10 Thus this theorem reduces the singular-reference case to the fa
ithful comparison. Theorem [][]13.15.14[][]
[385] [386] [387] [388]) (./chapter/ch12_entropy_finite_product.tex [389]
[390]) (./chapter/ch12_entropy_conditional_two_families.tex)
(./chapter/ch12_entropy_physical_buffer_overlap.tex [391] [392] [393])
(./chapter/ch12_entropy_doubled_system_gap.tex [394]))
(./chapter/ch12_entropy_corollaries.tex [395])
(./chapter/ch13_buffered_filters.tex [396]
Chapter 14.
) (./chapter/ch13_spectral_filter.tex [397]
Chapter 15.
[398] [399] [400]
Overfull \hbox (14.4764pt too wide) in paragraph at lines 402--409
\TU/lmr/m/it/10 There are $[][][] [][] [] []$, depending only on $[][] [][] [][
] [][] []$, such that $[][][][][][] [] [][][][][][][] [] [][][] [][][][] [][][]
[]$
[401]) (./chapter/ch13_marginal_tails.tex [402]
Chapter 16.
[403] [404] [405] [406] [407]
Overfull \hbox (10.12883pt too wide) in paragraph at lines 560--566
[] [][][] \TU/lmr/m/n/10 Since $[][][][][] [] [][][]$, the left side is the sum
 over $[]$ of $[][][][][] [][][][] [] [][][] [][][][][][][][]$.
[408] [409]) (./chapter/ch13_schur_labels.tex [410]
Chapter 17.
[411] [412] [413]
Overfull \hbox (1.217pt too wide) in paragraph at lines 348--360
[] [][][] \TU/lmr/m/n/10 A joint block of $[][] []$ meeting the $[]$-isotypic c
omponent is invariant under $[][][][][] []
[414] [415] (./fragment/excitation_subset_counts.tex [416]))
(./chapter/ch13_conditional_movement.tex [417]
Chapter 18.
[418]) (./chapter/ch13_marginal_phase.tex [419]
Chapter 19.

Overfull \hbox (2.48633pt too wide) in paragraph at lines 10--16
\TU/lmr/m/n/10 This chapter formalizes the resolvent argument behind the margin
al-phase comparison of [[],
[420]))
(/Users/siruilu/Local/agentFormalization/QICLean/worktrees/area-law-bell-pin/bl
ueprint/print/print.bbl [421]
Underfull \hbox (badness 1158) in paragraph at lines 52--58
[]\TU/lmr/m/n/10 The QICLean contributors.  Exact-rank wording in Wolf’s Choi a
nd wit-

Underfull \hbox (badness 1472) in paragraph at lines 52--58
\TU/lmr/m/n/10 CLean, 2026.  [][]$[][][][][] [] [] [] [][][][][][][][][] [] [][
][] [] [][][][][][][] [] [][][][][][][][][][][] [] [][][][] [] [][][][][] [] []
 []

Underfull \hbox (badness 10000) in paragraph at lines 60--66
\TU/lmr/m/n/10 QICLean, 2026.  [][]$[][][][][] [] [] [] [][][][][][][][][] [] [
][][] [] [][][][][][][] [] [][][][][][][][][][][] [] [][][][][][][] []

Underfull \hbox (badness 1297) in paragraph at lines 68--74
[]\TU/lmr/m/n/10 The QICLean contributors.  The missing order hypothesis in Wol
f’s uni-

Underfull \hbox (badness 5548) in paragraph at lines 68--74
\TU/lmr/m/n/10 QICLean, 2026.  [][]$[][][][][] [] [] [] [][][][][][][][][] [] [
][][] [] [][][][][][][] [] [][][][][][][][][][][] [] [][][][] [] [][][] []

Underfull \hbox (badness 1253) in paragraph at lines 76--81
\TU/lmr/m/n/10 QICLean, 2026.  [][]$[][][][][] [] [] [] [][][][][][][][][] [] [
][][] [] [][][][][][][] [] [][][][][][][][][][][] [] [][][][] [] [][][][][] []
[422]
Underfull \hbox (badness 1478) in paragraph at lines 90--96
[]\TU/lmr/m/n/10 The QICLean contributors.  Scope of Wolf chapter 5 operator co
nvexity

Underfull \hbox (badness 5548) in paragraph at lines 90--96
\TU/lmr/m/n/10 QICLean, 2026.  [][]$[][][][][] [] [] [] [][][][][][][][][] [] [
][][] [] [][][][][][][] [] [][][][][][][][][][][] [] [][][][] [] [][][] []

Underfull \hbox (badness 1817) in paragraph at lines 105--110
\TU/lmr/m/n/10 attainment.  Paper-gap note wolf_slater_attainment_conditions, Q
ICLean,

Underfull \hbox (badness 1803) in paragraph at lines 112--118
[]\TU/lmr/m/n/10 The QICLean contributors.  The structure theorem for finite-di
mensional

Underfull \hbox (badness 10000) in paragraph at lines 112--118
[][]$\TU/lmr/m/n/10 -algebras: Matrix-realized single-block scope.  Paper-gap n
ote

Underfull \hbox (badness 5548) in paragraph at lines 120--126
\TU/lmr/m/n/10 QICLean, 2026.  [][]$[][][][][] [] [] [] [][][][][][][][][] [] [
][][] [] [][][][][][][] [] [][][][][][][][][][][] [] [][][][] [] [][][] []

Underfull \hbox (badness 1152) in paragraph at lines 128--134
[]\TU/lmr/m/n/10 The QICLean contributors.  Wolf proposition 1.5: Factor and co
ordinate

Underfull \hbox (badness 10000) in paragraph at lines 136--143
[]\TU/lmr/m/n/10 The QICLean contributors.  Wolf proposition 1.6: Complete

Underfull \hbox (badness 10000) in paragraph at lines 136--143
\TU/lmr/m/n/10 positivity from positivity, commutative side.  Paper-gap note

Underfull \hbox (badness 7168) in paragraph at lines 136--143
\TU/lmr/m/n/10 wolf_prop16_cp_positivity_commutative_side, QICLean, 2026.  [][]
$[][][][][] []

Underfull \hbox (badness 10000) in paragraph at lines 136--143
[] [] [][][][][][][][][] [] [][][] [] [][][][][][][] [] [][][][][][][][][][][] 
[] [][][][] [] [][][][][][] [] [][] [] [][][][][][][][][][] []

Underfull \hbox (badness 2884) in paragraph at lines 153--159
\TU/lmr/m/n/10 QICLean, 2026.  [][]$[][][][][] [] [] [] [][][][][][][][][] [] [
][][] [] [][][][][][][] [] [][][][][][][][][][][] [] [][][][] [] [][][][] []
[423]
Underfull \hbox (badness 3428) in paragraph at lines 168--174
[]\TU/lmr/m/n/10 The QICLean contributors.  Yamagami’s simultaneous-singularity
 bound-

Underfull \hbox (badness 1253) in paragraph at lines 168--174
\TU/lmr/m/n/10 QICLean, 2026.  [][]$[][][][][] [] [] [] [][][][][][][][][] [] [
][][] [] [][][][][][][] [] [][][][][][][][][][][] [] [][][][][][][][][][] []

Underfull \hbox (badness 2376) in paragraph at lines 176--182
\TU/lmr/m/n/10 ity characterization and Hayashi–Markov decomposition.  Paper-ga
p note

Underfull \hbox (badness 2376) in paragraph at lines 184--190
\TU/lmr/m/n/10 TNLean, 2026.  [][]$[][][][][] [] [] [] [][][][][][][][][] [] []
[][] [] [][][][][][] [] [][][][][][][][][][][] [] [][][][][][] [] [][][][] []
[424]
Underfull \hbox (badness 10000) in paragraph at lines 288--293
[]\TU/lmr/m/n/10 OpenAI.  Polynomial peps approximation of gapped square-

Underfull \hbox (badness 10000) in paragraph at lines 288--293
\TU/lmr/m/n/10 grid ground states, 2026.  September 24, 2026; source revision
[425]) [426]
(/Users/siruilu/Local/agentFormalization/QICLean/worktrees/area-law-bell-pin/bl
ueprint/print/print.aux) )
(see the transcript file for additional information)
Output written on /Users/siruilu/Local/agentFormalization/QICLean/worktrees/are
a-law-bell-pin/blueprint/print/print.pdf (427 pages).
SyncTeX written on /Users/siruilu/Local/agentFormalization/QICLean/worktrees/area-law-bell-pin/blueprint/print/print.synctex.gz.
Transcript written on /Users/siruilu/Local/agentFormalization/QICLean/worktrees
/area-law-bell-pin/blueprint/print/print.log.
Latexmk: Getting log file '/Users/siruilu/Local/agentFormalization/QICLean/worktrees/area-law-bell-pin/blueprint/print/print.log'
Latexmk: Examining '/Users/siruilu/Local/agentFormalization/QICLean/worktrees/area-law-bell-pin/blueprint/print/print.fls'
Latexmk: Examining '/Users/siruilu/Local/agentFormalization/QICLean/worktrees/area-law-bell-pin/blueprint/print/print.log'
Latexmk: Found input bbl file '/Users/siruilu/Local/agentFormalization/QICLean/worktrees/area-law-bell-pin/blueprint/print/print.bbl'
Latexmk: Log file says output to '/Users/siruilu/Local/agentFormalization/QICLean/worktrees/area-law-bell-pin/blueprint/print/print.pdf'
Latexmk: Using bibtex to make bibliography file(s).
  ===Source file '/Users/siruilu/Local/agentFormalization/QICLean/worktrees/area-law-bell-pin/blueprint/print/print.bbl' for 'pdflatex'
Latexmk: Found bibliography file(s):
  ./references.bib
Latexmk: All targets (/Users/siruilu/Local/agentFormalization/QICLean/worktrees/area-law-bell-pin/blueprint/print/print.pdf) are up-to-date

