Rc files read:
  latexmkrc
Latexmk: This is Latexmk, John Collins, 15 June 2025. Version 4.87.
No existing .aux file, so I'll make a simple one, and require run of *latex.
Latexmk: applying rule 'pdflatex'...
Rule 'pdflatex':  Reasons for rerun
Category 'other':
  Rerun of 'pdflatex' forced or previously required:
    Reason or flag: 'Initial setup'

------------
Run number 1 of rule 'pdflatex'
------------
------------
Running 'xelatex -synctex=1  -recorder -output-directory="/Users/siruilu/Local/agentFormalization/QICLean/worktrees/area-law-iid-surprisal/blueprint/print"  "print.tex"'
------------
This is XeTeX, Version 3.141592653-2.6-0.999998 (TeX Live 2026/Homebrew) (preloaded format=xelatex)
 restricted \write18 enabled.
entering extended mode
(./print.tex
LaTeX2e <2025-11-01>
L3 programming layer <2026-01-19>

(/opt/homebrew/Cellar/texlive/20260301/share/texmf-dist/tex/latex/base/report.c
ls
Document Class: report 2025/01/22 v1.4n Standard LaTeX document class

(/opt/homebrew/Cellar/texlive/20260301/share/texmf-dist/tex/latex/base/size10.c
lo))
(/opt/homebrew/Cellar/texlive/20260301/share/texmf-dist/tex/latex/geometry/geom
etry.sty
(/opt/homebrew/Cellar/texlive/20260301/share/texmf-dist/tex/latex/graphics/keyv
al.sty)
(/opt/homebrew/Cellar/texlive/20260301/share/texmf-dist/tex/generic/iftex/ifvte
x.sty
(/opt/homebrew/Cellar/texlive/20260301/share/texmf-dist/tex/generic/iftex/iftex
.sty)))
(/opt/homebrew/Cellar/texlive/20260301/share/texmf-dist/tex/latex/l3kernel/expl
3.sty
(/opt/homebrew/Cellar/texlive/20260301/share/texmf-dist/tex/latex/l3backend/l3b
ackend-xetex.def))
(/opt/homebrew/Cellar/texlive/20260301/share/texmf-dist/tex/latex/amsfonts/amss
ymb.sty
(/opt/homebrew/Cellar/texlive/20260301/share/texmf-dist/tex/latex/amsfonts/amsf
onts.sty))
(/opt/homebrew/Cellar/texlive/20260301/share/texmf-dist/tex/latex/amscls/amsthm
.sty)
(/opt/homebrew/Cellar/texlive/20260301/share/texmf-dist/tex/latex/mathtools/mat
htools.sty
(/opt/homebrew/Cellar/texlive/20260301/share/texmf-dist/tex/latex/tools/calc.st
y)
(/opt/homebrew/Cellar/texlive/20260301/share/texmf-dist/tex/latex/mathtools/mhs
etup.sty)
(/opt/homebrew/Cellar/texlive/20260301/share/texmf-dist/tex/latex/amsmath/amsma
th.sty
For additional information on amsmath, use the `?' option.

(/opt/homebrew/Cellar/texlive/20260301/share/texmf-dist/tex/latex/amsmath/amste
xt.sty
(/opt/homebrew/Cellar/texlive/20260301/share/texmf-dist/tex/latex/amsmath/amsge
n.sty))
(/opt/homebrew/Cellar/texlive/20260301/share/texmf-dist/tex/latex/amsmath/amsbs
y.sty)
(/opt/homebrew/Cellar/texlive/20260301/share/texmf-dist/tex/latex/amsmath/amsop
n.sty)))
(/opt/homebrew/Cellar/texlive/20260301/share/texmf-dist/tex/latex/pgf/frontendl
ayer/tikz.sty
(/opt/homebrew/Cellar/texlive/20260301/share/texmf-dist/tex/latex/pgf/basiclaye
r/pgf.sty
(/opt/homebrew/Cellar/texlive/20260301/share/texmf-dist/tex/latex/pgf/utilities
/pgfrcs.sty
(/opt/homebrew/Cellar/texlive/20260301/share/texmf-dist/tex/generic/pgf/utiliti
es/pgfutil-common.tex)
(/opt/homebrew/Cellar/texlive/20260301/share/texmf-dist/tex/generic/pgf/utiliti
es/pgfutil-latex.def)
(/opt/homebrew/Cellar/texlive/20260301/share/texmf-dist/tex/generic/pgf/utiliti
es/pgfrcs.code.tex
(/opt/homebrew/Cellar/texlive/20260301/share/texmf-dist/tex/generic/pgf/pgf.rev
ision.tex)))
(/opt/homebrew/Cellar/texlive/20260301/share/texmf-dist/tex/latex/pgf/basiclaye
r/pgfcore.sty
(/opt/homebrew/Cellar/texlive/20260301/share/texmf-dist/tex/latex/graphics/grap
hicx.sty
(/opt/homebrew/Cellar/texlive/20260301/share/texmf-dist/tex/latex/graphics/grap
hics.sty
(/opt/homebrew/Cellar/texlive/20260301/share/texmf-dist/tex/latex/graphics/trig
.sty)
(/opt/homebrew/Cellar/texlive/20260301/share/texmf-dist/tex/latex/graphics-cfg/
graphics.cfg)
(/opt/homebrew/Cellar/texlive/20260301/share/texmf-dist/tex/latex/graphics-def/
xetex.def)))
(/opt/homebrew/Cellar/texlive/20260301/share/texmf-dist/tex/latex/pgf/systemlay
er/pgfsys.sty
(/opt/homebrew/Cellar/texlive/20260301/share/texmf-dist/tex/generic/pgf/systeml
ayer/pgfsys.code.tex
(/opt/homebrew/Cellar/texlive/20260301/share/texmf-dist/tex/generic/pgf/utiliti
es/pgfkeys.code.tex
(/opt/homebrew/Cellar/texlive/20260301/share/texmf-dist/tex/generic/pgf/utiliti
es/pgfkeyslibraryfiltered.code.tex))
(/opt/homebrew/Cellar/texlive/20260301/share/texmf-dist/tex/generic/pgf/systeml
ayer/pgf.cfg)
(/opt/homebrew/Cellar/texlive/20260301/share/texmf-dist/tex/generic/pgf/systeml
ayer/pgfsys-xetex.def
(/opt/homebrew/Cellar/texlive/20260301/share/texmf-dist/tex/generic/pgf/systeml
ayer/pgfsys-dvipdfmx.def
(/opt/homebrew/Cellar/texlive/20260301/share/texmf-dist/tex/generic/pgf/systeml
ayer/pgfsys-common-pdf.def))))
(/opt/homebrew/Cellar/texlive/20260301/share/texmf-dist/tex/generic/pgf/systeml
ayer/pgfsyssoftpath.code.tex)
(/opt/homebrew/Cellar/texlive/20260301/share/texmf-dist/tex/generic/pgf/systeml
ayer/pgfsysprotocol.code.tex))
(/opt/homebrew/Cellar/texlive/20260301/share/texmf-dist/tex/latex/xcolor/xcolor
.sty
(/opt/homebrew/Cellar/texlive/20260301/share/texmf-dist/tex/latex/graphics-cfg/
color.cfg)
(/opt/homebrew/Cellar/texlive/20260301/share/texmf-dist/tex/latex/graphics/math
color.ltx))
(/opt/homebrew/Cellar/texlive/20260301/share/texmf-dist/tex/generic/pgf/basicla
yer/pgfcore.code.tex
(/opt/homebrew/Cellar/texlive/20260301/share/texmf-dist/tex/generic/pgf/math/pg
fmath.code.tex
(/opt/homebrew/Cellar/texlive/20260301/share/texmf-dist/tex/generic/pgf/math/pg
fmathutil.code.tex)
(/opt/homebrew/Cellar/texlive/20260301/share/texmf-dist/tex/generic/pgf/math/pg
fmathparser.code.tex)
(/opt/homebrew/Cellar/texlive/20260301/share/texmf-dist/tex/generic/pgf/math/pg
fmathfunctions.code.tex)
(/opt/homebrew/Cellar/texlive/20260301/share/texmf-dist/tex/generic/pgf/math/pg
fmathfunctions.basic.code.tex)
(/opt/homebrew/Cellar/texlive/20260301/share/texmf-dist/tex/generic/pgf/math/pg
fmathfunctions.trigonometric.code.tex)
(/opt/homebrew/Cellar/texlive/20260301/share/texmf-dist/tex/generic/pgf/math/pg
fmathfunctions.random.code.tex)
(/opt/homebrew/Cellar/texlive/20260301/share/texmf-dist/tex/generic/pgf/math/pg
fmathfunctions.comparison.code.tex)
(/opt/homebrew/Cellar/texlive/20260301/share/texmf-dist/tex/generic/pgf/math/pg
fmathfunctions.base.code.tex)
(/opt/homebrew/Cellar/texlive/20260301/share/texmf-dist/tex/generic/pgf/math/pg
fmathfunctions.round.code.tex)
(/opt/homebrew/Cellar/texlive/20260301/share/texmf-dist/tex/generic/pgf/math/pg
fmathfunctions.misc.code.tex)
(/opt/homebrew/Cellar/texlive/20260301/share/texmf-dist/tex/generic/pgf/math/pg
fmathfunctions.integerarithmetics.code.tex)
(/opt/homebrew/Cellar/texlive/20260301/share/texmf-dist/tex/generic/pgf/math/pg
fmathcalc.code.tex)
(/opt/homebrew/Cellar/texlive/20260301/share/texmf-dist/tex/generic/pgf/math/pg
fmathfloat.code.tex))
(/opt/homebrew/Cellar/texlive/20260301/share/texmf-dist/tex/generic/pgf/math/pg
fint.code.tex)
(/opt/homebrew/Cellar/texlive/20260301/share/texmf-dist/tex/generic/pgf/basicla
yer/pgfcorepoints.code.tex)
(/opt/homebrew/Cellar/texlive/20260301/share/texmf-dist/tex/generic/pgf/basicla
yer/pgfcorepathconstruct.code.tex)
(/opt/homebrew/Cellar/texlive/20260301/share/texmf-dist/tex/generic/pgf/basicla
yer/pgfcorepathusage.code.tex)
(/opt/homebrew/Cellar/texlive/20260301/share/texmf-dist/tex/generic/pgf/basicla
yer/pgfcorescopes.code.tex)
(/opt/homebrew/Cellar/texlive/20260301/share/texmf-dist/tex/generic/pgf/basicla
yer/pgfcoregraphicstate.code.tex)
(/opt/homebrew/Cellar/texlive/20260301/share/texmf-dist/tex/generic/pgf/basicla
yer/pgfcoretransformations.code.tex)
(/opt/homebrew/Cellar/texlive/20260301/share/texmf-dist/tex/generic/pgf/basicla
yer/pgfcorequick.code.tex)
(/opt/homebrew/Cellar/texlive/20260301/share/texmf-dist/tex/generic/pgf/basicla
yer/pgfcoreobjects.code.tex)
(/opt/homebrew/Cellar/texlive/20260301/share/texmf-dist/tex/generic/pgf/basicla
yer/pgfcorepathprocessing.code.tex)
(/opt/homebrew/Cellar/texlive/20260301/share/texmf-dist/tex/generic/pgf/basicla
yer/pgfcorearrows.code.tex)
(/opt/homebrew/Cellar/texlive/20260301/share/texmf-dist/tex/generic/pgf/basicla
yer/pgfcoreshade.code.tex)
(/opt/homebrew/Cellar/texlive/20260301/share/texmf-dist/tex/generic/pgf/basicla
yer/pgfcoreimage.code.tex)
(/opt/homebrew/Cellar/texlive/20260301/share/texmf-dist/tex/generic/pgf/basicla
yer/pgfcoreexternal.code.tex)
(/opt/homebrew/Cellar/texlive/20260301/share/texmf-dist/tex/generic/pgf/basicla
yer/pgfcorelayers.code.tex)
(/opt/homebrew/Cellar/texlive/20260301/share/texmf-dist/tex/generic/pgf/basicla
yer/pgfcoretransparency.code.tex)
(/opt/homebrew/Cellar/texlive/20260301/share/texmf-dist/tex/generic/pgf/basicla
yer/pgfcorepatterns.code.tex)
(/opt/homebrew/Cellar/texlive/20260301/share/texmf-dist/tex/generic/pgf/basicla
yer/pgfcorerdf.code.tex)))
(/opt/homebrew/Cellar/texlive/20260301/share/texmf-dist/tex/generic/pgf/modules
/pgfmoduleshapes.code.tex)
(/opt/homebrew/Cellar/texlive/20260301/share/texmf-dist/tex/generic/pgf/modules
/pgfmoduleplot.code.tex)
(/opt/homebrew/Cellar/texlive/20260301/share/texmf-dist/tex/latex/pgf/compatibi
lity/pgfcomp-version-0-65.sty)
(/opt/homebrew/Cellar/texlive/20260301/share/texmf-dist/tex/latex/pgf/compatibi
lity/pgfcomp-version-1-18.sty))
(/opt/homebrew/Cellar/texlive/20260301/share/texmf-dist/tex/latex/pgf/utilities
/pgffor.sty
(/opt/homebrew/Cellar/texlive/20260301/share/texmf-dist/tex/latex/pgf/utilities
/pgfkeys.sty
(/opt/homebrew/Cellar/texlive/20260301/share/texmf-dist/tex/generic/pgf/utiliti
es/pgfkeys.code.tex))
(/opt/homebrew/Cellar/texlive/20260301/share/texmf-dist/tex/latex/pgf/math/pgfm
ath.sty
(/opt/homebrew/Cellar/texlive/20260301/share/texmf-dist/tex/generic/pgf/math/pg
fmath.code.tex))
(/opt/homebrew/Cellar/texlive/20260301/share/texmf-dist/tex/generic/pgf/utiliti
es/pgffor.code.tex))
(/opt/homebrew/Cellar/texlive/20260301/share/texmf-dist/tex/generic/pgf/fronten
dlayer/tikz/tikz.code.tex
(/opt/homebrew/Cellar/texlive/20260301/share/texmf-dist/tex/generic/pgf/librari
es/pgflibraryplothandlers.code.tex)
(/opt/homebrew/Cellar/texlive/20260301/share/texmf-dist/tex/generic/pgf/modules
/pgfmodulematrix.code.tex)
(/opt/homebrew/Cellar/texlive/20260301/share/texmf-dist/tex/generic/pgf/fronten
dlayer/tikz/libraries/tikzlibrarytopaths.code.tex)))
(/opt/homebrew/Cellar/texlive/20260301/share/texmf-dist/tex/latex/hyperref/hype
rref.sty
(/opt/homebrew/Cellar/texlive/20260301/share/texmf-dist/tex/latex/kvsetkeys/kvs
etkeys.sty)
(/opt/homebrew/Cellar/texlive/20260301/share/texmf-dist/tex/generic/kvdefinekey
s/kvdefinekeys.sty)
(/opt/homebrew/Cellar/texlive/20260301/share/texmf-dist/tex/generic/pdfescape/p
dfescape.sty
(/opt/homebrew/Cellar/texlive/20260301/share/texmf-dist/tex/generic/ltxcmds/ltx
cmds.sty)
(/opt/homebrew/Cellar/texlive/20260301/share/texmf-dist/tex/generic/pdftexcmds/
pdftexcmds.sty
(/opt/homebrew/Cellar/texlive/20260301/share/texmf-dist/tex/generic/infwarerr/i
nfwarerr.sty)))
(/opt/homebrew/Cellar/texlive/20260301/share/texmf-dist/tex/latex/hycolor/hycol
or.sty)
(/opt/homebrew/Cellar/texlive/20260301/share/texmf-dist/tex/latex/hyperref/name
ref.sty
(/opt/homebrew/Cellar/texlive/20260301/share/texmf-dist/tex/latex/refcount/refc
ount.sty)
(/opt/homebrew/Cellar/texlive/20260301/share/texmf-dist/tex/generic/gettitlestr
ing/gettitlestring.sty
(/opt/homebrew/Cellar/texlive/20260301/share/texmf-dist/tex/latex/kvoptions/kvo
ptions.sty)))
(/opt/homebrew/Cellar/texlive/20260301/share/texmf-dist/tex/latex/etoolbox/etoo
lbox.sty)
(/opt/homebrew/Cellar/texlive/20260301/share/texmf-dist/tex/generic/stringenc/s
tringenc.sty)
(/opt/homebrew/Cellar/texlive/20260301/share/texmf-dist/tex/latex/hyperref/pd1e
nc.def)
(/opt/homebrew/Cellar/texlive/20260301/share/texmf-dist/tex/generic/intcalc/int
calc.sty)
(/opt/homebrew/Cellar/texlive/20260301/share/texmf-dist/tex/latex/hyperref/puen
c.def)
(/opt/homebrew/Cellar/texlive/20260301/share/texmf-dist/tex/latex/url/url.sty)
(/opt/homebrew/Cellar/texlive/20260301/share/texmf-dist/tex/generic/bitset/bits
et.sty
(/opt/homebrew/Cellar/texlive/20260301/share/texmf-dist/tex/generic/bigintcalc/
bigintcalc.sty)))
(/opt/homebrew/Cellar/texlive/20260301/share/texmf-dist/tex/latex/hyperref/hxet
ex.def
(/opt/homebrew/Cellar/texlive/20260301/share/texmf-dist/tex/latex/rerunfilechec
k/rerunfilecheck.sty
(/opt/homebrew/Cellar/texlive/20260301/share/texmf-dist/tex/generic/uniquecount
er/uniquecounter.sty)))
(/opt/homebrew/Cellar/texlive/20260301/share/texmf-dist/tex/latex/unicode-math/
unicode-math.sty
(/opt/homebrew/Cellar/texlive/20260301/share/texmf-dist/tex/latex/unicode-math/
unicode-math-xetex.sty
(/opt/homebrew/Cellar/texlive/20260301/share/texmf-dist/tex/latex/l3packages/xp
arse/xparse.sty)
(/opt/homebrew/Cellar/texlive/20260301/share/texmf-dist/tex/latex/l3packages/l3
keys2e/l3keys2e.sty)
(/opt/homebrew/Cellar/texlive/20260301/share/texmf-dist/tex/latex/fontspec/font
spec.sty
(/opt/homebrew/Cellar/texlive/20260301/share/texmf-dist/tex/latex/fontspec/font
spec-xetex.sty
(/opt/homebrew/Cellar/texlive/20260301/share/texmf-dist/tex/latex/base/fontenc.
sty)
(/opt/homebrew/Cellar/texlive/20260301/share/texmf-dist/tex/latex/fontspec/font
spec.cfg)))
(/opt/homebrew/Cellar/texlive/20260301/share/texmf-dist/tex/latex/base/fix-cm.s
ty
(/opt/homebrew/Cellar/texlive/20260301/share/texmf-dist/tex/latex/base/ts1enc.d
ef))
(/opt/homebrew/Cellar/texlive/20260301/share/texmf-dist/tex/latex/unicode-math/
unicode-math-table.tex))) (./macros/common.tex) (./macros/print.tex)
(/Users/siruilu/Local/agentFormalization/QICLean/worktrees/area-law-iid-surpris
al/.deps/tenkz/tex/tenkz/tenkz.sty
(/opt/homebrew/Cellar/texlive/20260301/share/texmf-dist/tex/generic/pgf/fronten
dlayer/tikz/libraries/tikzlibrarycalc.code.tex)
(/opt/homebrew/Cellar/texlive/20260301/share/texmf-dist/tex/generic/pgf/librari
es/pgflibraryarrows.meta.code.tex)
(/opt/homebrew/Cellar/texlive/20260301/share/texmf-dist/tex/generic/pgf/fronten
dlayer/tikz/libraries/tikzlibrarybackgrounds.code.tex)
(/opt/homebrew/Cellar/texlive/20260301/share/texmf-dist/tex/generic/pgf/fronten
dlayer/tikz/libraries/tikzlibrarydecorations.pathreplacing.code.tex
(/opt/homebrew/Cellar/texlive/20260301/share/texmf-dist/tex/generic/pgf/fronten
dlayer/tikz/libraries/tikzlibrarydecorations.code.tex
(/opt/homebrew/Cellar/texlive/20260301/share/texmf-dist/tex/generic/pgf/modules
/pgfmoduledecorations.code.tex))
(/opt/homebrew/Cellar/texlive/20260301/share/texmf-dist/tex/generic/pgf/librari
es/decorations/pgflibrarydecorations.pathreplacing.code.tex))
(/opt/homebrew/Cellar/texlive/20260301/share/texmf-dist/tex/generic/pgf/fronten
dlayer/tikz/libraries/tikzlibrarydecorations.markings.code.tex
(/opt/homebrew/Cellar/texlive/20260301/share/texmf-dist/tex/generic/pgf/librari
es/decorations/pgflibrarydecorations.markings.code.tex))
(/opt/homebrew/Cellar/texlive/20260301/share/texmf-dist/tex/generic/pgf/fronten
dlayer/tikz/libraries/tikzlibraryfit.code.tex)
(/opt/homebrew/Cellar/texlive/20260301/share/texmf-dist/tex/generic/pgf/fronten
dlayer/tikz/libraries/tikzlibraryshapes.geometric.code.tex
(/opt/homebrew/Cellar/texlive/20260301/share/texmf-dist/tex/generic/pgf/librari
es/shapes/pgflibraryshapes.geometric.code.tex))
(/opt/homebrew/Cellar/texlive/20260301/share/texmf-dist/tex/latex/hobby/tikzlib
raryhobby.code.tex
(/opt/homebrew/Cellar/texlive/20260301/share/texmf-dist/tex/latex/hobby/pgflibr
aryhobby.code.tex
(/opt/homebrew/Cellar/texlive/20260301/share/texmf-dist/tex/latex/hobby/hobby.c
ode.tex
(/opt/homebrew/Cellar/texlive/20260301/share/texmf-dist/tex/latex/hobby/pml3arr
ay.sty))))
(/opt/homebrew/Cellar/texlive/20260301/share/texmf-dist/tex/latex/spath3/tikzli
braryspath3.code.tex
(/opt/homebrew/Cellar/texlive/20260301/share/texmf-dist/tex/latex/spath3/spath3
.sty))
(/opt/homebrew/Cellar/texlive/20260301/share/texmf-dist/tex/generic/pgf/fronten
dlayer/tikz/libraries/tikzlibraryintersections.code.tex
(/opt/homebrew/Cellar/texlive/20260301/share/texmf-dist/tex/generic/pgf/librari
es/pgflibraryintersections.code.tex
(/opt/homebrew/Cellar/texlive/20260301/share/texmf-dist/tex/generic/pgf/librari
es/pgflibraryfpu.code.tex)))
(/Users/siruilu/Local/agentFormalization/QICLean/worktrees/area-law-iid-surpris
al/.deps/tenkz/tex/tenkz/tenkz-language.code.tex
(/Users/siruilu/Local/agentFormalization/QICLean/worktrees/area-law-iid-surpris
al/.deps/tenkz/tex/tenkz/tenkz-language-registry.tex))
(/Users/siruilu/Local/agentFormalization/QICLean/worktrees/area-law-iid-surpris
al/.deps/tenkz/tex/tenkz/tenkz-model.code.tex)
(/Users/siruilu/Local/agentFormalization/QICLean/worktrees/area-law-iid-surpris
al/.deps/tenkz/tex/tenkz/tenkz-core.code.tex)
(/Users/siruilu/Local/agentFormalization/QICLean/worktrees/area-law-iid-surpris
al/.deps/tenkz/tex/tenkz/tenkz-metric.code.tex)
(/Users/siruilu/Local/agentFormalization/QICLean/worktrees/area-law-iid-surpris
al/.deps/tenkz/tex/tenkz/tenkz-geometry.code.tex)
(/Users/siruilu/Local/agentFormalization/QICLean/worktrees/area-law-iid-surpris
al/.deps/tenkz/tex/tenkz/tenkz-string.code.tex)
(/Users/siruilu/Local/agentFormalization/QICLean/worktrees/area-law-iid-surpris
al/.deps/tenkz/tex/tenkz/tenkz-tree.code.tex)
(/Users/siruilu/Local/agentFormalization/QICLean/worktrees/area-law-iid-surpris
al/.deps/tenkz/tex/tenkz/tenkz-render.code.tex)
(/Users/siruilu/Local/agentFormalization/QICLean/worktrees/area-law-iid-surpris
al/.deps/tenkz/tex/tenkz/tenkz-kernel.code.tex
(/Users/siruilu/Local/agentFormalization/QICLean/worktrees/area-law-iid-surpris
al/.deps/tenkz/tex/tenkz/tenkz-kernel-language.code.tex)
(/Users/siruilu/Local/agentFormalization/QICLean/worktrees/area-law-iid-surpris
al/.deps/tenkz/tex/tenkz/tenkz-kernel-policy.code.tex)
(/Users/siruilu/Local/agentFormalization/QICLean/worktrees/area-law-iid-surpris
al/.deps/tenkz/tex/tenkz/tenkz-kernel-resolve.code.tex)
(/Users/siruilu/Local/agentFormalization/QICLean/worktrees/area-law-iid-surpris
al/.deps/tenkz/tex/tenkz/tenkz-kernel-ink.code.tex)
(/Users/siruilu/Local/agentFormalization/QICLean/worktrees/area-law-iid-surpris
al/.deps/tenkz/tex/tenkz/tenkz-kernel-annotate.code.tex)
(/Users/siruilu/Local/agentFormalization/QICLean/worktrees/area-law-iid-surpris
al/.deps/tenkz/tex/tenkz/tenkz-kernel-surface.code.tex)))
(./macros/diagrams.tex
(/opt/homebrew/Cellar/texlive/20260301/share/texmf-dist/tex/latex/tikz-cd/tikz-
cd.sty
(/opt/homebrew/Cellar/texlive/20260301/share/texmf-dist/tex/generic/tikz-cd/tik
zlibrarycd.code.tex
(/opt/homebrew/Cellar/texlive/20260301/share/texmf-dist/tex/generic/pgf/fronten
dlayer/tikz/libraries/tikzlibrarymatrix.code.tex)
(/opt/homebrew/Cellar/texlive/20260301/share/texmf-dist/tex/generic/pgf/fronten
dlayer/tikz/libraries/tikzlibraryquotes.code.tex))))
(/Users/siruilu/Local/agentFormalization/QICLean/worktrees/area-law-iid-surpris
al/blueprint/print/print.aux)
*geometry* driver: auto-detecting
*geometry* detected driver: xetex

Package hyperref Warning: Rerun to get /PageLabels entry.


(/opt/homebrew/Cellar/texlive/20260301/share/texmf-dist/tex/latex/amsfonts/umsa
.fd)
(/opt/homebrew/Cellar/texlive/20260301/share/texmf-dist/tex/latex/amsfonts/umsb
.fd) [1]
No file print.toc.
(./content.tex (./chapter/ch01_deconstructing_quantum.tex [1]
Chapter 1.

LaTeX Warning: Citation `Wolf2012Quantum' on page 2 undefined on input line 3.

(./chapter/ch01_states.tex
Overfull \hbox (8.30865pt too wide) in paragraph at lines 7--13
[][]\TU/lmr/bx/n/10 Definition 1.1.1 \TU/lmr/m/n/10 (Schmidt decomposition)\TU/
lmr/bx/n/10 . [][][] [][][] [][] [][][] \TU/lmr/m/n/10 For $[] [] [][] [] [][]$
 with $[] [] [][][][][] [][][]$,

LaTeX Warning: Reference `def:schmidt_decomposition' on page 2 undefined on inp
ut line 24.


LaTeX Warning: Reference `def:schmidt_decomposition' on page 2 undefined on inp
ut line 40.


LaTeX Warning: Reference `lem:schmidt_decomposition_le' on page 2 undefined on 
input line 40.


LaTeX Warning: Citation `Wolf2012Quantum' on page 2 undefined on input line 42.



LaTeX Warning: Reference `lem:schmidt_decomposition_le' on page 2 undefined on 
input line 46.


LaTeX Warning: Reference `lem:schmidt_decomposition_le' on page 2 undefined on 
input line 47.

[2]

LaTeX Warning: Reference `def:schmidt_decomposition' on page 3 undefined on inp
ut line 59.


LaTeX Warning: Reference `def:schmidt_rank' on page 3 undefined on input line 5
9.


LaTeX Warning: Citation `Wolf2012Quantum' on page 3 undefined on input line 62.



LaTeX Warning: Reference `def:purification' on page 3 undefined on input line 1
19.


LaTeX Warning: Reference `def:convex_decomposition' on page 3 undefined on inpu
t line 119.


LaTeX Warning: Reference `def:instrument' on page 3 undefined on input line 119
.


LaTeX Warning: Citation `Wolf2012Quantum' on page 3 undefined on input line 128
.


LaTeX Warning: Reference `thm:transpose_trick' on page 3 undefined on input lin
e 132.


LaTeX Warning: Reference `thm:transpose_trick' on page 3 undefined on input lin
e 148.

[3]

LaTeX Warning: Reference `def:convex_decomposition_with' on page 4 undefined on
 input line 206.


LaTeX Warning: Reference `def:convex_decomposition_with' on page 4 undefined on
 input line 224.


LaTeX Warning: Reference `lem:sub_smul_posSemidef_iff' on page 4 undefined on i
nput line 224.


LaTeX Warning: Reference `lem:ker_subset_of_convex_decomposition' on page 4 und
efined on input line 224.


LaTeX Warning: Citation `Wolf2012Quantum' on page 4 undefined on input line 233
.


LaTeX Warning: Reference `lem:sub_smul_posSemidef_iff' on page 4 undefined on i
nput line 242.


LaTeX Warning: Reference `lem:ker_subset_of_convex_decomposition' on page 4 und
efined on input line 242.


LaTeX Warning: Reference `lem:ker_subset_of_convex_decomposition' on page 4 und
efined on input line 244.


LaTeX Warning: Reference `lem:sub_smul_posSemidef_iff' on page 4 undefined on i
nput line 257.

) (./chapter/ch01_shifted_density_powers.tex [4]

LaTeX Warning: Reference `thm:density_compact' on page 5 undefined on input lin
e 27.


LaTeX Warning: Reference `thm:density_nonempty' on page 5 undefined on input li
ne 27.


LaTeX Warning: Reference `thm:density_compact' on page 5 undefined on input lin
e 32.


LaTeX Warning: Reference `thm:density_nonempty' on page 5 undefined on input li
ne 34.


LaTeX Warning: Reference `thm:positive_identity_shift' on page 5 undefined on i
nput line 60.


LaTeX Warning: Reference `thm:positive_identity_shift' on page 5 undefined on i
nput line 62.


LaTeX Warning: Reference `thm:positive_identity_shift' on page 5 undefined on i
nput line 78.


LaTeX Warning: Reference `thm:positive_identity_shift' on page 5 undefined on i
nput line 84.


LaTeX Warning: Reference `thm:positive_identity_shift' on page 5 undefined on i
nput line 101.


LaTeX Warning: Reference `thm:shifted_density_spectrum' on page 5 undefined on 
input line 101.


LaTeX Warning: Reference `thm:shifted_density_spectrum' on page 5 undefined on 
input line 105.

) (./chapter/ch01_shifted_density_truncation.tex

LaTeX Warning: Reference `def:closed_threshold_projection' on page 5 undefined 
on input line 30.

[5]

LaTeX Warning: Reference `def:closed_threshold_projection' on page 6 undefined 
on input line 50.


LaTeX Warning: Reference `def:shifted_power_head_tail' on page 6 undefined on i
nput line 63.


LaTeX Warning: Reference `thm:positive_identity_shift' on page 6 undefined on i
nput line 70.


LaTeX Warning: Reference `thm:closed_threshold_projection' on page 6 undefined 
on input line 70.


LaTeX Warning: Reference `thm:positive_identity_shift' on page 6 undefined on i
nput line 72.


LaTeX Warning: Reference `def:shifted_power_head_tail' on page 6 undefined on i
nput line 81.


LaTeX Warning: Reference `eq:shifted_power_split_definition' on page 6 undefine
d on input line 82.


LaTeX Warning: Reference `def:shifted_power_head_tail' on page 6 undefined on i
nput line 95.


LaTeX Warning: Reference `thm:shifted_power_functional_calculus' on page 6 unde
fined on input line 110.


LaTeX Warning: Reference `thm:closed_threshold_projection' on page 6 undefined 
on input line 110.


LaTeX Warning: Reference `def:shifted_power_head_tail' on page 6 undefined on i
nput line 124.


LaTeX Warning: Reference `thm:shifted_power_truncated_functions' on page 6 unde
fined on input line 131.


LaTeX Warning: Reference `eq:shifted_power_head_function' on page 6 undefined o
n input line 133.


LaTeX Warning: Reference `eq:shifted_power_tail_function' on page 6 undefined o
n input line 134.


LaTeX Warning: Reference `thm:positive_identity_shift' on page 6 undefined on i
nput line 149.


LaTeX Warning: Reference `def:shifted_power_head_tail' on page 6 undefined on i
nput line 159.


LaTeX Warning: Reference `thm:shifted_power_functional_calculus' on page 6 unde
fined on input line 167.


LaTeX Warning: Reference `thm:shifted_power_inverse' on page 6 undefined on inp
ut line 167.


LaTeX Warning: Reference `def:closed_threshold_projection' on page 6 undefined 
on input line 178.


LaTeX Warning: Reference `thm:closed_threshold_projection' on page 6 undefined 
on input line 185.

[6]

LaTeX Warning: Reference `def:shifted_power_head_tail' on page 7 undefined on i
nput line 201.


LaTeX Warning: Reference `thm:shifted_power_head_range' on page 7 undefined on 
input line 208.


LaTeX Warning: Reference `thm:closed_threshold_rank_trace' on page 7 undefined 
on input line 208.


LaTeX Warning: Reference `def:shifted_power_head_tail' on page 7 undefined on i
nput line 217.


LaTeX Warning: Reference `thm:shifted_power_truncated_functions' on page 7 unde
fined on input line 224.

) (./chapter/ch01_shifted_power_derivative.tex

LaTeX Warning: Reference `thm:shifted_power_functional_calculus' on page 7 unde
fined on input line 23.


LaTeX Warning: Reference `thm:shifted_power_derivative' on page 7 undefined on 
input line 44.

[7]

LaTeX Warning: Reference `thm:shifted_power_functional_calculus' on page 8 unde
fined on input line 57.

) (./chapter/ch01_positive_maps.tex

LaTeX Warning: Reference `def:trace_pairing_adjoint' on page 8 undefined on inp
ut line 4.


LaTeX Warning: Reference `def:positive_map' on page 8 undefined on input line 2
1.


LaTeX Warning: Reference `def:positive_map' on page 8 undefined on input line 5
3.


LaTeX Warning: Reference `def:cp_map' on page 8 undefined on input line 53.


LaTeX Warning: Reference `def:commutative_range' on page 8 undefined on input l
ine 53.


LaTeX Warning: Reference `thm:cp_iff_choi_posSemidef' on page 8 undefined on in
put line 53.


LaTeX Warning: Reference `lem:block_quadratic_form_nonneg_commuting' on page 8 
undefined on input line 53.


LaTeX Warning: Reference `thm:cp_iff_choi_posSemidef' on page 8 undefined on in
put line 60.


LaTeX Warning: Reference `thm:choi_matrix_id' on page 8 undefined on input line
 60.


LaTeX Warning: Reference `lem:block_quadratic_form_nonneg_commuting' on page 8 
undefined on input line 60.


LaTeX Warning: Reference `thm:cp_iff_choi_posSemidef' on page 8 undefined on in
put line 61.


LaTeX Warning: Reference `thm:choi_matrix_id' on page 8 undefined on input line
 65.


LaTeX Warning: Reference `lem:block_quadratic_form_nonneg_commuting' on page 8 
undefined on input line 74.


LaTeX Warning: Reference `lem:block_quadratic_form_nonneg_commuting' on page 8 
undefined on input line 78.

[8]

LaTeX Warning: Reference `def:positive_map' on page 9 undefined on input line 8
6.


LaTeX Warning: Reference `def:trace_pairing_adjoint' on page 9 undefined on inp
ut line 86.


LaTeX Warning: Reference `def:cp_map' on page 9 undefined on input line 103.


LaTeX Warning: Reference `def:trace_pairing_adjoint' on page 9 undefined on inp
ut line 103.


LaTeX Warning: Reference `def:positive_map' on page 9 undefined on input line 1
20.


LaTeX Warning: Reference `def:cp_map' on page 9 undefined on input line 120.


LaTeX Warning: Reference `def:commutative_range' on page 9 undefined on input l
ine 120.


LaTeX Warning: Reference `def:trace_pairing_adjoint' on page 9 undefined on inp
ut line 120.


LaTeX Warning: Reference `lem:positive_map_traceAdjointMap' on page 9 undefined
 on input line 120.


LaTeX Warning: Reference `lem:cp_from_positivity_commutative_codomain' on page 
9 undefined on input line 120.


LaTeX Warning: Reference `lem:cp_traceAdjointMap_iff' on page 9 undefined on in
put line 120.


LaTeX Warning: Reference `lem:positive_map_traceAdjointMap' on page 9 undefined
 on input line 127.


LaTeX Warning: Reference `lem:cp_from_positivity_commutative_codomain' on page 
9 undefined on input line 127.


LaTeX Warning: Reference `lem:cp_traceAdjointMap_iff' on page 9 undefined on in
put line 127.


LaTeX Warning: Reference `lem:positive_map_traceAdjointMap' on page 9 undefined
 on input line 128.


LaTeX Warning: Reference `lem:cp_from_positivity_commutative_codomain' on page 
9 undefined on input line 130.


LaTeX Warning: Reference `lem:cp_traceAdjointMap_iff' on page 9 undefined on in
put line 131.


LaTeX Warning: Reference `def:positive_map' on page 9 undefined on input line 1
39.


LaTeX Warning: Reference `def:cp_map' on page 9 undefined on input line 139.


LaTeX Warning: Reference `def:commutative_range' on page 9 undefined on input l
ine 139.


LaTeX Warning: Reference `def:trace_pairing_adjoint' on page 9 undefined on inp
ut line 139.


LaTeX Warning: Citation `Wolf2012Quantum' on page 9 undefined on input line 142
.


LaTeX Warning: Citation `gap:wolf_prop16_cp_positivity_commutative_side' on pag
e 9 undefined on input line 147.


LaTeX Warning: Reference `lem:cp_from_positivity_commutative_codomain' on page 
9 undefined on input line 153.


LaTeX Warning: Reference `lem:cp_from_positivity_commutative_domain' on page 9 
undefined on input line 153.


LaTeX Warning: Reference `lem:cp_from_positivity_commutative_codomain' on page 
9 undefined on input line 155.


LaTeX Warning: Reference `lem:cp_from_positivity_commutative_domain' on page 9 
undefined on input line 157.


LaTeX Warning: Reference `def:partial_trace_left' on page 9 undefined on input 
line 191.

[9]

LaTeX Warning: Reference `def:partial_trace_left' on page 10 undefined on input
 line 213.


LaTeX Warning: Reference `lem:trace_lift_left_factor_mul' on page 10 undefined 
on input line 233.


LaTeX Warning: Reference `thm:marginal_support_left_absorption' on page 10 unde
fined on input line 256.


LaTeX Warning: Citation `Cirac2016MPDO_arXiv' on page 10 undefined on input lin
e 261.


LaTeX Warning: Reference `thm:partial_trace_left_pos' on page 10 undefined on i
nput line 288.


LaTeX Warning: Reference `lem:trace_lift_right_factor_mul' on page 10 undefined
 on input line 288.


LaTeX Warning: Reference `thm:right_marginal_support_left_absorption' on page 1
0 undefined on input line 311.


Overfull \hbox (0.76086pt too wide) in paragraph at lines 323--327
[][]\TU/lmr/bx/n/10 Definition 1.8.9 \TU/lmr/m/n/10 (State-preparation map)\TU/
lmr/bx/n/10 . [][][] [][][] [][] [][][] \TU/lmr/m/n/10 Let $[]$ be a matrix on 
a finite-dimensional
[10]

LaTeX Warning: Citation `Cirac2016MPDO_arXiv' on page 11 undefined on input lin
e 333.


LaTeX Warning: Reference `sec:aux_kraus_composition' on page 11 undefined on in
put line 337.


LaTeX Warning: Reference `thm:cp_from_positivity_commutative' on page 11 undefi
ned on input line 346.


LaTeX Warning: Citation `gap:wolf_ch01_operator_system_extension_matrix_scope' 
on page 11 undefined on input line 354.


LaTeX Warning: Reference `def:partial_trace_left' on page 11 undefined on input
 line 360.


Overfull \hbox (4.87057pt too wide) in paragraph at lines 385--388
[][]\TU/lmr/bx/n/10 Theorem 1.9.3 \TU/lmr/m/n/10 (Trace of the maximally mixed 
matrix)\TU/lmr/bx/n/10 . [][][] [][][] [][] [][][] \TU/lmr/m/it/10 If $[] [] []
$, then $[][][][][][][] []

LaTeX Warning: Reference `def:is_kraus_cptp' on page 11 undefined on input line
 401.


LaTeX Warning: Reference `def:is_conditional_expectation' on page 11 undefined 
on input line 401.


LaTeX Warning: Citation `Wolf2012Quantum' on page 11 undefined on input line 41
3.


LaTeX Warning: Reference `thm:mpdo_equiv_reindex_cptp' on page 11 undefined on 
input line 428.


LaTeX Warning: Reference `lem:mpdo_right_partial_trace_cptp' on page 11 undefin
ed on input line 428.


LaTeX Warning: Reference `thm:maximally_mixed_pos' on page 11 undefined on inpu
t line 428.


LaTeX Warning: Reference `thm:maximally_mixed_trace' on page 11 undefined on in
put line 428.


LaTeX Warning: Reference `lem:mpdo_state_preparation_cptp' on page 11 undefined
 on input line 428.


LaTeX Warning: Reference `lem:is_kraus_cptp_comp' on page 11 undefined on input
 line 428.


LaTeX Warning: Reference `lem:is_kraus_cp_basic' on page 11 undefined on input 
line 428.


LaTeX Warning: Reference `lem:is_kraus_cp_iff_is_cp_map' on page 11 undefined o
n input line 428.


LaTeX Warning: Reference `thm:cp_is_positive' on page 11 undefined on input lin
e 428.


LaTeX Warning: Reference `thm:mpdo_left_partial_trace_kronecker' on page 11 und
efined on input line 428.


LaTeX Warning: Reference `thm:maximally_mixed_pos' on page 11 undefined on inpu
t line 431.


LaTeX Warning: Reference `thm:maximally_mixed_trace' on page 11 undefined on in
put line 432.


LaTeX Warning: Reference `thm:mpdo_equiv_reindex_cptp' on page 11 undefined on 
input line 433.


LaTeX Warning: Reference `lem:mpdo_right_partial_trace_cptp' on page 11 undefin
ed on input line 434.


LaTeX Warning: Reference `lem:mpdo_state_preparation_cptp' on page 11 undefined
 on input line 435.


LaTeX Warning: Reference `lem:is_kraus_cptp_comp' on page 11 undefined on input
 line 436.

[11]

LaTeX Warning: Reference `def:is_kraus_cptp' on page 12 undefined on input line
 466.


LaTeX Warning: Reference `def:is_conditional_expectation' on page 12 undefined 
on input line 466.


LaTeX Warning: Citation `Wolf2012Quantum' on page 12 undefined on input line 49
5.


LaTeX Warning: Citation `gap:wolf_prop1_5_one_factor_scope' on page 12 undefine
d on input line 502.


LaTeX Warning: Reference `thm:right_factor_conditional_expectation' on page 12 
undefined on input line 515.


LaTeX Warning: Reference `lem:direct_sum_kraus_composition_schwarz' on page 12 
undefined on input line 515.


LaTeX Warning: Reference `thm:direct_sum_map_extension_self' on page 12 undefin
ed on input line 515.


LaTeX Warning: Reference `thm:direct_sum_full_matrix_extension_compatibility' o
n page 12 undefined on input line 515.


LaTeX Warning: Reference `thm:direct_sum_extension_embedding_fixed' on page 12 
undefined on input line 515.


LaTeX Warning: Reference `thm:is_kraus_cptp_of_is_kraus_cp_trace_preserving' on
 page 12 undefined on input line 515.


LaTeX Warning: Reference `thm:is_kraus_cptp_trace_map' on page 12 undefined on 
input line 515.


LaTeX Warning: Reference `lem:is_kraus_cp_basic' on page 12 undefined on input 
line 515.


LaTeX Warning: Reference `lem:is_kraus_cp_iff_is_cp_map' on page 12 undefined o
n input line 515.


LaTeX Warning: Reference `thm:cp_is_positive' on page 12 undefined on input lin
e 515.


LaTeX Warning: Reference `thm:right_factor_conditional_expectation' on page 12 
undefined on input line 518.

[12]

LaTeX Warning: Reference `def:is_kraus_cptp' on page 13 undefined on input line
 561.


LaTeX Warning: Reference `thm:mpdo_equiv_reindex_cptp' on page 13 undefined on 
input line 579.


LaTeX Warning: Reference `thm:mpdo_single_kraus_map_cptp' on page 13 undefined 
on input line 579.


LaTeX Warning: Reference `lem:is_kraus_cptp_comp' on page 13 undefined on input
 line 579.


LaTeX Warning: Reference `def:is_kraus_cptp' on page 13 undefined on input line
 593.


LaTeX Warning: Reference `def:is_conditional_expectation' on page 13 undefined 
on input line 593.


LaTeX Warning: Citation `Wolf2012Quantum' on page 13 undefined on input line 60
0.


LaTeX Warning: Reference `thm:starSubalgebra_unitary_block_diagonal_iff' on pag
e 13 undefined on input line 610.


LaTeX Warning: Reference `thm:coordinate_direct_sum_conditional_expectation' on
 page 13 undefined on input line 610.


LaTeX Warning: Reference `thm:unitary_reindex_channels' on page 13 undefined on
 input line 610.


LaTeX Warning: Reference `lem:is_kraus_cptp_comp' on page 13 undefined on input
 line 610.


LaTeX Warning: Reference `lem:is_kraus_cp_basic' on page 13 undefined on input 
line 610.


LaTeX Warning: Reference `lem:is_kraus_cp_iff_is_cp_map' on page 13 undefined o
n input line 610.


LaTeX Warning: Reference `thm:cp_is_positive' on page 13 undefined on input lin
e 610.


LaTeX Warning: Reference `thm:unitary_reindex_channels' on page 13 undefined on
 input line 623.


LaTeX Warning: Reference `def:operator_system' on page 13 undefined on input li
ne 657.


LaTeX Warning: Reference `def:cp_on_operator_system' on page 13 undefined on in
put line 658.


LaTeX Warning: Reference `def:operator_system' on page 13 undefined on input li
ne 671.


LaTeX Warning: Reference `def:cp_on_operator_system' on page 13 undefined on in
put line 671.

[13]

LaTeX Warning: Reference `def:operator_system' on page 14 undefined on input li
ne 695.


LaTeX Warning: Reference `def:cp_on_operator_system' on page 14 undefined on in
put line 695.


LaTeX Warning: Reference `lem:tau_domination' on page 14 undefined on input lin
e 695.


LaTeX Warning: Reference `lem:tau_domination' on page 14 undefined on input lin
e 703.


LaTeX Warning: Reference `lem:tau_domination' on page 14 undefined on input lin
e 705.


LaTeX Warning: Reference `lem:tau_extension' on page 14 undefined on input line
 744.


LaTeX Warning: Reference `lem:tau_extension' on page 14 undefined on input line
 764.


LaTeX Warning: Reference `thm:extend_cp_operator_system' on page 14 undefined o
n input line 771.


Overfull \hbox (28.53387pt too wide) in paragraph at lines 774--777
[] [][][] \TU/lmr/m/n/10 Both sides expand, entry by entry, to the same double 
sum $[] [][] [][] [] [][] [][][][][] [][]$.
[14]

LaTeX Warning: Reference `def:operator_system' on page 15 undefined on input li
ne 801.


LaTeX Warning: Reference `def:cp_on_operator_system' on page 15 undefined on in
put line 801.


LaTeX Warning: Reference `def:is_kraus_cp' on page 15 undefined on input line 8
01.


LaTeX Warning: Reference `lem:tau_extension' on page 15 undefined on input line
 801.


LaTeX Warning: Reference `lem:tau_nonneg' on page 15 undefined on input line 80
1.


LaTeX Warning: Reference `lem:riesz_psd' on page 15 undefined on input line 801
.


LaTeX Warning: Reference `lem:reconstructed_kraus' on page 15 undefined on inpu
t line 801.


LaTeX Warning: Reference `lem:tau_inversion' on page 15 undefined on input line
 801.


LaTeX Warning: Reference `lem:tau_extension' on page 15 undefined on input line
 810.


LaTeX Warning: Reference `lem:tau_nonneg' on page 15 undefined on input line 81
0.


LaTeX Warning: Reference `lem:riesz_psd' on page 15 undefined on input line 810
.


LaTeX Warning: Reference `lem:reconstructed_kraus' on page 15 undefined on inpu
t line 810.


LaTeX Warning: Reference `lem:tau_inversion' on page 15 undefined on input line
 810.


LaTeX Warning: Reference `lem:tau_extension' on page 15 undefined on input line
 811.


LaTeX Warning: Reference `lem:tau_nonneg' on page 15 undefined on input line 81
4.


LaTeX Warning: Reference `lem:riesz_psd' on page 15 undefined on input line 815
.


LaTeX Warning: Reference `lem:reconstructed_kraus' on page 15 undefined on inpu
t line 818.


LaTeX Warning: Reference `lem:tau_inversion' on page 15 undefined on input line
 820.


LaTeX Warning: Reference `thm:extend_cp_operator_system' on page 15 undefined o
n input line 829.


LaTeX Warning: Reference `def:cp_on_operator_system' on page 15 undefined on in
put line 862.


LaTeX Warning: Reference `def:is_kraus_cp' on page 15 undefined on input line 8
82.

[15]

LaTeX Warning: Reference `eq:direct_sum_slice_transport' on page 16 undefined o
n input line 909.


LaTeX Warning: Reference `def:is_kraus_cp' on page 16 undefined on input line 9
24.


LaTeX Warning: Reference `lem:is_kraus_cp_basic' on page 16 undefined on input 
line 924.


LaTeX Warning: Reference `def:operator_system_direct_sum' on page 16 undefined 
on input line 939.


LaTeX Warning: Reference `def:cp_on_operator_system_direct_sum' on page 16 unde
fined on input line 939.


LaTeX Warning: Reference `def:operator_system_direct_sum' on page 16 undefined 
on input line 972.


LaTeX Warning: Reference `def:cp_on_operator_system_direct_sum' on page 16 unde
fined on input line 972.


LaTeX Warning: Reference `def:cp_map_direct_sum' on page 16 undefined on input 
line 972.


LaTeX Warning: Reference `thm:extend_cp_operator_system' on page 16 undefined o
n input line 972.


LaTeX Warning: Reference `def:operator_system_direct_sum' on page 16 undefined 
on input line 975.


LaTeX Warning: Reference `def:cp_on_operator_system_direct_sum' on page 16 unde
fined on input line 977.


LaTeX Warning: Reference `def:cp_map_direct_sum' on page 16 undefined on input 
line 979.


LaTeX Warning: Reference `thm:extend_cp_operator_system' on page 16 undefined o
n input line 984.


LaTeX Warning: Reference `thm:direct_sum_level_transport' on page 16 undefined 
on input line 984.


LaTeX Warning: Reference `thm:direct_sum_embedding_transport' on page 16 undefi
ned on input line 984.


LaTeX Warning: Reference `thm:kraus_cp_tensor_id' on page 16 undefined on input
 line 984.


LaTeX Warning: Reference `thm:direct_sum_embedding_transport' on page 16 undefi
ned on input line 986.


LaTeX Warning: Reference `thm:extend_cp_operator_system' on page 16 undefined o
n input line 988.


LaTeX Warning: Reference `eq:cp_direct_sum_ampliation' on page 16 undefined on 
input line 992.


LaTeX Warning: Reference `thm:direct_sum_level_transport' on page 16 undefined 
on input line 994.


LaTeX Warning: Reference `thm:kraus_cp_tensor_id' on page 16 undefined on input
 line 995.


LaTeX Warning: Reference `eq:direct_sum_slice_transport' on page 16 undefined o
n input line 997.

[16]

LaTeX Warning: Reference `def:cp_map_direct_sum' on page 17 undefined on input 
line 1008.


LaTeX Warning: Reference `def:is_kraus_cp' on page 17 undefined on input line 1
008.


LaTeX Warning: Reference `thm:kraus_cp_tensor_id' on page 17 undefined on input
 line 1015.


LaTeX Warning: Reference `def:operator_system_direct_sum' on page 17 undefined 
on input line 1031.


LaTeX Warning: Reference `def:cp_on_operator_system_direct_sum' on page 17 unde
fined on input line 1031.


LaTeX Warning: Reference `def:cp_map_direct_sum' on page 17 undefined on input 
line 1031.


LaTeX Warning: Reference `thm:extend_cp_operator_system_direct_sum' on page 17 
undefined on input line 1045.


LaTeX Warning: Reference `thm:matrix_star_subalgebra_cptp_conditional_expectati
on' on page 17 undefined on input line 1045.


LaTeX Warning: Reference `lem:is_kraus_cp_basic' on page 17 undefined on input 
line 1045.


LaTeX Warning: Reference `thm:cp_direct_sum_postcomp_kraus' on page 17 undefine
d on input line 1045.


LaTeX Warning: Reference `thm:extend_cp_operator_system_direct_sum' on page 17 
undefined on input line 1046.


LaTeX Warning: Reference `thm:matrix_star_subalgebra_cptp_conditional_expectati
on' on page 17 undefined on input line 1049.


LaTeX Warning: Reference `thm:cp_direct_sum_postcomp_kraus' on page 17 undefine
d on input line 1051.


LaTeX Warning: Reference `def:operator_system_direct_sum' on page 17 undefined 
on input line 1062.


LaTeX Warning: Reference `def:cp_on_operator_system_direct_sum' on page 17 unde
fined on input line 1062.


LaTeX Warning: Reference `def:cp_map_direct_sum' on page 17 undefined on input 
line 1062.


LaTeX Warning: Reference `thm:extend_cp_operator_system_subalgebra_range' on pa
ge 17 undefined on input line 1078.


LaTeX Warning: Reference `thm:extend_cp_operator_system_subalgebra_range' on pa
ge 17 undefined on input line 1079.


LaTeX Warning: Reference `def:is_kraus_cptp' on page 17 undefined on input line
 1102.

[17]

LaTeX Warning: Reference `def:is_kraus_cptp' on page 18 undefined on input line
 1116.


LaTeX Warning: Citation `Cirac2016MPDO_arXiv' on page 18 undefined on input lin
e 1127.


LaTeX Warning: Reference `def:mpdo_single_kraus_map' on page 18 undefined on in
put line 1150.


LaTeX Warning: Reference `def:mpdo_single_kraus_map' on page 18 undefined on in
put line 1158.


LaTeX Warning: Reference `thm:mpdo_single_kraus_isometry_cptp' on page 18 undef
ined on input line 1158.


LaTeX Warning: Reference `def:is_kraus_cp' on page 18 undefined on input line 1
167.


LaTeX Warning: Reference `def:mpdo_single_kraus_map' on page 18 undefined on in
put line 1167.


LaTeX Warning: Reference `def:mpdo_equiv_reindex_map' on page 18 undefined on i
nput line 1190.


LaTeX Warning: Reference `thm:mpdo_single_kraus_isometry_cptp' on page 18 undef
ined on input line 1190.


LaTeX Warning: Reference `def:is_kraus_cptp' on page 18 undefined on input line
 1208.


LaTeX Warning: Reference `def:is_kraus_cp' on page 18 undefined on input line 1
232.

[18]

LaTeX Warning: Reference `def:is_kraus_cptp' on page 19 undefined on input line
 1255.


LaTeX Warning: Reference `def:mpdo_rectangular_kraus_map' on page 19 undefined 
on input line 1255.


LaTeX Warning: Reference `def:is_kraus_cp' on page 19 undefined on input line 1
270.


LaTeX Warning: Reference `def:mpdo_rectangular_kraus_map' on page 19 undefined 
on input line 1270.


LaTeX Warning: Reference `def:mpdo_rectangular_kraus_map' on page 19 undefined 
on input line 1279.


LaTeX Warning: Reference `def:mpdo_rectangular_kraus_map' on page 19 undefined 
on input line 1294.


LaTeX Warning: Citation `Cirac2016MPDO_arXiv' on page 19 undefined on input lin
e 1307.


LaTeX Warning: Reference `def:mpdo_controlled_kraus_map' on page 19 undefined o
n input line 1315.


LaTeX Warning: Reference `def:mpdo_rectangular_kraus_map' on page 19 undefined 
on input line 1315.


LaTeX Warning: Reference `def:mpdo_controlled_kraus_map' on page 19 undefined o
n input line 1336.

[19]
Overfull \hbox (5.29309pt too wide) in paragraph at lines 1340--1344
[] [][][] \TU/lmr/m/n/10 For every $[][][] [][]$ and $[] [] []$, the zero-exten
ded operator satisfies $[][][][][][] []

LaTeX Warning: Reference `def:mpdo_controlled_kraus_map' on page 20 undefined o
n input line 1351.


LaTeX Warning: Reference `def:is_kraus_cptp' on page 20 undefined on input line
 1351.


LaTeX Warning: Reference `thm:mpdo_rectangular_kraus_map_cptp' on page 20 undef
ined on input line 1359.


LaTeX Warning: Reference `thm:mpdo_rectangular_kraus_map_cptp' on page 20 undef
ined on input line 1367.


LaTeX Warning: Reference `def:orthogonal_projection_channel' on page 20 undefin
ed on input line 1380.


LaTeX Warning: Reference `def:is_kraus_cptp' on page 20 undefined on input line
 1380.


LaTeX Warning: Reference `def:mpdo_single_kraus_map' on page 20 undefined on in
put line 1380.


LaTeX Warning: Reference `thm:mpdo_rectangular_kraus_map_cptp' on page 20 undef
ined on input line 1393.


LaTeX Warning: Reference `thm:mpdo_rectangular_kraus_map_cptp' on page 20 undef
ined on input line 1403.


LaTeX Warning: Citation `Cirac2016MPDO_arXiv' on page 20 undefined on input lin
e 1420.


LaTeX Warning: Reference `def:mpdo_right_partial_trace_map' on page 20 undefine
d on input line 1427.


LaTeX Warning: Reference `def:mpdo_right_partial_trace_map' on page 20 undefine
d on input line 1443.


LaTeX Warning: Reference `def:is_kraus_cptp' on page 20 undefined on input line
 1443.


LaTeX Warning: Reference `thm:mpdo_rectangular_kraus_map_cptp' on page 20 undef
ined on input line 1450.

[20]

LaTeX Warning: Reference `thm:mpdo_rectangular_kraus_map_cptp' on page 21 undef
ined on input line 1460.


LaTeX Warning: Citation `Cirac2016MPDO_arXiv' on page 21 undefined on input lin
e 1466.


LaTeX Warning: Reference `def:mpdo_state_preparation_map' on page 21 undefined 
on input line 1468.


LaTeX Warning: Reference `def:mpdo_rectangular_kraus_map' on page 21 undefined 
on input line 1485.


LaTeX Warning: Reference `def:mpdo_state_preparation_map' on page 21 undefined 
on input line 1485.


LaTeX Warning: Reference `def:mpdo_state_preparation_kraus' on page 21 undefine
d on input line 1485.


LaTeX Warning: Reference `def:mpdo_state_preparation_kraus' on page 21 undefine
d on input line 1507.


Overfull \hbox (0.58412pt too wide) in paragraph at lines 1512--1516
[] [][][] \TU/lmr/m/n/10 Since $[]$ is Hermitian and $[][] [] []$, the diagonal
 entries of the sum are $[][] [][][] []

LaTeX Warning: Reference `def:is_kraus_cp' on page 21 undefined on input line 1
523.


LaTeX Warning: Reference `def:mpdo_state_preparation_map' on page 21 undefined 
on input line 1523.


LaTeX Warning: Reference `thm:mpdo_state_preparation_kraus_action' on page 21 u
ndefined on input line 1523.


LaTeX Warning: Reference `def:mpdo_state_preparation_map' on page 21 undefined 
on input line 1534.


LaTeX Warning: Reference `def:mpdo_state_preparation_kraus' on page 21 undefine
d on input line 1534.


LaTeX Warning: Reference `def:is_kraus_cptp' on page 21 undefined on input line
 1534.


LaTeX Warning: Reference `thm:mpdo_rectangular_kraus_map_cptp' on page 21 undef
ined on input line 1544.


LaTeX Warning: Reference `thm:mpdo_state_preparation_kraus_action' on page 21 u
ndefined on input line 1544.


LaTeX Warning: Reference `thm:mpdo_state_preparation_kraus_resolution' on page 
21 undefined on input line 1544.


LaTeX Warning: Reference `thm:mpdo_state_preparation_kraus_action' on page 21 u
ndefined on input line 1545.


LaTeX Warning: Reference `thm:mpdo_state_preparation_kraus_resolution' on page 
21 undefined on input line 1547.


LaTeX Warning: Reference `thm:mpdo_rectangular_kraus_map_cptp' on page 21 undef
ined on input line 1549.

) (./chapter/ch01_spectrum_and_wigner.tex

LaTeX Warning: Citation `Wolf2012Quantum' on page 21 undefined on input line 7.


[21]

LaTeX Warning: Reference `def:hermitian_simple_spectrum_perturbation' on page 2
2 undefined on input line 62.


LaTeX Warning: Reference `def:hermitian_simple_spectrum_perturbation' on page 2
2 undefined on input line 72.


LaTeX Warning: Reference `eq:ch01_simple_perturbation' on page 22 undefined on 
input line 79.


LaTeX Warning: Reference `thm:set_spectrum_multiplicity' on page 22 undefined o
n input line 111.


LaTeX Warning: Reference `thm:hermitian_trace_power_sum' on page 22 undefined o
n input line 111.


LaTeX Warning: Reference `thm:set_spectrum_multiplicity' on page 22 undefined o
n input line 112.


LaTeX Warning: Reference `eq:ch01_trace_power_sum' on page 22 undefined on inpu
t line 113.

[22]

LaTeX Warning: Reference `def:hermitian_simple_spectrum_perturbation' on page 2
3 undefined on input line 177.


LaTeX Warning: Reference `thm:hermitian_simple_spectrum_perturbation' on page 2
3 undefined on input line 177.


LaTeX Warning: Reference `thm:hermitian_set_spectrum_multiplicity' on page 23 u
ndefined on input line 177.


LaTeX Warning: Reference `thm:matrix_trace_power_continuity' on page 23 undefin
ed on input line 177.


LaTeX Warning: Reference `thm:newton_girard' on page 23 undefined on input line
 177.


LaTeX Warning: Reference `thm:hermitian_simple_spectrum_perturbation' on page 2
3 undefined on input line 180.


LaTeX Warning: Reference `eq:ch01_set_spectrum_hypothesis' on page 23 undefined
 on input line 181.


LaTeX Warning: Reference `thm:hermitian_set_spectrum_multiplicity' on page 23 u
ndefined on input line 182.


LaTeX Warning: Reference `thm:matrix_trace_power_continuity' on page 23 undefin
ed on input line 189.

[23]

LaTeX Warning: Reference `eq:projective_pure_state_matrix' on page 24 undefined
 on input line 241.


LaTeX Warning: Reference `def:orthogonal_projection_channel' on page 24 undefin
ed on input line 279.


LaTeX Warning: Reference `def:projective_pure_state_matrix' on page 24 undefine
d on input line 279.


LaTeX Warning: Reference `def:projective_transition_probability' on page 24 und
efined on input line 279.


LaTeX Warning: Citation `Wolf2012Quantum' on page 24 undefined on input line 29
2.


LaTeX Warning: Reference `def:projective_pure_state_matrix' on page 24 undefine
d on input line 319.


LaTeX Warning: Reference `thm:hermitian_charpoly_unitary_conjugacy' on page 24 
undefined on input line 332.


LaTeX Warning: Reference `thm:projective_pure_state_bridge' on page 24 undefine
d on input line 332.


LaTeX Warning: Reference `def:projective_pure_state_matrix' on page 24 undefine
d on input line 346.

[24]

LaTeX Warning: Reference `def:projective_pure_state_matrix' on page 25 undefine
d on input line 363.


LaTeX Warning: Reference `thm:star_dot_self_smul_normalized_pure_state_matrix' 
on page 25 undefined on input line 374.


LaTeX Warning: Reference `thm:linearMap_eq_of_eq_on_rankOne' on page 25 undefin
ed on input line 374.


LaTeX Warning: Reference `def:projective_transition_probability' on page 25 und
efined on input line 385.


LaTeX Warning: Reference `def:projective_pure_state_matrix' on page 25 undefine
d on input line 396.


LaTeX Warning: Reference `thm:projective_pure_state_bridge' on page 25 undefine
d on input line 396.


LaTeX Warning: Reference `def:projective_pure_state_matrix' on page 25 undefine
d on input line 416.


LaTeX Warning: Reference `thm:projective_pure_state_bridge' on page 25 undefine
d on input line 437.


LaTeX Warning: Reference `eq:charpoly_sum_two_pure_states' on page 25 undefined
 on input line 464.

[25]

LaTeX Warning: Reference `def:projective_pure_state_matrix' on page 26 undefine
d on input line 474.


LaTeX Warning: Reference `thm:charpoly_sum_two_pure_states' on page 26 undefine
d on input line 486.


LaTeX Warning: Reference `eq:charpoly_sum_two_pure_states' on page 26 undefined
 on input line 488.


LaTeX Warning: Reference `def:projective_transition_probability' on page 26 und
efined on input line 498.


LaTeX Warning: Reference `def:projective_pure_state_matrix' on page 26 undefine
d on input line 520.


LaTeX Warning: Reference `thm:projective_pure_state_bridge' on page 26 undefine
d on input line 533.


LaTeX Warning: Reference `thm:projective_wigner_rigidity' on page 26 undefined 
on input line 533.

[26]

LaTeX Warning: Citation `Wolf2012Quantum' on page 27 undefined on input line 56
6.


LaTeX Warning: Reference `thm:hermitian_set_spectrum_charpoly' on page 27 undef
ined on input line 575.


LaTeX Warning: Reference `thm:pure_state_matrix_of_hermitian_charpoly_eq' on pa
ge 27 undefined on input line 575.


LaTeX Warning: Reference `thm:transition_probability_of_sum_charpoly' on page 2
7 undefined on input line 575.


LaTeX Warning: Reference `thm:projective_pure_state_bridge' on page 27 undefine
d on input line 575.


LaTeX Warning: Reference `thm:projective_wigner_rigidity' on page 27 undefined 
on input line 575.


LaTeX Warning: Reference `thm:linear_map_eq_of_eq_on_pure_state_matrix' on page
 27 undefined on input line 575.


LaTeX Warning: Reference `thm:hermitian_set_spectrum_charpoly' on page 27 undef
ined on input line 577.


LaTeX Warning: Reference `thm:transition_probability_of_sum_charpoly' on page 2
7 undefined on input line 593.

) (./chapter/ch01_cyclic_trace_power.tex) (./chapter/ch01_coherent_frames.tex
[27]

LaTeX Warning: Reference `eq:frame_difference_gram' on page 28 undefined on inp
ut line 38.


LaTeX Warning: Reference `eq:frame_reference_bound' on page 28 undefined on inp
ut line 64.


LaTeX Warning: Reference `thm:frame_reference_amplification' on page 28 undefin
ed on input line 82.


LaTeX Warning: Reference `thm:frame_reference_amplification' on page 28 undefin
ed on input line 84.

)) (./chapter/ch02_channels.tex [28]
Chapter 2.

LaTeX Warning: Citation `Wolf2012Quantum' on page 29 undefined on input line 4.


(./chapter/ch02_channels_positive_map_and_channel_foundations.tex

LaTeX Warning: Reference `def:positive_map' on page 29 undefined on input line 
15.


LaTeX Warning: Reference `thm:cp_map_entrywise_complete_positive' on page 29 un
defined on input line 74.


LaTeX Warning: Reference `thm:cp_map_to_abstract_completely_positive' on page 2
9 undefined on input line 76.

[29]

LaTeX Warning: Reference `def:cp_map' on page 30 undefined on input line 82.


LaTeX Warning: Reference `def:cp_map' on page 30 undefined on input line 89.


LaTeX Warning: Reference `eq:channel_kraus_representation' on page 30 undefined
 on input line 97.


LaTeX Warning: Reference `def:cp_map' on page 30 undefined on input line 113.


LaTeX Warning: Reference `thm:cp_map_entrywise_complete_positive' on page 30 un
defined on input line 113.


LaTeX Warning: Reference `thm:cp_map_entrywise_complete_positive' on page 30 un
defined on input line 121.


LaTeX Warning: Reference `def:cp_map' on page 30 undefined on input line 124.


LaTeX Warning: Reference `def:cp_map' on page 30 undefined on input line 131.


LaTeX Warning: Reference `def:positive_map' on page 30 undefined on input line 
131.


LaTeX Warning: Reference `eq:channel_kraus_representation' on page 30 undefined
 on input line 137.


LaTeX Warning: Reference `def:cp_map' on page 30 undefined on input line 148.


LaTeX Warning: Reference `def:trace_preserving' on page 30 undefined on input l
ine 148.


LaTeX Warning: Citation `Wolf2012Quantum' on page 30 undefined on input line 15
1.


LaTeX Warning: Reference `def:channel' on page 30 undefined on input line 157.


LaTeX Warning: Reference `def:positive_map' on page 30 undefined on input line 
157.


LaTeX Warning: Reference `thm:cp_is_positive' on page 30 undefined on input lin
e 161.


LaTeX Warning: Reference `thm:cp_is_positive' on page 30 undefined on input lin
e 163.


LaTeX Warning: Reference `def:positive_map' on page 30 undefined on input line 
172.

[30]

LaTeX Warning: Reference `def:positive_map' on page 31 undefined on input line 
184.


LaTeX Warning: Reference `def:trace_preserving' on page 31 undefined on input l
ine 192.


LaTeX Warning: Reference `def:positive_map_is_positive_linear_map' on page 31 u
ndefined on input line 217.


LaTeX Warning: Reference `def:positive_map_is_positive_linear_map' on page 31 u
ndefined on input line 225.


LaTeX Warning: Reference `def:density_matrices' on page 31 undefined on input l
ine 254.

) (./chapter/ch02_channels_rectangular_kraus_maps.tex [31]

LaTeX Warning: Reference `def:is_kraus_cp' on page 32 undefined on input line 3
0.


LaTeX Warning: Reference `def:cp_map' on page 32 undefined on input line 30.


LaTeX Warning: Reference `def:is_kraus_cp' on page 32 undefined on input line 3
9.


LaTeX Warning: Reference `def:is_kraus_cptp' on page 32 undefined on input line
 39.


LaTeX Warning: Reference `def:is_kraus_cp' on page 32 undefined on input line 4
9.


LaTeX Warning: Reference `def:is_kraus_cp' on page 32 undefined on input line 7
4.


LaTeX Warning: Reference `def:is_kraus_cptp' on page 32 undefined on input line
 74.


LaTeX Warning: Reference `def:is_kraus_cptp' on page 32 undefined on input line
 90.


Overfull \hbox (4.21751pt too wide) in paragraph at lines 88--93
[][]\TU/lmr/bx/n/10 Theorem 2.5.8 \TU/lmr/m/n/10 (Trace preservation from a Kra
us resolution)\TU/lmr/bx/n/10 . [][][] [][][] [][] [][][] []\TU/lmr/m/it/10 Eve
ry trace-preserving

LaTeX Warning: Reference `def:is_kraus_cptp' on page 32 undefined on input line
 112.


LaTeX Warning: Reference `def:trace_pairing_adjoint' on page 32 undefined on in
put line 112.


LaTeX Warning: Citation `Wolf2012Quantum' on page 32 undefined on input line 12
1.


LaTeX Warning: Reference `thm:trace_pairing_adjoint_identity' on page 32 undefi
ned on input line 127.


LaTeX Warning: Reference `thm:is_kraus_cptp_trace_map' on page 32 undefined on 
input line 127.


LaTeX Warning: Reference `thm:trace_nondeg' on page 32 undefined on input line 
127.


LaTeX Warning: Reference `def:is_kraus_cptp' on page 32 undefined on input line
 143.

[32]
Overfull \hbox (6.7766pt too wide) in paragraph at lines 148--148
[]\TU/lmr/bx/n/14.4 The Choi–Jamiolkowski representation of maps between

LaTeX Warning: Reference `def:maximally_entangled' on page 33 undefined on inpu
t line 162.


LaTeX Warning: Reference `def:tensor_map_id' on page 33 undefined on input line
 162.


LaTeX Warning: Citation `Wolf2012Quantum' on page 33 undefined on input line 17
0.


LaTeX Warning: Reference `def:choi_matrix_rect' on page 33 undefined on input l
ine 178.


LaTeX Warning: Reference `eq:choi_rect_linear_add' on page 33 undefined on inpu
t line 196.


LaTeX Warning: Reference `eq:choi_rect_linear_smul' on page 33 undefined on inp
ut line 196.


LaTeX Warning: Reference `eq:choi_rect_linear_sum' on page 33 undefined on inpu
t line 198.


LaTeX Warning: Reference `def:choi_matrix_rect' on page 33 undefined on input l
ine 207.


LaTeX Warning: Citation `Wolf2012Quantum' on page 33 undefined on input line 21
8.


LaTeX Warning: Reference `def:choi_matrix_rect' on page 33 undefined on input l
ine 232.


LaTeX Warning: Reference `thm:choi_rect_mutual_inverse' on page 33 undefined on
 input line 232.


LaTeX Warning: Citation `Wolf2012Quantum' on page 33 undefined on input line 23
9.


LaTeX Warning: Reference `thm:choi_rect_mutual_inverse' on page 33 undefined on
 input line 245.

[33]

LaTeX Warning: Reference `def:choi_matrix_rect' on page 34 undefined on input l
ine 253.


LaTeX Warning: Citation `Wolf2012Quantum' on page 34 undefined on input line 25
6.


LaTeX Warning: Reference `def:choi_matrix_rect' on page 34 undefined on input l
ine 275.


LaTeX Warning: Reference `def:is_kraus_cp' on page 34 undefined on input line 2
75.


LaTeX Warning: Citation `Wolf2012Quantum' on page 34 undefined on input line 27
9.


LaTeX Warning: Reference `def:choi_matrix_rect' on page 34 undefined on input l
ine 298.


LaTeX Warning: Reference `def:partial_trace' on page 34 undefined on input line
 298.


LaTeX Warning: Citation `Wolf2012Quantum' on page 34 undefined on input line 30
2.


LaTeX Warning: Reference `def:choi_matrix_rect' on page 34 undefined on input l
ine 318.


LaTeX Warning: Reference `def:partial_trace' on page 34 undefined on input line
 318.


LaTeX Warning: Reference `def:trace_pairing_adjoint' on page 34 undefined on in
put line 318.


LaTeX Warning: Citation `Wolf2012Quantum' on page 34 undefined on input line 32
3.


LaTeX Warning: Reference `def:choi_matrix_rect' on page 34 undefined on input l
ine 340.


LaTeX Warning: Reference `thm:choi_rect_tp' on page 34 undefined on input line 
340.


LaTeX Warning: Citation `Wolf2012Quantum' on page 34 undefined on input line 34
3.


LaTeX Warning: Reference `thm:choi_rect_tp' on page 34 undefined on input line 
349.


LaTeX Warning: Reference `def:choi_matrix_rect' on page 34 undefined on input l
ine 356.


LaTeX Warning: Reference `thm:choi_rect_unital' on page 34 undefined on input l
ine 356.


LaTeX Warning: Reference `thm:choi_rect_tp' on page 34 undefined on input line 
356.


LaTeX Warning: Citation `Wolf2012Quantum' on page 34 undefined on input line 36
0.


LaTeX Warning: Reference `thm:choi_rect_unital' on page 34 undefined on input l
ine 367.


LaTeX Warning: Reference `thm:choi_rect_tp' on page 34 undefined on input line 
367.


LaTeX Warning: Reference `def:is_kraus_cp' on page 34 undefined on input line 3
77.


LaTeX Warning: Citation `Wolf2012Quantum' on page 34 undefined on input line 38
2.


LaTeX Warning: Reference `def:choi_matrix_rect' on page 34 undefined on input l
ine 389.


LaTeX Warning: Reference `lem:choi_rect_linear' on page 34 undefined on input l
ine 389.


LaTeX Warning: Reference `thm:choi_rect_mutual_inverse' on page 34 undefined on
 input line 389.


LaTeX Warning: Reference `thm:choi_rect_cp' on page 34 undefined on input line 
389.


LaTeX Warning: Reference `thm:choi_rect_hermiticity' on page 34 undefined on in
put line 389.


LaTeX Warning: Reference `lem:choi_rect_linear' on page 34 undefined on input l
ine 391.


LaTeX Warning: Reference `thm:choi_rect_mutual_inverse' on page 34 undefined on
 input line 392.

[34]

LaTeX Warning: Reference `thm:choi_rect_hermiticity' on page 35 undefined on in
put line 408.


LaTeX Warning: Reference `eq:choi_rect_hermitian_split' on page 35 undefined on
 input line 409.


LaTeX Warning: Reference `def:is_kraus_cp' on page 35 undefined on input line 4
22.


LaTeX Warning: Citation `Wolf2012Quantum' on page 35 undefined on input line 42
7.


Overfull \hbox (19.3712pt too wide) in paragraph at lines 420--428
[][]\TU/lmr/bx/n/10 Theorem 2.7.1 \TU/lmr/m/n/10 (Kraus normalization condition
s)\TU/lmr/bx/n/10 . [][][] [][][] [][][][] [][][] [][][][] [][][] [][] [][][] [
]\TU/lmr/m/it/10 Let $[][][][] [] [][] [][][][][]$

LaTeX Warning: Reference `def:is_kraus_cp' on page 35 undefined on input line 4
43.


LaTeX Warning: Reference `def:choi_matrix_rect' on page 35 undefined on input l
ine 443.


LaTeX Warning: Citation `Wolf2012Quantum' on page 35 undefined on input line 44
7.


LaTeX Warning: Reference `def:kraus_rank_rect' on page 35 undefined on input li
ne 458.


LaTeX Warning: Reference `thm:choi_rect_cp' on page 35 undefined on input line 
458.


LaTeX Warning: Citation `Wolf2012Quantum' on page 35 undefined on input line 46
1.


LaTeX Warning: Reference `thm:choi_rect_cp' on page 35 undefined on input line 
466.


LaTeX Warning: Reference `thm:choi_rect_cp' on page 35 undefined on input line 
473.


LaTeX Warning: Reference `def:kraus_rank_rect' on page 35 undefined on input li
ne 482.


LaTeX Warning: Reference `thm:kraus_rect_rank_minimal' on page 35 undefined on 
input line 482.


LaTeX Warning: Citation `Wolf2012Quantum' on page 35 undefined on input line 48
7.


LaTeX Warning: Reference `thm:kraus_rect_rank_minimal' on page 35 undefined on 
input line 492.


LaTeX Warning: Reference `thm:kraus_rect_rank_minimal' on page 35 undefined on 
input line 494.


LaTeX Warning: Reference `def:is_kraus_cp' on page 35 undefined on input line 5
13.


LaTeX Warning: Citation `Wolf2012Quantum' on page 35 undefined on input line 51
9.

[35]) (./chapter/ch02_channels_tensor_maps_and_controlled_trace.tex

LaTeX Warning: Reference `def:id_tensor_map' on page 36 undefined on input line
 21.


LaTeX Warning: Reference `def:id_tensor_map' on page 36 undefined on input line
 44.


LaTeX Warning: Reference `lem:tensor_map_id_pos' on page 36 undefined on input 
line 44.


LaTeX Warning: Reference `def:tensor_map_both' on page 36 undefined on input li
ne 54.


LaTeX Warning: Reference `lem:tensor_map_id_pos' on page 36 undefined on input 
line 54.


LaTeX Warning: Reference `lem:id_tensor_map_pos' on page 36 undefined on input 
line 54.


LaTeX Warning: Reference `def:controlled_dependent_partial_trace' on page 36 un
defined on input line 76.


LaTeX Warning: Reference `def:controlled_dependent_partial_trace' on page 36 un
defined on input line 97.

[36]) (./chapter/ch02_channels_transfer_map_foundations.tex

LaTeX Warning: Reference `def:orthogonal_projection_channel' on page 37 undefin
ed on input line 14.


LaTeX Warning: Citation `Wolf2012Quantum' on page 37 undefined on input line 20
.


LaTeX Warning: Reference `def:orthogonal_projection_channel' on page 37 undefin
ed on input line 30.


LaTeX Warning: Reference `def:orthogonal_projection_channel' on page 37 undefin
ed on input line 88.

[37]

LaTeX Warning: Reference `def:orthogonal_projection_channel' on page 38 undefin
ed on input line 112.


LaTeX Warning: Reference `thm:orthogonal_projection_star_projection_channel' on
 page 38 undefined on input line 112.


LaTeX Warning: Reference `def:injective' on page 38 undefined on input line 154
.


LaTeX Warning: Reference `def:transfer_map' on page 38 undefined on input line 
154.


LaTeX Warning: Reference `def:irreducible_cp' on page 38 undefined on input lin
e 154.


LaTeX Warning: Reference `def:transfer_map' on page 38 undefined on input line 
171.


LaTeX Warning: Reference `def:cp_map' on page 38 undefined on input line 171.


LaTeX Warning: Reference `eq:channel_kraus_representation' on page 38 undefined
 on input line 178.


LaTeX Warning: Reference `def:kraus_map' on page 38 undefined on input line 186
.


LaTeX Warning: Reference `lem:trace_mul_map_eq_trace_adjointMap_mul' on page 38
 undefined on input line 195.


LaTeX Warning: Reference `lem:trace_mul_map_eq_trace_adjointMap_mul' on page 38
 undefined on input line 196.


LaTeX Warning: Reference `def:transfer_map' on page 38 undefined on input line 
204.


LaTeX Warning: Reference `thm:trace_mul_kraus_map_adjoint' on page 38 undefined
 on input line 204.


LaTeX Warning: Reference `thm:trace_mul_kraus_map_adjoint' on page 38 undefined
 on input line 206.

[38]

LaTeX Warning: Reference `thm:trace_mul_kraus_map_adjoint' on page 39 undefined
 on input line 212.


LaTeX Warning: Reference `def:transfer_map' on page 39 undefined on input line 
221.


LaTeX Warning: Reference `lem:trace_mul_transfer_map_adjoint' on page 39 undefi
ned on input line 230.


LaTeX Warning: Reference `def:transfer_map' on page 39 undefined on input line 
244.


LaTeX Warning: Reference `def:channel' on page 39 undefined on input line 244.


LaTeX Warning: Reference `thm:transfer_cp' on page 39 undefined on input line 2
49.


LaTeX Warning: Reference `thm:transfer_cp' on page 39 undefined on input line 2
50.

) (./chapter/ch02_channels_peripheral_spectrum_and_primitivity.tex

LaTeX Warning: Citation `Wolf2012Quantum' on page 39 undefined on input line 19
.


LaTeX Warning: Reference `def:peripheral_spectrum' on page 39 undefined on inpu
t line 43.


LaTeX Warning: Reference `def:peripheral_eigenvalues' on page 39 undefined on i
nput line 43.


LaTeX Warning: Reference `def:peripheral_spectrum' on page 39 undefined on inpu
t line 45.


LaTeX Warning: Reference `def:peripheral_eigenvalues' on page 39 undefined on i
nput line 47.


LaTeX Warning: Reference `def:positive_map' on page 39 undefined on input line 
54.


LaTeX Warning: Reference `thm:schwarz_commuting_dominant' on page 39 undefined 
on input line 54.

[39]

LaTeX Warning: Citation `Wolf2012Quantum' on page 40 undefined on input line 63
.


LaTeX Warning: Reference `thm:schwarz_commuting_dominant' on page 40 undefined 
on input line 69.


LaTeX Warning: Reference `thm:schwarz_commuting_dominant' on page 40 undefined 
on input line 74.


LaTeX Warning: Reference `eq:positive_map_russo_dye_estimate' on page 40 undefi
ned on input line 86.


LaTeX Warning: Reference `def:positive_map' on page 40 undefined on input line 
94.


LaTeX Warning: Citation `Wolf2012Quantum' on page 40 undefined on input line 10
6.


LaTeX Warning: Reference `thm:positive_map_russo_dye_estimate' on page 40 undef
ined on input line 110.


LaTeX Warning: Reference `thm:positive_map_russo_dye_estimate' on page 40 undef
ined on input line 112.


LaTeX Warning: Reference `def:positive_map' on page 40 undefined on input line 
130.


LaTeX Warning: Reference `def:unital_linear_map' on page 40 undefined on input 
line 130.


LaTeX Warning: Reference `thm:positive_map_spectral_radius_bound' on page 40 un
defined on input line 137.


LaTeX Warning: Reference `thm:positive_map_spectral_radius_bound' on page 40 un
defined on input line 139.


LaTeX Warning: Reference `def:positive_map' on page 40 undefined on input line 
150.


LaTeX Warning: Reference `def:trace_preserving' on page 40 undefined on input l
ine 150.


LaTeX Warning: Reference `thm:positive_tp_eigenvalue_disk' on page 40 undefined
 on input line 158.


LaTeX Warning: Reference `thm:eigenvalue_one_tp' on page 40 undefined on input 
line 158.


LaTeX Warning: Reference `thm:positive_tp_eigenvalue_disk' on page 40 undefined
 on input line 159.


LaTeX Warning: Reference `thm:eigenvalue_one_tp' on page 40 undefined on input 
line 160.


LaTeX Warning: Reference `def:peripheral_eigenvalues' on page 40 undefined on i
nput line 168.


LaTeX Warning: Citation `Wolf2012Quantum' on page 40 undefined on input line 17
2.


LaTeX Warning: Reference `def:kraus_map' on page 40 undefined on input line 181
.


LaTeX Warning: Reference `def:tp_kraus' on page 40 undefined on input line 181.


[40]

LaTeX Warning: Citation `Wolf2012Quantum' on page 41 undefined on input line 19
2.


LaTeX Warning: Reference `thm:positive_tp_eigenvalue_disk' on page 41 undefined
 on input line 196.


LaTeX Warning: Reference `def:kraus_map' on page 41 undefined on input line 206
.


LaTeX Warning: Reference `thm:positive_tp_eigenvalue_disk' on page 41 undefined
 on input line 207.


LaTeX Warning: Reference `def:kraus_map' on page 41 undefined on input line 217
.


LaTeX Warning: Reference `def:tp_kraus' on page 41 undefined on input line 217.



LaTeX Warning: Reference `thm:kraus_tp_eigenvalue_bound' on page 41 undefined o
n input line 223.


LaTeX Warning: Reference `thm:kraus_tp_eigenvalue_bound' on page 41 undefined o
n input line 232.


LaTeX Warning: Reference `def:kraus_mixed_map_spectral_radius' on page 41 undef
ined on input line 255.


LaTeX Warning: Reference `def:tp_kraus' on page 41 undefined on input line 255.



LaTeX Warning: Reference `thm:kraus_tp_eigenvalue_bound' on page 41 undefined o
n input line 267.

[41]

LaTeX Warning: Reference `thm:kraus_tp_eigenvalue_bound' on page 42 undefined o
n input line 283.


LaTeX Warning: Reference `def:kraus_mixed_map_spectral_radius' on page 42 undef
ined on input line 290.


LaTeX Warning: Reference `def:tp_kraus' on page 42 undefined on input line 290.



LaTeX Warning: Reference `thm:kraus_mixed_tp_eigenvalue_bound' on page 42 undef
ined on input line 302.


LaTeX Warning: Reference `thm:kraus_mixed_tp_eigenvalue_bound' on page 42 undef
ined on input line 304.


LaTeX Warning: Reference `def:fixed_point_proj' on page 42 undefined on input l
ine 330.


LaTeX Warning: Reference `def:trace_preserving' on page 42 undefined on input l
ine 330.


LaTeX Warning: Reference `def:fixed_point_proj' on page 42 undefined on input l
ine 342.


LaTeX Warning: Reference `eq:channel_fixed_point_proj' on page 42 undefined on 
input line 343.


LaTeX Warning: Reference `eq:channel_power_decomp' on page 42 undefined on inpu
t line 348.


LaTeX Warning: Reference `def:peripheral_eigenvalues' on page 42 undefined on i
nput line 357.


LaTeX Warning: Reference `def:peripheral_eigenvalues' on page 42 undefined on i
nput line 369.

[42]

LaTeX Warning: Reference `def:peripheral_eigenvalues' on page 43 undefined on i
nput line 382.


LaTeX Warning: Reference `def:peripheral_eigenvalues' on page 43 undefined on i
nput line 398.


LaTeX Warning: Reference `thm:peripheral_roots_of_unity' on page 43 undefined o
n input line 408.


LaTeX Warning: Reference `thm:peripheral_roots_of_unity' on page 43 undefined o
n input line 412.


LaTeX Warning: Reference `def:peripheral_eigenvalues' on page 43 undefined on i
nput line 443.


LaTeX Warning: Reference `thm:one_peripheral' on page 43 undefined on input lin
e 451.


LaTeX Warning: Reference `thm:ks_peripheral' on page 43 undefined on input line
 467.


LaTeX Warning: Reference `thm:peripheral_powers' on page 43 undefined on input 
line 469.

[43]

LaTeX Warning: Reference `def:kraus_map' on page 44 undefined on input line 479
.


LaTeX Warning: Reference `def:kraus_adjoint_map' on page 44 undefined on input 
line 479.


LaTeX Warning: Reference `def:unital_kraus' on page 44 undefined on input line 
480.


LaTeX Warning: Reference `ch:schwarz' on page 44 undefined on input line 481.


LaTeX Warning: Citation `Cirac2016MPDO_arXiv' on page 44 undefined on input lin
e 484.


LaTeX Warning: Reference `def:kraus_map' on page 44 undefined on input line 491
.


LaTeX Warning: Reference `def:kraus_adjoint_map' on page 44 undefined on input 
line 491.


LaTeX Warning: Reference `def:unital_kraus' on page 44 undefined on input line 
491.


LaTeX Warning: Reference `def:irreducible_cp' on page 44 undefined on input lin
e 491.


Overfull \hbox (8.69438pt too wide) in paragraph at lines 488--494
[][]\TU/lmr/bx/n/10 Lemma 2.13.2.1 \TU/lmr/m/n/10 (Peripheral closure via adjoi
nt fixed point)\TU/lmr/bx/n/10 . [][][] [][][] [][] [][][] [][][][]\TU/lmr/m/it
/10 Let $[][][][] [] [][] [][][][][]$

LaTeX Warning: Reference `thm:kadison_schwarz' on page 44 undefined on input li
ne 506.


LaTeX Warning: Reference `thm:psd_fp_pd_irred' on page 44 undefined on input li
ne 506.


LaTeX Warning: Reference `thm:kraus_commute' on page 44 undefined on input line
 506.


LaTeX Warning: Reference `thm:right_multiplicative_identity' on page 44 undefin
ed on input line 506.


LaTeX Warning: Reference `eq:schwarz_kadison' on page 44 undefined on input lin
e 509.


LaTeX Warning: Reference `thm:psd_fp_pd_irred' on page 44 undefined on input li
ne 525.


LaTeX Warning: Reference `thm:kraus_commute' on page 44 undefined on input line
 526.


LaTeX Warning: Reference `thm:right_multiplicative_identity' on page 44 undefin
ed on input line 529.


LaTeX Warning: Reference `def:kraus_map' on page 44 undefined on input line 538
.


LaTeX Warning: Reference `def:kraus_adjoint_map' on page 44 undefined on input 
line 538.


LaTeX Warning: Reference `def:unital_kraus' on page 44 undefined on input line 
538.


LaTeX Warning: Reference `def:irreducible_cp' on page 44 undefined on input lin
e 538.


LaTeX Warning: Reference `def:peripheral_eigenvalues' on page 44 undefined on i
nput line 538.


Overfull \hbox (0.28438pt too wide) in paragraph at lines 535--544
[][]\TU/lmr/bx/n/10 Theorem 2.13.2.2 \TU/lmr/m/n/10 (Roots of unity via adjoint
 fixed point)\TU/lmr/bx/n/10 . [][][] [][][] [][] [][][] [][][][][]\TU/lmr/m/it
/10 Let $[][][][] [] [][] [][][][][]$

LaTeX Warning: Reference `lem:peripheral_closed_powers_irred_fp' on page 44 und
efined on input line 547.


LaTeX Warning: Reference `thm:peripheral_powers' on page 44 undefined on input 
line 547.


LaTeX Warning: Reference `lem:peripheral_closed_powers_irred_fp' on page 44 und
efined on input line 549.


LaTeX Warning: Reference `thm:peripheral_powers' on page 44 undefined on input 
line 550.


LaTeX Warning: Reference `def:unital_kraus' on page 44 undefined on input line 
557.


LaTeX Warning: Reference `def:kraus_map' on page 44 undefined on input line 566
.


LaTeX Warning: Reference `def:kraus_adjoint_map' on page 44 undefined on input 
line 566.


LaTeX Warning: Reference `def:kraus_map' on page 44 undefined on input line 575
.


LaTeX Warning: Reference `def:irreducible_cp' on page 44 undefined on input lin
e 575.


LaTeX Warning: Reference `def:kraus_map' on page 44 undefined on input line 584
.


LaTeX Warning: Reference `def:peripheral_eigenvalues' on page 44 undefined on i
nput line 584.

[44]

LaTeX Warning: Reference `def:channel' on page 45 undefined on input line 594.


LaTeX Warning: Reference `def:irreducible_cp' on page 45 undefined on input lin
e 594.


LaTeX Warning: Reference `def:peripheral_eigenvalues' on page 45 undefined on i
nput line 594.


LaTeX Warning: Reference `thm:exists_kraus_map_eq_and_normalized' on page 45 un
defined on input line 603.


LaTeX Warning: Reference `thm:cesaro_fixedpoint' on page 45 undefined on input 
line 603.


LaTeX Warning: Reference `thm:psd_fp_pd_irred' on page 45 undefined on input li
ne 603.


LaTeX Warning: Reference `thm:peripheral_roots_irred_fp' on page 45 undefined o
n input line 603.


LaTeX Warning: Reference `thm:unital_conjtranspose_tp' on page 45 undefined on 
input line 603.


LaTeX Warning: Reference `thm:adjoint_map_conjtranspose_family' on page 45 unde
fined on input line 603.


LaTeX Warning: Reference `thm:irreducible_conjtranspose_family' on page 45 unde
fined on input line 603.


LaTeX Warning: Reference `thm:peripheral_conjtranspose_family' on page 45 undef
ined on input line 603.


LaTeX Warning: Reference `thm:exists_kraus_map_eq_and_normalized' on page 45 un
defined on input line 606.


LaTeX Warning: Reference `thm:cesaro_fixedpoint' on page 45 undefined on input 
line 609.


LaTeX Warning: Reference `thm:psd_fp_pd_irred' on page 45 undefined on input li
ne 611.


LaTeX Warning: Reference `thm:peripheral_roots_irred_fp' on page 45 undefined o
n input line 617.


LaTeX Warning: Reference `lem:peripheral_closed_powers_irred_fp' on page 45 und
efined on input line 623.


LaTeX Warning: Reference `thm:peripheral_roots_irred_fp' on page 45 undefined o
n input line 624.


LaTeX Warning: Citation `Cirac2016MPDO_arXiv' on page 45 undefined on input lin
e 630.


LaTeX Warning: Reference `thm:peripheral_roots_irred_fp' on page 45 undefined o
n input line 633.


LaTeX Warning: Reference `sec:peripheral_refinements' on page 45 undefined on i
nput line 636.


LaTeX Warning: Reference `thm:peripheral_cyclic_structure' on page 45 undefined
 on input line 638.


LaTeX Warning: Reference `thm:cyclic_decomposition_irreducible_schwarz' on page
 45 undefined on input line 640.


LaTeX Warning: Reference `def:peripheral_eigenvalues' on page 45 undefined on i
nput line 646.


LaTeX Warning: Reference `def:primitive_channel' on page 45 undefined on input 
line 657.


LaTeX Warning: Reference `def:channel_period' on page 45 undefined on input lin
e 657.


LaTeX Warning: Reference `thm:one_peripheral' on page 45 undefined on input lin
e 662.


LaTeX Warning: Reference `thm:one_peripheral' on page 45 undefined on input lin
e 667.


LaTeX Warning: Reference `def:channel_period' on page 45 undefined on input lin
e 673.


LaTeX Warning: Reference `thm:primitive_iff_period_one' on page 45 undefined on
 input line 673.


LaTeX Warning: Reference `thm:primitive_iff_period_one' on page 45 undefined on
 input line 675.


LaTeX Warning: Reference `def:primitive_channel' on page 45 undefined on input 
line 677.


LaTeX Warning: Reference `def:primitive_channel' on page 45 undefined on input 
line 686.


LaTeX Warning: Reference `def:fixed_point_proj' on page 45 undefined on input l
ine 686.


LaTeX Warning: Reference `def:trace_preserving' on page 45 undefined on input l
ine 686.


LaTeX Warning: Reference `eq:channel_fixed_point_proj' on page 45 undefined on 
input line 690.

[45]

LaTeX Warning: Reference `eq:channel_fixed_point_proj' on page 46 undefined on 
input line 710.

)) (./chapter/ch03_channel_representations.tex [46]
Chapter 3.

LaTeX Warning: Citation `Wolf2012Quantum' on page 47 undefined on input line 8.


(./chapter/ch03_channel_representations_choi_foundations.tex
Overfull \hbox (1.66296pt too wide) in paragraph at lines 16--22
\TU/lmr/m/n/10 When $[] [] []$, this is the \TU/lmr/m/it/10 maximally entangled
 state\TU/lmr/m/n/10 : a rank-one projector with $[][][][] [][][][][] []
[47]

LaTeX Warning: Reference `def:maximally_entangled' on page 48 undefined on inpu
t line 82.


LaTeX Warning: Reference `def:tensor_map_id' on page 48 undefined on input line
 82.


LaTeX Warning: Citation `Wolf2012Quantum' on page 48 undefined on input line 96
.


LaTeX Warning: Reference `def:choi_matrix' on page 48 undefined on input line 1
06.


LaTeX Warning: Reference `def:maximally_entangled' on page 48 undefined on inpu
t line 106.


LaTeX Warning: Reference `def:choi_matrix' on page 48 undefined on input line 1
19.


LaTeX Warning: Reference `def:choi_matrix' on page 48 undefined on input line 1
25.


LaTeX Warning: Reference `def:choi_matrix' on page 48 undefined on input line 1
36.


LaTeX Warning: Reference `def:flip_operator' on page 48 undefined on input line
 136.


LaTeX Warning: Reference `def:maximally_entangled' on page 48 undefined on inpu
t line 136.


LaTeX Warning: Citation `Wolf2012Quantum' on page 48 undefined on input line 14
4.


LaTeX Warning: Reference `def:choi_matrix' on page 48 undefined on input line 1
48.


LaTeX Warning: Reference `def:flip_operator' on page 48 undefined on input line
 148.


LaTeX Warning: Reference `def:choi_matrix' on page 48 undefined on input line 1
58.


LaTeX Warning: Reference `def:choi_matrix' on page 48 undefined on input line 1
71.

[48]

LaTeX Warning: Reference `def:choi_matrix' on page 49 undefined on input line 1
84.


LaTeX Warning: Reference `def:cp_map' on page 49 undefined on input line 184.


LaTeX Warning: Reference `thm:choi_kraus_outer_product' on page 49 undefined on
 input line 184.


LaTeX Warning: Citation `Wolf2012Quantum' on page 49 undefined on input line 18
8.


LaTeX Warning: Reference `def:choi_matrix' on page 49 undefined on input line 1
95.


LaTeX Warning: Reference `def:cp_map' on page 49 undefined on input line 195.


LaTeX Warning: Reference `thm:choi_kraus_outer_product' on page 49 undefined on
 input line 195.


LaTeX Warning: Reference `def:cp_map' on page 49 undefined on input line 214.


LaTeX Warning: Reference `def:cp_map' on page 49 undefined on input line 236.

) (./chapter/ch03_channel_representations_rectangular_choi_bounds.tex

LaTeX Warning: Reference `def:linear_map_matrix' on page 49 undefined on input 
line 21.

[49]

LaTeX Warning: Citation `Wolf2012Quantum' on page 50 undefined on input line 31
.


LaTeX Warning: Reference `def:linear_map_matrix' on page 50 undefined on input 
line 38.


LaTeX Warning: Reference `def:rectangular_choi' on page 50 undefined on input l
ine 38.


LaTeX Warning: Reference `def:rectangular_choi' on page 50 undefined on input l
ine 49.


LaTeX Warning: Reference `eq:rectangular_choi_entries' on page 50 undefined on 
input line 56.


LaTeX Warning: Reference `def:rectangular_choi' on page 50 undefined on input l
ine 63.


LaTeX Warning: Reference `def:linear_map_matrix' on page 50 undefined on input 
line 75.


LaTeX Warning: Reference `thm:rectangular_choi_parseval' on page 50 undefined o
n input line 75.


LaTeX Warning: Reference `thm:rectangular_choi_parseval' on page 50 undefined o
n input line 76.


LaTeX Warning: Reference `eq:rectangular_choi_coefficient_matrix' on page 50 un
defined on input line 77.


Overfull \hbox (7.94478pt too wide) in paragraph at lines 83--87
[][]\TU/lmr/bx/n/10 Definition 3.2.5 \TU/lmr/m/n/10 (Hilbert–Schmidt contractio
n)\TU/lmr/bx/n/10 . [][][] [][][] [][] [][][] \TU/lmr/m/n/10 A complex-linear m
ap $[] [] [][][][][] []

LaTeX Warning: Reference `def:rectangular_choi' on page 50 undefined on input l
ine 98.


LaTeX Warning: Reference `def:rectangular_hilbert_schmidt_contraction' on page 
50 undefined on input line 98.


LaTeX Warning: Reference `def:linear_map_matrix' on page 50 undefined on input 
line 108.


LaTeX Warning: Reference `thm:rectangular_choi_parseval' on page 50 undefined o
n input line 108.


LaTeX Warning: Reference `thm:rectangular_choi_parseval' on page 50 undefined o
n input line 119.

)
(./chapter/ch03_channel_representations_no_information_without_disturbance.tex

LaTeX Warning: Reference `def:instrument' on page 50 undefined on input line 5.



LaTeX Warning: Citation `Wolf2012Quantum' on page 50 undefined on input line 13
.


LaTeX Warning: Reference `def:maximally_entangled' on page 50 undefined on inpu
t line 19.


LaTeX Warning: Reference `lem:posSemidef_rankone_domination' on page 50 undefin
ed on input line 27.


LaTeX Warning: Reference `lem:posSemidef_rankone_domination' on page 50 undefin
ed on input line 30.

[50]

LaTeX Warning: Reference `def:cp_map' on page 51 undefined on input line 40.


LaTeX Warning: Reference `def:choi_matrix' on page 51 undefined on input line 5
1.


LaTeX Warning: Reference `def:maximally_entangled' on page 51 undefined on inpu
t line 51.


LaTeX Warning: Reference `thm:cp_iff_choi_posSemidef' on page 51 undefined on i
nput line 51.


LaTeX Warning: Reference `thm:choi_matrix_id' on page 51 undefined on input lin
e 51.


LaTeX Warning: Reference `lem:choi_matrix_injective' on page 51 undefined on in
put line 51.


LaTeX Warning: Reference `lem:le_omega_proj_eq_nonneg_smul' on page 51 undefine
d on input line 51.


LaTeX Warning: Reference `lem:le_omega_proj_eq_nonneg_smul' on page 51 undefine
d on input line 59.


LaTeX Warning: Reference `lem:choi_matrix_injective' on page 51 undefined on in
put line 62.


LaTeX Warning: Reference `thm:no_information_without_disturbance' on page 51 un
defined on input line 69.


LaTeX Warning: Reference `thm:no_information_without_disturbance' on page 51 un
defined on input line 71.


LaTeX Warning: Reference `thm:no_information_without_disturbance' on page 51 un
defined on input line 77.


LaTeX Warning: Reference `thm:no_information_without_disturbance' on page 51 un
defined on input line 87.


LaTeX Warning: Reference `thm:no_information_without_disturbance' on page 51 un
defined on input line 89.


LaTeX Warning: Reference `thm:no_information_without_disturbance' on page 51 un
defined on input line 98.


LaTeX Warning: Reference `thm:no_information_without_disturbance' on page 51 un
defined on input line 99.


LaTeX Warning: Reference `def:instrument' on page 51 undefined on input line 10
7.


LaTeX Warning: Reference `def:instrument_operations' on page 51 undefined on in
put line 107.


LaTeX Warning: Reference `thm:no_information_probability' on page 51 undefined 
on input line 116.


LaTeX Warning: Reference `thm:no_information_probability' on page 51 undefined 
on input line 119.

) (./chapter/ch03_channel_representations_choi_and_kraus.tex

LaTeX Warning: Reference `sec:choi_jamiolkowski' on page 51 undefined on input 
line 5.


LaTeX Warning: Citation `Wolf2012Quantum' on page 51 undefined on input line 8.


[51]

LaTeX Warning: Reference `def:frobenius_vectorization' on page 52 undefined on 
input line 72.


LaTeX Warning: Reference `def:frobenius_vectorization' on page 52 undefined on 
input line 83.


LaTeX Warning: Reference `def:frobenius_vectorization' on page 52 undefined on 
input line 93.


LaTeX Warning: Reference `def:frobenius_superoperator_transport' on page 52 und
efined on input line 108.


LaTeX Warning: Reference `def:frobenius_vectorization' on page 52 undefined on 
input line 121.


LaTeX Warning: Reference `def:trace_pairing_adjoint' on page 52 undefined on in
put line 130.


LaTeX Warning: Reference `def:frobenius_superoperator_transport' on page 52 und
efined on input line 130.


LaTeX Warning: Citation `Beigi2013Sandwiched' on page 52 undefined on input lin
e 139.


LaTeX Warning: Reference `def:trace_pairing_adjoint' on page 52 undefined on in
put line 147.


LaTeX Warning: Reference `lem:frobenius_vectorization_inner' on page 52 undefin
ed on input line 147.


LaTeX Warning: Reference `thm:trace_pairing_adjoint_identity' on page 52 undefi
ned on input line 147.


LaTeX Warning: Reference `def:frobenius_superoperator_transport' on page 52 und
efined on input line 147.


LaTeX Warning: Reference `def:trace_pairing_adjoint' on page 52 undefined on in
put line 170.


LaTeX Warning: Reference `def:frobenius_superoperator_transport' on page 52 und
efined on input line 170.

[52]

LaTeX Warning: Reference `thm:unital_kraus_eigenvalue_bound' on page 53 undefin
ed on input line 215.


LaTeX Warning: Reference `def:frobenius_superoperator_transport' on page 53 und
efined on input line 215.


LaTeX Warning: Reference `thm:unital_kraus_eigenvalue_bound' on page 53 undefin
ed on input line 224.


LaTeX Warning: Reference `def:frobenius_superoperator_transport' on page 53 und
efined on input line 224.


LaTeX Warning: Reference `def:is_kraus_cptp' on page 53 undefined on input line
 250.


LaTeX Warning: Reference `def:weighted_hilbert_schmidt_map' on page 53 undefine
d on input line 250.


LaTeX Warning: Citation `Beigi2013Sandwiched' on page 53 undefined on input lin
e 263.


LaTeX Warning: Reference `thm:kraus_trace_adjoint_frobenius_adjoint' on page 53
 undefined on input line 273.


LaTeX Warning: Reference `lem:weighted_channel_transport_identities' on page 53
 undefined on input line 273.


LaTeX Warning: Reference `thm:unital_kraus_frobenius_spectral_radius' on page 5
3 undefined on input line 273.


LaTeX Warning: Reference `thm:is_kraus_cptp_trace_adjoint_one' on page 53 undef
ined on input line 273.


LaTeX Warning: Reference `def:weighted_hilbert_schmidt_map' on page 53 undefine
d on input line 273.

[53]

LaTeX Warning: Reference `def:is_kraus_cptp' on page 54 undefined on input line
 344.


LaTeX Warning: Reference `def:output_support_compressed_map' on page 54 undefin
ed on input line 344.


LaTeX Warning: Reference `def:is_kraus_cptp' on page 54 undefined on input line
 385.


LaTeX Warning: Reference `def:supported_weighted_hilbert_schmidt_map' on page 5
4 undefined on input line 385.


LaTeX Warning: Citation `Beigi2013Sandwiched' on page 54 undefined on input lin
e 398.


LaTeX Warning: Reference `thm:weighted_hilbert_schmidt_contraction_full_support
' on page 54 undefined on input line 406.


LaTeX Warning: Reference `thm:functional_calculus_support_compression' on page 
54 undefined on input line 406.


LaTeX Warning: Reference `thm:channel_output_support_from_faithful_input' on pa
ge 54 undefined on input line 406.


LaTeX Warning: Reference `sec:choi_jamiolkowski' on page 54 undefined on input 
line 425.


LaTeX Warning: Reference `def:choi_matrix' on page 54 undefined on input line 4
32.


LaTeX Warning: Reference `def:partial_trace' on page 54 undefined on input line
 432.


LaTeX Warning: Reference `def:trace_preserving' on page 54 undefined on input l
ine 432.


LaTeX Warning: Citation `Wolf2012Quantum' on page 54 undefined on input line 43
6.

[54]

LaTeX Warning: Reference `def:choi_matrix' on page 55 undefined on input line 4
44.


LaTeX Warning: Reference `def:partial_trace' on page 55 undefined on input line
 444.


LaTeX Warning: Reference `def:choi_matrix' on page 55 undefined on input line 4
60.


LaTeX Warning: Citation `Wolf2012Quantum' on page 55 undefined on input line 46
4.


LaTeX Warning: Reference `def:choi_matrix' on page 55 undefined on input line 4
71.


LaTeX Warning: Reference `def:choi_matrix' on page 55 undefined on input line 4
84.


LaTeX Warning: Reference `def:trace_preserving' on page 55 undefined on input l
ine 484.


LaTeX Warning: Reference `thm:traceLeft_choiMatrix_of_tp' on page 55 undefined 
on input line 484.


LaTeX Warning: Citation `Wolf2012Quantum' on page 55 undefined on input line 48
7.


LaTeX Warning: Reference `thm:traceLeft_choiMatrix_of_tp' on page 55 undefined 
on input line 495.


LaTeX Warning: Citation `Wolf2012Quantum' on page 55 undefined on input line 50
9.


Overfull \hbox (0.37833pt too wide) in paragraph at lines 508--510
\TU/lmr/m/n/10 The next three corollaries support channel decompositions and co
rrespond to [[], Propositions 2.2–

LaTeX Warning: Reference `thm:polarization_sandwich' on page 55 undefined on in
put line 546.


LaTeX Warning: Reference `thm:choi_rect_cp_decomposition' on page 55 undefined 
on input line 552.


LaTeX Warning: Reference `thm:polarization_sandwich' on page 55 undefined on in
put line 558.

[55]

LaTeX Warning: Reference `thm:rankone_ray_scalar_rigidity' on page 56 undefined
 on input line 574.


LaTeX Warning: Reference `def:pureEnsembleDensity' on page 56 undefined on inpu
t line 615.


LaTeX Warning: Reference `thm:exists_isometric_mixing_of_pureEnsembleDensity_eq
' on page 56 undefined on input line 622.


LaTeX Warning: Reference `def:pureEnsembleDensity' on page 56 undefined on inpu
t line 627.


LaTeX Warning: Reference `def:pureEnsembleDensity' on page 56 undefined on inpu
t line 644.


LaTeX Warning: Reference `thm:kraus_rectangular_freedom'' on page 56 undefined 
on input line 644.


LaTeX Warning: Reference `def:pureEnsembleDensity' on page 56 undefined on inpu
t line 659.


LaTeX Warning: Reference `thm:kraus_rectangular_freedom'' on page 56 undefined 
on input line 659.


LaTeX Warning: Reference `thm:pureEnsembleDensity_eq_of_isometric_mixing' on pa
ge 56 undefined on input line 659.


LaTeX Warning: Reference `thm:kraus_rectangular_freedom'' on page 56 undefined 
on input line 667.


LaTeX Warning: Reference `def:pureEnsembleDensity' on page 56 undefined on inpu
t line 680.


LaTeX Warning: Reference `thm:pureEnsembleDensity_eq_of_isometric_mixing' on pa
ge 56 undefined on input line 680.


LaTeX Warning: Reference `thm:exists_isometric_mixing_of_pureEnsembleDensity_eq
' on page 56 undefined on input line 680.


LaTeX Warning: Reference `thm:pureEnsembleDensity_eq_of_isometric_mixing' on pa
ge 56 undefined on input line 689.


LaTeX Warning: Reference `thm:exists_isometric_mixing_of_pureEnsembleDensity_eq
' on page 56 undefined on input line 689.

[56]

LaTeX Warning: Reference `def:cp_map' on page 57 undefined on input line 709.


LaTeX Warning: Reference `def:trace_preserving' on page 57 undefined on input l
ine 709.


LaTeX Warning: Reference `def:trace_preserving' on page 57 undefined on input l
ine 716.


LaTeX Warning: Reference `def:channel' on page 57 undefined on input line 734.


LaTeX Warning: Reference `thm:kraus_sum_conjTranspose_mul_of_tp' on page 57 und
efined on input line 734.


LaTeX Warning: Reference `def:channel' on page 57 undefined on input line 748.


LaTeX Warning: Reference `thm:kraus_sum_conjTranspose_mul_of_tp' on page 57 und
efined on input line 748.


LaTeX Warning: Reference `thm:kraus_sum_conjTranspose_mul_of_tp' on page 57 und
efined on input line 751.


LaTeX Warning: Reference `def:cp_map' on page 57 undefined on input line 758.


LaTeX Warning: Reference `def:trace_preserving' on page 57 undefined on input l
ine 758.


LaTeX Warning: Reference `def:cp_map' on page 57 undefined on input line 780.


Overfull \hbox (11.82436pt too wide) in paragraph at lines 778--783
[][]\TU/lmr/bx/n/10 Theorem 3.7.4 \TU/lmr/m/n/10 (Unitality implies Kraus unita
l normalization)\TU/lmr/bx/n/10 . [][][] [][][] [][] [][][] []\TU/lmr/m/it/10 I
f $[][][][] [] [][] [][][][][]$

LaTeX Warning: Reference `thm:kraus_same_map_of_unitary_combination' on page 57
 undefined on input line 790.


LaTeX Warning: Reference `def:cp_map' on page 57 undefined on input line 797.


LaTeX Warning: Reference `def:cp_map' on page 57 undefined on input line 812.

[57]

LaTeX Warning: Reference `def:cp_map' on page 58 undefined on input line 831.


LaTeX Warning: Reference `thm:kraus_dual_eq_of_map_eq' on page 58 undefined on 
input line 860.


LaTeX Warning: Reference `thm:kraus_dual_eq_of_map_eq' on page 58 undefined on 
input line 867.


LaTeX Warning: Reference `thm:kraus_rectangular_freedom' on page 58 undefined o
n input line 873.


LaTeX Warning: Reference `thm:kraus_rectangular_freedom' on page 58 undefined o
n input line 874.


LaTeX Warning: Reference `thm:kraus_rectangular_freedom' on page 58 undefined o
n input line 882.


LaTeX Warning: Reference `thm:kraus_rectangular_freedom'' on page 58 undefined 
on input line 889.


LaTeX Warning: Reference `thm:kraus_rectangular_freedom'' on page 58 undefined 
on input line 905.


LaTeX Warning: Reference `thm:kraus_isometry_freedom_iff' on page 58 undefined 
on input line 916.


LaTeX Warning: Reference `thm:kraus_isometry_freedom_iff' on page 58 undefined 
on input line 930.


LaTeX Warning: Reference `def:choi_matrix' on page 58 undefined on input line 9
45.


LaTeX Warning: Reference `def:cp_map' on page 58 undefined on input line 945.

[58]) (./chapter/ch03_channel_representations_kraus_iterate_choi.tex

LaTeX Warning: Reference `def:vector_spread_span' on page 59 undefined on input
 line 22.


LaTeX Warning: Citation `Wolf2012Quantum' on page 59 undefined on input line 32
.


LaTeX Warning: Reference `def:kraus_exact_word_span' on page 59 undefined on in
put line 39.


LaTeX Warning: Reference `def:vector_spread_span' on page 59 undefined on input
 line 39.


LaTeX Warning: Reference `def:kraus_eventually_full_word_span' on page 59 undef
ined on input line 61.


LaTeX Warning: Reference `def:kraus_eventually_full_vector_spread' on page 59 u
ndefined on input line 61.


LaTeX Warning: Reference `thm:kraus_vector_spread_of_word_span' on page 59 unde
fined on input line 68.


LaTeX Warning: Reference `thm:kraus_vector_spread_of_word_span' on page 59 unde
fined on input line 69.


LaTeX Warning: Reference `thm:kraus_map_iterate_word_expansion' on page 59 unde
fined on input line 79.


LaTeX Warning: Reference `thm:choi_kraus_outer_product' on page 59 undefined on
 input line 79.


LaTeX Warning: Reference `thm:finite_frame_posdef' on page 59 undefined on inpu
t line 79.


LaTeX Warning: Reference `thm:kraus_map_iterate_word_expansion' on page 59 unde
fined on input line 94.


LaTeX Warning: Reference `thm:choi_kraus_outer_product' on page 59 undefined on
 input line 94.


LaTeX Warning: Reference `thm:finite_frame_posdef' on page 59 undefined on inpu
t line 94.


LaTeX Warning: Reference `eq:kraus_iterate_choi_posdef_iff_word_span' on page 5
9 undefined on input line 108.

[59]

LaTeX Warning: Reference `thm:kraus_iterate_choi_posdef_iff_word_span' on page 
60 undefined on input line 115.


LaTeX Warning: Reference `thm:kraus_iterate_choi_posdef_iff_word_span' on page 
60 undefined on input line 125.


LaTeX Warning: Reference `eq:kraus_iterate_choi_posdef_iff_word_span' on page 6
0 undefined on input line 127.


LaTeX Warning: Reference `def:kraus_eventually_full_word_span' on page 60 undef
ined on input line 137.


LaTeX Warning: Reference `def:irreducible_cp' on page 60 undefined on input lin
e 137.


LaTeX Warning: Reference `def:primitive_channel' on page 60 undefined on input 
line 137.


LaTeX Warning: Citation `Wolf2012Quantum' on page 60 undefined on input line 14
1.


LaTeX Warning: Reference `cor:kraus_iterate_eventual_choi_posdef' on page 60 un
defined on input line 156.


LaTeX Warning: Reference `cor:kraus_iterate_eventual_choi_posdef' on page 60 un
defined on input line 189.


LaTeX Warning: Reference `def:kraus_eventually_full_vector_spread' on page 60 u
ndefined on input line 197.


LaTeX Warning: Reference `cor:kraus_iterate_eventual_choi_posdef' on page 60 un
defined on input line 205.


LaTeX Warning: Reference `thm:kraus_eventually_full_vector_spread_of_word_span'
 on page 60 undefined on input line 205.


LaTeX Warning: Reference `cor:kraus_iterate_eventual_choi_posdef' on page 60 un
defined on input line 206.


LaTeX Warning: Reference `thm:kraus_eventually_full_vector_spread_of_word_span'
 on page 60 undefined on input line 208.

) (./chapter/ch03_channel_representations_ensemble_equivalence.tex

LaTeX Warning: Citation `Wolf2012Quantum' on page 60 undefined on input line 6.



LaTeX Warning: Reference `thm:pureEnsembleDensity_eq_iff_exists_isometric_mixin
g' on page 60 undefined on input line 13.

[60]

LaTeX Warning: Reference `def:pureEnsembleDensity' on page 61 undefined on inpu
t line 21.


LaTeX Warning: Reference `def:pureEnsembleDensity' on page 61 undefined on inpu
t line 30.


LaTeX Warning: Reference `lem:pureEnsembleDensity_of_extendZero' on page 61 und
efined on input line 42.


LaTeX Warning: Reference `def:pureEnsembleDensity' on page 61 undefined on inpu
t line 53.


LaTeX Warning: Reference `lem:pureEnsembleDensity_of_extendZero' on page 61 und
efined on input line 63.


LaTeX Warning: Reference `lem:pureEnsembleDensity_of_extendZero' on page 61 und
efined on input line 64.


LaTeX Warning: Reference `def:pureEnsembleDensity' on page 61 undefined on inpu
t line 86.


LaTeX Warning: Reference `def:padZero' on page 61 undefined on input line 86.


LaTeX Warning: Reference `def:padZero' on page 61 undefined on input line 87.


LaTeX Warning: Reference `lem:pureEnsembleDensity_of_extendZero' on page 61 und
efined on input line 93.


LaTeX Warning: Reference `def:padZero' on page 61 undefined on input line 93.


LaTeX Warning: Reference `lem:pureEnsembleDensity_of_extendZero' on page 61 und
efined on input line 94.


LaTeX Warning: Reference `def:pureEnsembleDensity' on page 61 undefined on inpu
t line 102.


LaTeX Warning: Reference `thm:exists_isometric_mixing_of_pureEnsembleDensity_eq
' on page 61 undefined on input line 117.


LaTeX Warning: Reference `thm:pureEnsembleDensity_eq_of_isometric_mixing' on pa
ge 61 undefined on input line 117.


LaTeX Warning: Reference `thm:exists_isometric_mixing_of_pureEnsembleDensity_eq
' on page 61 undefined on input line 122.

[61]

LaTeX Warning: Reference `thm:pureEnsembleDensity_eq_of_isometric_mixing' on pa
ge 62 undefined on input line 129.


LaTeX Warning: Reference `def:pureEnsembleDensity' on page 62 undefined on inpu
t line 145.


LaTeX Warning: Reference `def:padZero' on page 62 undefined on input line 145.


LaTeX Warning: Reference `lem:pureEnsembleDensity_sumElim_zero' on page 62 unde
fined on input line 164.


LaTeX Warning: Reference `lem:pureEnsembleDensity_padZero' on page 62 undefined
 on input line 164.


LaTeX Warning: Reference `thm:pureEnsembleDensity_eq_iff_exists_unitary_mixing_
of_pad' on page 62 undefined on input line 164.


LaTeX Warning: Reference `lem:pureEnsembleDensity_sumElim_zero' on page 62 unde
fined on input line 165.


LaTeX Warning: Reference `lem:pureEnsembleDensity_padZero' on page 62 undefined
 on input line 166.


LaTeX Warning: Reference `thm:pureEnsembleDensity_eq_iff_exists_unitary_mixing_
of_pad' on page 62 undefined on input line 168.

) (./chapter/ch03_channel_representations_hermitian_intertwiners.tex [62]

LaTeX Warning: Reference `thm:commute_support_inverse' on page 63 undefined on 
input line 61.


LaTeX Warning: Reference `thm:supported_rectangular_intertwiner' on page 63 und
efined on input line 61.


LaTeX Warning: Reference `thm:commute_support_inverse' on page 63 undefined on 
input line 62.


LaTeX Warning: Reference `thm:supported_rectangular_intertwiner' on page 63 und
efined on input line 65.

) (./chapter/ch03_channel_representations_dilations_and_ordered_cp.tex

LaTeX Warning: Reference `def:stinespring_v' on page 63 undefined on input line
 34.


LaTeX Warning: Reference `def:stinespring_v' on page 63 undefined on input line
 43.


LaTeX Warning: Reference `def:stinespring_v_gen' on page 63 undefined on input 
line 52.


LaTeX Warning: Reference `def:stinespring_v' on page 63 undefined on input line
 60.


LaTeX Warning: Reference `def:stinespring_v' on page 63 undefined on input line
 72.


LaTeX Warning: Reference `def:local_stinespring_v' on page 63 undefined on inpu
t line 83.


LaTeX Warning: Reference `def:stinespring_v' on page 63 undefined on input line
 96.


LaTeX Warning: Reference `def:trace_pairing_adjoint' on page 63 undefined on in
put line 96.


LaTeX Warning: Reference `def:trace_pairing_adjoint' on page 63 undefined on in
put line 108.

[63]

LaTeX Warning: Reference `def:stinespring_v' on page 64 undefined on input line
 114.


LaTeX Warning: Reference `thm:stinespring_rectangular' on page 64 undefined on 
input line 120.


LaTeX Warning: Reference `def:stinespring_v' on page 64 undefined on input line
 126.


LaTeX Warning: Reference `def:trace_preserving' on page 64 undefined on input l
ine 126.


LaTeX Warning: Reference `def:stinespring_v' on page 64 undefined on input line
 137.


LaTeX Warning: Reference `def:stinespring_v' on page 64 undefined on input line
 148.


LaTeX Warning: Reference `def:cp_map' on page 64 undefined on input line 148.


LaTeX Warning: Reference `def:partial_trace' on page 64 undefined on input line
 148.


LaTeX Warning: Reference `def:stinespring_v' on page 64 undefined on input line
 162.


LaTeX Warning: Reference `eq:representations_stinespring_schrodinger' on page 6
4 undefined on input line 164.


LaTeX Warning: Reference `def:cp_map' on page 64 undefined on input line 172.


LaTeX Warning: Reference `def:stinespring_v' on page 64 undefined on input line
 172.


LaTeX Warning: Reference `def:channel' on page 64 undefined on input line 187.


LaTeX Warning: Reference `def:stinespring_v' on page 64 undefined on input line
 187.


LaTeX Warning: Reference `def:is_kraus_cp' on page 64 undefined on input line 2
06.


LaTeX Warning: Reference `def:trace_pairing_adjoint' on page 64 undefined on in
put line 206.


LaTeX Warning: Reference `def:kraus_rank_rect' on page 64 undefined on input li
ne 206.


LaTeX Warning: Reference `lem:stinespring_rectangular_least_dim' on page 64 und
efined on input line 223.


LaTeX Warning: Citation `Wolf2012Quantum' on page 64 undefined on input line 22
5.

[64]

LaTeX Warning: Reference `def:kraus_rank_rect' on page 65 undefined on input li
ne 233.


LaTeX Warning: Reference `def:stinespring_v' on page 65 undefined on input line
 233.


LaTeX Warning: Reference `thm:kraus_rect_rank_minimal' on page 65 undefined on 
input line 233.


LaTeX Warning: Reference `thm:kraus_rect_normalization' on page 65 undefined on
 input line 233.


LaTeX Warning: Reference `thm:stinespring_dual_representation' on page 65 undef
ined on input line 233.


LaTeX Warning: Reference `thm:stinespring_v_conjTranspose_mul' on page 65 undef
ined on input line 233.


LaTeX Warning: Reference `thm:trace_pairing_adjoint_identity' on page 65 undefi
ned on input line 233.


LaTeX Warning: Reference `thm:trace_nondeg' on page 65 undefined on input line 
233.


LaTeX Warning: Reference `eq:stinespring_rectangular' on page 65 undefined on i
nput line 248.


LaTeX Warning: Reference `def:trace_pairing_adjoint' on page 65 undefined on in
put line 256.


LaTeX Warning: Reference `def:kraus_rank_rect' on page 65 undefined on input li
ne 256.


LaTeX Warning: Reference `eq:stinespring_rectangular' on page 65 undefined on i
nput line 260.


LaTeX Warning: Reference `thm:stinespring_rectangular' on page 65 undefined on 
input line 262.


LaTeX Warning: Citation `Wolf2012Quantum' on page 65 undefined on input line 26
5.


LaTeX Warning: Reference `def:stinespring_v' on page 65 undefined on input line
 272.


LaTeX Warning: Reference `thm:kraus_rect_rank_minimal' on page 65 undefined on 
input line 272.


LaTeX Warning: Reference `thm:stinespring_dual_representation' on page 65 undef
ined on input line 272.


LaTeX Warning: Reference `thm:trace_pairing_adjoint_identity' on page 65 undefi
ned on input line 272.


LaTeX Warning: Reference `thm:trace_nondeg' on page 65 undefined on input line 
272.


Overfull \hbox (3.29pt too wide) in paragraph at lines 292--292
[]\TU/lmr/bx/n/14.4 Ordered CP maps, Radon–Nikodym, and open-system

LaTeX Warning: Citation `Wolf2012Quantum' on page 65 undefined on input line 29
6.


LaTeX Warning: Reference `def:is_kraus_cp' on page 65 undefined on input line 3
05.


LaTeX Warning: Reference `def:stinespring_v' on page 65 undefined on input line
 313.

[65]

LaTeX Warning: Reference `def:ordered_cp_stinespring_w' on page 66 undefined on
 input line 332.


LaTeX Warning: Reference `def:ordered_cp_stinespring_w' on page 66 undefined on
 input line 359.


LaTeX Warning: Reference `def:choi_matrix_rect' on page 66 undefined on input l
ine 359.


LaTeX Warning: Reference `thm:stinespring_dual_representation' on page 66 undef
ined on input line 359.


LaTeX Warning: Reference `eq:ordered_cp_w_gram' on page 66 undefined on input l
ine 373.


LaTeX Warning: Reference `eq:ordered_cp_norm_comparison' on page 66 undefined o
n input line 399.


LaTeX Warning: Reference `lem:ordered_cp_stinespring_w_gram' on page 66 undefin
ed on input line 414.


LaTeX Warning: Reference `lem:stinespring_rectangular_least_dim' on page 66 und
efined on input line 414.


LaTeX Warning: Reference `def:cp_dominates' on page 66 undefined on input line 
435.


LaTeX Warning: Reference `def:ordered_cp_stinespring_w' on page 66 undefined on
 input line 435.


LaTeX Warning: Reference `lem:ordered_cp_stinespring_w_gram' on page 66 undefin
ed on input line 435.


LaTeX Warning: Reference `lem:ordered_cp_rectangular_contraction_factorization'
 on page 66 undefined on input line 435.


LaTeX Warning: Reference `lem:ordered_cp_v_w_correspondence' on page 66 undefin
ed on input line 435.


LaTeX Warning: Reference `lem:ordered_cp_minimal_w_surjective' on page 66 undef
ined on input line 435.

[66]

LaTeX Warning: Citation `Wolf2012Quantum' on page 67 undefined on input line 45
1.


LaTeX Warning: Reference `lem:ordered_cp_stinespring_w_gram' on page 67 undefin
ed on input line 457.


LaTeX Warning: Reference `eq:ordered_cp_norm_comparison' on page 67 undefined o
n input line 462.


LaTeX Warning: Reference `eq:ordered_cp_w_definition' on page 67 undefined on i
nput line 464.


LaTeX Warning: Reference `eq:representations_ordered_intertwining' on page 67 u
ndefined on input line 465.


LaTeX Warning: Reference `def:block_top_rows' on page 67 undefined on input lin
e 486.


LaTeX Warning: Reference `def:block_top_rows' on page 67 undefined on input lin
e 499.


LaTeX Warning: Reference `def:stinespring_v' on page 67 undefined on input line
 512.


LaTeX Warning: Reference `def:block_top_rows' on page 67 undefined on input lin
e 512.


LaTeX Warning: Reference `eq:representations_stinespring_intertwining' on page 
67 undefined on input line 526.


LaTeX Warning: Reference `def:cp_dominates' on page 67 undefined on input line 
536.


LaTeX Warning: Reference `def:stinespring_v' on page 67 undefined on input line
 536.


LaTeX Warning: Reference `def:block_top_rows' on page 67 undefined on input lin
e 536.


LaTeX Warning: Reference `lem:block_top_rows_contraction' on page 67 undefined 
on input line 536.


LaTeX Warning: Reference `lem:stinespring_intertwine_append' on page 67 undefin
ed on input line 536.


LaTeX Warning: Reference `thm:cp_dominates_stinespring_contraction' on page 67 
undefined on input line 551.


LaTeX Warning: Reference `thm:exists_stinespring_dilation' on page 67 undefined
 on input line 556.


LaTeX Warning: Reference `lem:block_top_rows_contraction' on page 67 undefined 
on input line 556.


LaTeX Warning: Reference `lem:stinespring_intertwine_append' on page 67 undefin
ed on input line 556.

[67]

LaTeX Warning: Reference `lem:stinespring_intertwine_append' on page 68 undefin
ed on input line 574.


LaTeX Warning: Reference `lem:block_top_rows_contraction' on page 68 undefined 
on input line 576.


LaTeX Warning: Reference `def:block_top_rows' on page 68 undefined on input lin
e 583.


LaTeX Warning: Reference `lem:block_top_rows_contraction' on page 68 undefined 
on input line 583.


LaTeX Warning: Reference `lem:block_top_rows_contraction' on page 68 undefined 
on input line 586.


LaTeX Warning: Reference `def:is_kraus_cp' on page 68 undefined on input line 5
95.


LaTeX Warning: Reference `def:stinespring_v' on page 68 undefined on input line
 595.


LaTeX Warning: Reference `thm:cp_dominates_stinespring_contraction' on page 68 
undefined on input line 595.


LaTeX Warning: Citation `Wolf2012Quantum' on page 68 undefined on input line 61
8.


LaTeX Warning: Citation `gap:wolf_radon_nikodym_nonempty_family' on page 68 und
efined on input line 619.


LaTeX Warning: Reference `def:stinespring_v_gen' on page 68 undefined on input 
line 624.


LaTeX Warning: Reference `thm:cp_dominates_stinespring_contraction' on page 68 
undefined on input line 624.


LaTeX Warning: Reference `thm:cp_dominates_stinespring_contraction' on page 68 
undefined on input line 631.


LaTeX Warning: Reference `eq:representations_radon_residual_invisible' on page 
68 undefined on input line 668.

[68]

LaTeX Warning: Reference `thm:cp_radon_nikodym_of_stinespring' on page 69 undef
ined on input line 681.


Overfull \hbox (1.84756pt too wide) in paragraph at lines 679--690
[][]\TU/lmr/bx/n/10 Corollary 3.12.15 \TU/lmr/m/n/10 (Square-algebra Radon–Niko
dym theorem)\TU/lmr/bx/n/10 . [][][] [][][] [][] [][][] []\TU/lmr/m/it/10 Let $
[]$ be a nonempty

LaTeX Warning: Reference `thm:cp_radon_nikodym_of_stinespring' on page 69 undef
ined on input line 694.


LaTeX Warning: Reference `def:cp_map' on page 69 undefined on input line 701.


LaTeX Warning: Reference `def:stinespring_v' on page 69 undefined on input line
 701.


LaTeX Warning: Reference `def:block_diag_projectors' on page 69 undefined on in
put line 701.


LaTeX Warning: Reference `thm:cp_radon_nikodym_of_stinespring' on page 69 undef
ined on input line 718.


LaTeX Warning: Reference `cor:cp_radon_nikodym_of_stinespring_square' on page 6
9 undefined on input line 720.


LaTeX Warning: Reference `thm:cp_exists_radon_nikodym' on page 69 undefined on 
input line 722.


LaTeX Warning: Reference `thm:exists_stinespring_dilation' on page 69 undefined
 on input line 728.


LaTeX Warning: Reference `def:block_diag_projectors' on page 69 undefined on in
put line 728.


LaTeX Warning: Reference `lem:stinespring_intertwine_append' on page 69 undefin
ed on input line 728.


LaTeX Warning: Reference `def:block_diag_projectors' on page 69 undefined on in
put line 733.


LaTeX Warning: Reference `lem:stinespring_intertwine_append' on page 69 undefin
ed on input line 739.


LaTeX Warning: Reference `def:channel' on page 69 undefined on input line 749.


LaTeX Warning: Reference `def:stinespring_v' on page 69 undefined on input line
 749.


LaTeX Warning: Reference `def:partial_trace' on page 69 undefined on input line
 749.


LaTeX Warning: Reference `thm:exists_stinespring_isometry_of_cptp' on page 69 u
ndefined on input line 762.


LaTeX Warning: Reference `thm:stinespring_schrodinger_representation' on page 6
9 undefined on input line 762.


LaTeX Warning: Reference `thm:exists_stinespring_isometry_of_cptp' on page 69 u
ndefined on input line 764.


LaTeX Warning: Reference `eq:representations_stinespring_schrodinger' on page 6
9 undefined on input line 766.


LaTeX Warning: Reference `def:channel' on page 69 undefined on input line 773.


LaTeX Warning: Reference `def:stinespring_v' on page 69 undefined on input line
 773.


LaTeX Warning: Reference `def:partial_trace' on page 69 undefined on input line
 773.


LaTeX Warning: Reference `thm:channel_exists_stinespring_open_system' on page 6
9 undefined on input line 779.


LaTeX Warning: Reference `eq:representations_open_system' on page 69 undefined 
on input line 781.


LaTeX Warning: Reference `def:first_env_embedding' on page 69 undefined on inpu
t line 797.


Overfull \hbox (11.32751pt too wide) in paragraph at lines 795--799
[][]\TU/lmr/bx/n/10 Lemma 3.12.21 \TU/lmr/m/n/10 (First environment embedding i
s an isometry)\TU/lmr/bx/n/10 . [][][] [][][] [][] [][][] []\TU/lmr/m/it/10 The
 first-environment
[69]

LaTeX Warning: Reference `def:channel' on page 70 undefined on input line 808.


LaTeX Warning: Reference `def:partial_trace' on page 70 undefined on input line
 808.


LaTeX Warning: Reference `def:first_env_embedding' on page 70 undefined on inpu
t line 808.


LaTeX Warning: Reference `thm:channel_exists_stinespring_open_system_traceRight
' on page 70 undefined on input line 823.


LaTeX Warning: Reference `lem:exists_unitary_mul_eq_of_gram_eq' on page 70 unde
fined on input line 823.


LaTeX Warning: Reference `lem:first_env_embedding_conjTranspose_mul_self' on pa
ge 70 undefined on input line 823.


LaTeX Warning: Reference `lem:exists_unitary_mul_eq_of_gram_eq' on page 70 unde
fined on input line 827.


LaTeX Warning: Reference `eq:representations_open_unitary' on page 70 undefined
 on input line 829.


LaTeX Warning: Reference `def:is_kraus_cptp' on page 70 undefined on input line
 842.


LaTeX Warning: Reference `def:partial_trace' on page 70 undefined on input line
 842.


LaTeX Warning: Reference `thm:stinespring_rectangular' on page 70 undefined on 
input line 842.


LaTeX Warning: Reference `thm:kraus_rect_rank_minimal' on page 70 undefined on 
input line 842.


LaTeX Warning: Reference `lem:exists_unitary_mul_eq_of_gram_eq' on page 70 unde
fined on input line 842.


LaTeX Warning: Citation `Wolf2012Quantum' on page 70 undefined on input line 85
7.


LaTeX Warning: Reference `thm:stinespring_rectangular' on page 70 undefined on 
input line 862.


LaTeX Warning: Reference `thm:kraus_rect_rank_minimal' on page 70 undefined on 
input line 862.


LaTeX Warning: Reference `lem:exists_unitary_mul_eq_of_gram_eq' on page 70 unde
fined on input line 862.


LaTeX Warning: Reference `thm:stinespring_rectangular' on page 70 undefined on 
input line 865.


LaTeX Warning: Reference `lem:exists_unitary_mul_eq_of_gram_eq' on page 70 unde
fined on input line 872.


LaTeX Warning: Reference `eq:representations_open_system_rectangular_unitary' o
n page 70 undefined on input line 877.


LaTeX Warning: Reference `def:fixed_environment_insertion' on page 70 undefined
 on input line 896.


LaTeX Warning: Reference `def:fixed_environment_insertion' on page 70 undefined
 on input line 911.


LaTeX Warning: Reference `thm:fixed_environment_insertion' on page 70 undefined
 on input line 916.


LaTeX Warning: Reference `lem:exists_unitary_mul_eq_of_gram_eq' on page 70 unde
fined on input line 916.


LaTeX Warning: Reference `lem:exists_unitary_mul_eq_of_gram_eq' on page 70 unde
fined on input line 918.


LaTeX Warning: Reference `def:fixed_environment_insertion' on page 70 undefined
 on input line 926.

[70]

LaTeX Warning: Reference `def:pure_environment_initialization' on page 71 undef
ined on input line 946.


LaTeX Warning: Reference `def:initialized_environment_blocks' on page 71 undefi
ned on input line 946.


LaTeX Warning: Reference `def:pure_environment_initialization' on page 71 undef
ined on input line 961.


LaTeX Warning: Reference `thm:stinespring_v_conjTranspose_mul' on page 71 undef
ined on input line 975.


LaTeX Warning: Reference `thm:stinespring_schrodinger_representation' on page 7
1 undefined on input line 975.


LaTeX Warning: Reference `thm:fixed_environment_unitary_extension' on page 71 u
ndefined on input line 975.


LaTeX Warning: Reference `def:is_kraus_cptp' on page 71 undefined on input line
 986.


LaTeX Warning: Reference `def:pure_environment_initialization' on page 71 undef
ined on input line 986.


LaTeX Warning: Citation `Wolf2012Quantum' on page 71 undefined on input line 99
9.


LaTeX Warning: Reference `thm:stinespring_rectangular' on page 71 undefined on 
input line 1004.


LaTeX Warning: Reference `thm:kraus_rect_rank_minimal' on page 71 undefined on 
input line 1004.


LaTeX Warning: Reference `thm:fixed_environment_unitary_extension' on page 71 u
ndefined on input line 1004.


LaTeX Warning: Reference `def:pure_environment_initialization' on page 71 undef
ined on input line 1017.


LaTeX Warning: Reference `def:fresh_environment_action' on page 71 undefined on
 input line 1053.

[71]

LaTeX Warning: Reference `lem:partial_trace_product_isometry' on page 72 undefi
ned on input line 1068.


LaTeX Warning: Reference `lem:partial_trace_product_isometry' on page 72 undefi
ned on input line 1071.


LaTeX Warning: Reference `def:fresh_environment_action' on page 72 undefined on
 input line 1079.


LaTeX Warning: Reference `thm:environment_trace_exchange' on page 72 undefined 
on input line 1090.


LaTeX Warning: Reference `thm:environment_trace_exchange' on page 72 undefined 
on input line 1091.


LaTeX Warning: Reference `eq:representations_deferred_environment' on page 72 u
ndefined on input line 1093.


LaTeX Warning: Reference `def:fresh_environment_action' on page 72 undefined on
 input line 1102.


LaTeX Warning: Reference `thm:deferred_correlated_environment' on page 72 undef
ined on input line 1116.


LaTeX Warning: Reference `thm:deferred_correlated_environment' on page 72 undef
ined on input line 1120.


LaTeX Warning: Reference `def:povm' on page 72 undefined on input line 1147.


LaTeX Warning: Reference `thm:quantum_steering' on page 72 undefined on input l
ine 1147.


LaTeX Warning: Reference `thm:quantum_steering' on page 72 undefined on input l
ine 1162.


LaTeX Warning: Reference `eq:representations_unnormalized_steering' on page 72 
undefined on input line 1167.


LaTeX Warning: Reference `def:povm' on page 72 undefined on input line 1176.


LaTeX Warning: Reference `def:kraus_rank_rect' on page 72 undefined on input li
ne 1176.


LaTeX Warning: Reference `thm:choi_rect_cp' on page 72 undefined on input line 
1176.


LaTeX Warning: Reference `lem:unnormalized_povm_steering' on page 72 undefined 
on input line 1176.

[72]

LaTeX Warning: Reference `lem:unnormalized_povm_steering' on page 73 undefined 
on input line 1200.


LaTeX Warning: Reference `thm:choi_rect_cp' on page 73 undefined on input line 
1200.


LaTeX Warning: Reference `def:kraus_rank_rect' on page 73 undefined on input li
ne 1200.


LaTeX Warning: Reference `lem:unnormalized_povm_steering' on page 73 undefined 
on input line 1204.


LaTeX Warning: Reference `eq:representations_environment_instruments_reduced' o
n page 73 undefined on input line 1208.


LaTeX Warning: Reference `def:povm' on page 73 undefined on input line 1222.


LaTeX Warning: Reference `def:kraus_rank_rect' on page 73 undefined on input li
ne 1222.


LaTeX Warning: Reference `thm:environment_induced_instruments_stinespring' on p
age 73 undefined on input line 1222.


LaTeX Warning: Citation `Wolf2012Quantum' on page 73 undefined on input line 12
54.


LaTeX Warning: Reference `thm:environment_induced_instruments_stinespring' on p
age 73 undefined on input line 1258.


LaTeX Warning: Reference `eq:representations_environment_instruments_stinesprin
g' on page 73 undefined on input line 1262.


LaTeX Warning: Reference `thm:environment_induced_instruments_stinespring' on p
age 73 undefined on input line 1263.


LaTeX Warning: Reference `eq:representations_environment_induced_instruments' o
n page 73 undefined on input line 1266.


LaTeX Warning: Reference `def:povm' on page 73 undefined on input line 1273.


LaTeX Warning: Reference `def:naimark_kraus' on page 73 undefined on input line
 1283.


LaTeX Warning: Reference `def:povm' on page 73 undefined on input line 1283.

[73]

LaTeX Warning: Reference `def:naimark_kraus' on page 74 undefined on input line
 1296.


LaTeX Warning: Reference `def:stinespring_v' on page 74 undefined on input line
 1296.


LaTeX Warning: Reference `def:naimark_isometry' on page 74 undefined on input l
ine 1326.


LaTeX Warning: Reference `def:povm' on page 74 undefined on input line 1326.


LaTeX Warning: Reference `def:naimark_projection' on page 74 undefined on input
 line 1344.


LaTeX Warning: Reference `eq:representations_naimark_projectors' on page 74 und
efined on input line 1365.


LaTeX Warning: Reference `def:povm' on page 74 undefined on input line 1372.


LaTeX Warning: Reference `def:naimark_isometry' on page 74 undefined on input l
ine 1372.


LaTeX Warning: Reference `def:naimark_projection' on page 74 undefined on input
 line 1372.


LaTeX Warning: Reference `thm:naimark_isometry_isometry' on page 74 undefined o
n input line 1372.


LaTeX Warning: Reference `thm:naimark_projection_axioms' on page 74 undefined o
n input line 1372.


LaTeX Warning: Reference `thm:naimark_recovers_povm' on page 74 undefined on in
put line 1393.


LaTeX Warning: Reference `thm:naimark_isometry_isometry' on page 74 undefined o
n input line 1410.


LaTeX Warning: Reference `thm:naimark_projection_axioms' on page 74 undefined o
n input line 1410.


LaTeX Warning: Reference `thm:naimark_recovers_povm' on page 74 undefined on in
put line 1410.


LaTeX Warning: Reference `def:is_naimark_dilation' on page 74 undefined on inpu
t line 1420.


LaTeX Warning: Reference `thm:naimark_recovers_povm' on page 74 undefined on in
put line 1420.

[74]

LaTeX Warning: Reference `def:naimark_isometry' on page 75 undefined on input l
ine 1437.


LaTeX Warning: Reference `def:naimark_projection' on page 75 undefined on input
 line 1437.


LaTeX Warning: Reference `thm:naimark_recovers_povm' on page 75 undefined on in
put line 1437.


LaTeX Warning: Reference `def:povm' on page 75 undefined on input line 1460.


LaTeX Warning: Reference `thm:exists_naimark_dilation' on page 75 undefined on 
input line 1471.


LaTeX Warning: Citation `Wolf2012Quantum' on page 75 undefined on input line 14
74.


LaTeX Warning: Reference `def:povm' on page 75 undefined on input line 1482.


LaTeX Warning: Reference `lem:exists_unitary_mul_eq_of_gram_eq' on page 75 unde
fined on input line 1482.


LaTeX Warning: Reference `lem:exists_unitary_mul_eq_of_gram_eq' on page 75 unde
fined on input line 1489.


LaTeX Warning: Reference `def:cp_map' on page 75 undefined on input line 1512.


LaTeX Warning: Reference `def:trace_preserving' on page 75 undefined on input l
ine 1512.


LaTeX Warning: Reference `def:instrument' on page 75 undefined on input line 15
22.


LaTeX Warning: Reference `def:instrument' on page 75 undefined on input line 15
33.


LaTeX Warning: Reference `def:channel' on page 75 undefined on input line 1533.


[75]

LaTeX Warning: Reference `def:instrument' on page 76 undefined on input line 15
47.


LaTeX Warning: Reference `def:instrument' on page 76 undefined on input line 15
67.

) (./chapter/ch03_channel_representations_normal_forms_and_determinant.tex

LaTeX Warning: Reference `def:trace_pairing_self_dual_basis' on page 76 undefin
ed on input line 33.


LaTeX Warning: Reference `def:trace_pairing_self_dual_basis' on page 76 undefin
ed on input line 42.


LaTeX Warning: Reference `def:trace_pairing_coeff' on page 76 undefined on inpu
t line 42.


LaTeX Warning: Reference `eq:representations_self_dual' on page 76 undefined on
 input line 58.


LaTeX Warning: Reference `eq:representations_trace_expansion' on page 76 undefi
ned on input line 60.


LaTeX Warning: Citation `Wolf2012Quantum' on page 76 undefined on input line 72
.


LaTeX Warning: Reference `thm:lorentz_normal_form_qubit' on page 76 undefined o
n input line 73.


LaTeX Warning: Citation `Wolf2012Quantum' on page 76 undefined on input line 76
.


LaTeX Warning: Reference `sec:lorentz_normal_form' on page 76 undefined on inpu
t line 77.

[76]

LaTeX Warning: Reference `thm:svd_of_isUnit' on page 77 undefined on input line
 127.


LaTeX Warning: Reference `thm:svd_of_isUnit' on page 77 undefined on input line
 135.


LaTeX Warning: Reference `thm:svd_of_isUnit' on page 77 undefined on input line
 141.


LaTeX Warning: Citation `Wolf2012Quantum' on page 77 undefined on input line 15
5.


LaTeX Warning: Reference `def:signed_sip_metric_blocks' on page 77 undefined on
 input line 180.

[77]

LaTeX Warning: Reference `def:signed_sip_metric_blocks' on page 78 undefined on
 input line 200.


LaTeX Warning: Reference `def:real_canonical_jordan_blocks' on page 78 undefine
d on input line 200.


LaTeX Warning: Reference `def:real_canonical_jordan_blocks' on page 78 undefine
d on input line 233.


LaTeX Warning: Citation `gap:qiclean_minkowski_canonical_pair_dependency' on pa
ge 78 undefined on input line 252.


LaTeX Warning: Citation `Wolf2012Quantum' on page 78 undefined on input line 27
9.

[78]

LaTeX Warning: Reference `def:pauli_transfer_matrix' on page 79 undefined on in
put line 287.


LaTeX Warning: Citation `Wolf2012Quantum' on page 79 undefined on input line 30
1.


LaTeX Warning: Reference `def:pauli_block_diagonal_truncation' on page 79 undef
ined on input line 313.


LaTeX Warning: Reference `def:positive_map' on page 79 undefined on input line 
313.


LaTeX Warning: Reference `def:cp_map' on page 79 undefined on input line 313.


LaTeX Warning: Reference `eq:pauli_transfer_blocks' on page 79 undefined on inp
ut line 316.


LaTeX Warning: Citation `Wolf2012Quantum' on page 79 undefined on input line 33
9.


LaTeX Warning: Reference `eq:pauli_block_truncation_entrywise' on page 79 undef
ined on input line 348.


LaTeX Warning: Citation `Wolf2012Quantum' on page 79 undefined on input line 35
9.


LaTeX Warning: Reference `thm:pauli_block_truncation_forward' on page 79 undefi
ned on input line 361.

[79]

LaTeX Warning: Reference `def:invertible_filtering' on page 80 undefined on inp
ut line 452.


LaTeX Warning: Reference `lem:invertible_filter_scalar_sl' on page 80 undefined
 on input line 452.


LaTeX Warning: Citation `Wolf2012Quantum' on page 80 undefined on input line 47
7.


LaTeX Warning: Reference `eq:representations_posdef_trace_bound' on page 80 und
efined on input line 501.

[80]

LaTeX Warning: Reference `eq:representations_kronecker_hs' on page 81 undefined
 on input line 549.


LaTeX Warning: Reference `lem:posdef_trace_lower_bound' on page 81 undefined on
 input line 556.


LaTeX Warning: Reference `lem:det_amgm_hilbert_schmidt_bound' on page 81 undefi
ned on input line 556.


LaTeX Warning: Reference `lem:kronecker_hilbert_schmidt_trace' on page 81 undef
ined on input line 556.


LaTeX Warning: Reference `lem:posdef_trace_lower_bound' on page 81 undefined on
 input line 571.


LaTeX Warning: Reference `lem:det_amgm_hilbert_schmidt_bound' on page 81 undefi
ned on input line 571.


LaTeX Warning: Reference `lem:kronecker_hilbert_schmidt_trace' on page 81 undef
ined on input line 571.


LaTeX Warning: Reference `lem:posdef_trace_lower_bound' on page 81 undefined on
 input line 573.


LaTeX Warning: Reference `lem:kronecker_hilbert_schmidt_trace' on page 81 undef
ined on input line 574.


LaTeX Warning: Reference `lem:det_amgm_hilbert_schmidt_bound' on page 81 undefi
ned on input line 576.


LaTeX Warning: Reference `eq:representations_amgm_prod_sum' on page 81 undefine
d on input line 625.


LaTeX Warning: Reference `lem:amgm_prod_sum' on page 81 undefined on input line
 637.

[81]

LaTeX Warning: Reference `lem:infimum_is_attained' on page 82 undefined on inpu
t line 666.


LaTeX Warning: Reference `lem:trace_det_amgm' on page 82 undefined on input lin
e 666.


LaTeX Warning: Citation `Wolf2012Quantum' on page 82 undefined on input line 68
9.


LaTeX Warning: Reference `lem:infimum_is_attained' on page 82 undefined on inpu
t line 694.


LaTeX Warning: Reference `lem:trace_det_amgm' on page 82 undefined on input lin
e 694.


LaTeX Warning: Reference `lem:infimum_is_attained' on page 82 undefined on inpu
t line 696.


LaTeX Warning: Reference `lem:trace_det_amgm' on page 82 undefined on input lin
e 709.


LaTeX Warning: Reference `def:sl_filtering' on page 82 undefined on input line 
720.


LaTeX Warning: Reference `def:doubly_stochastic' on page 82 undefined on input 
line 720.


LaTeX Warning: Reference `lem:infimum_is_attained' on page 82 undefined on inpu
t line 720.


LaTeX Warning: Reference `lem:trace_det_amgm' on page 82 undefined on input lin
e 720.


LaTeX Warning: Citation `Wolf2012Quantum' on page 82 undefined on input line 72
7.


LaTeX Warning: Reference `thm:exists_normal_form_generic_rect' on page 82 undef
ined on input line 729.


LaTeX Warning: Reference `lem:infimum_is_attained' on page 82 undefined on inpu
t line 734.


LaTeX Warning: Reference `lem:trace_det_amgm' on page 82 undefined on input lin
e 734.


LaTeX Warning: Reference `lem:infimum_is_attained' on page 82 undefined on inpu
t line 743.


LaTeX Warning: Reference `lem:trace_det_amgm' on page 82 undefined on input lin
e 752.

[82]

LaTeX Warning: Citation `Wolf2012Quantum' on page 83 undefined on input line 76
4.


LaTeX Warning: Reference `def:sl_filtering' on page 83 undefined on input line 
774.


LaTeX Warning: Reference `def:doubly_stochastic_rect' on page 83 undefined on i
nput line 774.


LaTeX Warning: Reference `thm:exists_normal_form_generic_tau' on page 83 undefi
ned on input line 774.


LaTeX Warning: Reference `def:choi_matrix_rect' on page 83 undefined on input l
ine 774.


LaTeX Warning: Reference `def:is_kraus_cp' on page 83 undefined on input line 7
74.


LaTeX Warning: Citation `Wolf2012Quantum' on page 83 undefined on input line 78
0.


LaTeX Warning: Reference `thm:exists_normal_form_generic_tau' on page 83 undefi
ned on input line 784.


LaTeX Warning: Reference `thm:exists_normal_form_generic_tau' on page 83 undefi
ned on input line 785.


LaTeX Warning: Reference `eq:representations_generic_tau_marginals' on page 83 
undefined on input line 792.


LaTeX Warning: Reference `def:lorentz_diagonal' on page 83 undefined on input l
ine 851.


LaTeX Warning: Reference `def:lorentz_non_diagonal' on page 83 undefined on inp
ut line 851.


LaTeX Warning: Reference `def:lorentz_singular' on page 83 undefined on input l
ine 851.


LaTeX Warning: Citation `VerstraeteVerschelde2002QuantumChannels' on page 83 un
defined on input line 890.

[83]

LaTeX Warning: Citation `VerstraeteVerschelde2002QuantumChannels' on page 84 un
defined on input line 916.


LaTeX Warning: Citation `VerstraeteVerschelde2002QuantumChannels' on page 84 un
defined on input line 931.


LaTeX Warning: Citation `VerstraeteVerschelde2002QuantumChannels' on page 84 un
defined on input line 940.


LaTeX Warning: Citation `VerstraeteVerschelde2002QuantumChannels' on page 84 un
defined on input line 948.


LaTeX Warning: Citation `WolfCirac2008Dividing' on page 84 undefined on input l
ine 951.


LaTeX Warning: Reference `thm:exists_normal_form_generic' on page 84 undefined 
on input line 972.


LaTeX Warning: Reference `def:invertible_filtering' on page 84 undefined on inp
ut line 972.


LaTeX Warning: Reference `def:lorentz_diagonal' on page 84 undefined on input l
ine 972.


LaTeX Warning: Reference `def:lorentz_non_diagonal' on page 84 undefined on inp
ut line 972.


LaTeX Warning: Reference `def:lorentz_singular' on page 84 undefined on input l
ine 972.


LaTeX Warning: Reference `thm:lorentz_displayed_qubit_representatives' on page 
84 undefined on input line 972.


LaTeX Warning: Reference `thm:lorentz_displayed_qubit_representatives' on page 
84 undefined on input line 984.

[84]

LaTeX Warning: Citation `Wolf2012Quantum' on page 85 undefined on input line 10
29.


Overfull \hbox (5.60834pt too wide) in paragraph at lines 1026--1031
\TU/lmr/m/n/10 nates used immediately before [[], Eq. (2.41)]; see also the loc
al source $[][][][][] [] [][][][][][][][][][][][][][][][][] []

LaTeX Warning: Reference `def:pauli_minkowski_identification' on page 85 undefi
ned on input line 1038.


LaTeX Warning: Reference `def:pauli_minkowski_identification' on page 85 undefi
ned on input line 1065.


LaTeX Warning: Citation `Wolf2012Quantum' on page 85 undefined on input line 10
79.


LaTeX Warning: Reference `thm:pauli_minkowski_determinant' on page 85 undefined
 on input line 1106.


LaTeX Warning: Reference `def:spinor_action_minkowski' on page 85 undefined on 
input line 1106.

[85]

LaTeX Warning: Reference `thm:pauli_minkowski_determinant' on page 86 undefined
 on input line 1120.


LaTeX Warning: Reference `def:spinor_action_minkowski' on page 86 undefined on 
input line 1136.


LaTeX Warning: Reference `eq:representations_special_orthochronous_lorentz' on 
page 86 undefined on input line 1138.


LaTeX Warning: Reference `def:spinor_cover_homomorphism' on page 86 undefined o
n input line 1163.


LaTeX Warning: Reference `eq:representations_spinor_cover_hom' on page 86 undef
ined on input line 1165.


LaTeX Warning: Citation `Wolf2012Quantum' on page 86 undefined on input line 11
74.


LaTeX Warning: Reference `thm:spinor_image_special_orthochronous' on page 86 un
defined on input line 1178.


LaTeX Warning: Reference `thm:pauli_minkowski_determinant' on page 86 undefined
 on input line 1178.


LaTeX Warning: Citation `Wolf2012Quantum' on page 86 undefined on input line 11
83.


LaTeX Warning: Reference `eq:representations_spinor_two_point_fibres' on page 8
6 undefined on input line 1193.


LaTeX Warning: Reference `def:spinor_cover_homomorphism' on page 86 undefined o
n input line 1208.


LaTeX Warning: Citation `Wolf2012Quantum' on page 86 undefined on input line 12
39.

[86]

LaTeX Warning: Reference `eq:representations_spinor_exponential_closed_forms' o
n page 87 undefined on input line 1249.


LaTeX Warning: Reference `eq:representations_spinor_exponential_map' on page 87
 undefined on input line 1254.


LaTeX Warning: Reference `def:pauli_transfer_matrix' on page 87 undefined on in
put line 1272.


LaTeX Warning: Reference `def:spinor_action_minkowski' on page 87 undefined on 
input line 1272.


LaTeX Warning: Reference `eq:representations_pauli_transfer_spinor_action' on p
age 87 undefined on input line 1282.


LaTeX Warning: Citation `Wolf2012Quantum' on page 87 undefined on input line 12
89.


LaTeX Warning: Reference `eq:pauli_transfer_entries' on page 87 undefined on in
put line 1294.


LaTeX Warning: Reference `eq:representations_pauli_transfer_spinor_action' on p
age 87 undefined on input line 1298.


LaTeX Warning: Citation `Wolf2012Quantum' on page 87 undefined on input line 13
19.


LaTeX Warning: Reference `def:channel_det' on page 87 undefined on input line 1
341.


LaTeX Warning: Reference `def:unitary_channel' on page 87 undefined on input li
ne 1341.


LaTeX Warning: Reference `def:positive_map' on page 87 undefined on input line 
1355.


LaTeX Warning: Reference `def:trace_preserving' on page 87 undefined on input l
ine 1355.


LaTeX Warning: Citation `Wolf2012Quantum' on page 87 undefined on input line 13
59.

[87]

LaTeX Warning: Reference `def:channel_det' on page 88 undefined on input line 1
378.


LaTeX Warning: Reference `def:positive_map' on page 88 undefined on input line 
1378.


LaTeX Warning: Reference `def:trace_preserving' on page 88 undefined on input l
ine 1378.


LaTeX Warning: Citation `Wolf2012Quantum' on page 88 undefined on input line 13
82.


LaTeX Warning: Reference `thm:positive_tp_eigenvalue_disk' on page 88 undefined
 on input line 1386.


LaTeX Warning: Reference `def:channel_det' on page 88 undefined on input line 1
413.


LaTeX Warning: Reference `def:positive_map' on page 88 undefined on input line 
1413.


LaTeX Warning: Reference `def:trace_preserving' on page 88 undefined on input l
ine 1413.


LaTeX Warning: Reference `def:unitary_channel' on page 88 undefined on input li
ne 1413.


LaTeX Warning: Citation `Wolf2012Quantum' on page 88 undefined on input line 14
24.


LaTeX Warning: Reference `thm:positive_tp_eigenvalue_disk' on page 88 undefined
 on input line 1430.


LaTeX Warning: Reference `thm:peripheral_projection_recurrent_subsequence' on p
age 88 undefined on input line 1430.


LaTeX Warning: Reference `thm:wolf_prop_3_6' on page 88 undefined on input line
 1430.


LaTeX Warning: Reference `thm:channel_det_unitary_eq_one' on page 88 undefined 
on input line 1430.


Overfull \hbox (15.74634pt too wide) in paragraph at lines 1439--1446
[]\TU/lmr/m/n/10 Thus $[]$ maps the positive-semidefinite cone onto itself. The
 already formalized cone/rank/Wigner

LaTeX Warning: Reference `thm:channelDet_norm_eq_one_iff_positive_tp' on page 8
8 undefined on input line 1459.


LaTeX Warning: Reference `thm:channel_det_unitary_eq_one' on page 88 undefined 
on input line 1459.


LaTeX Warning: Citation `Wolf2012Quantum' on page 88 undefined on input line 14
70.

[88]

LaTeX Warning: Reference `def:channel_det' on page 89 undefined on input line 1
486.


LaTeX Warning: Citation `Wolf2012Quantum' on page 89 undefined on input line 14
92.


LaTeX Warning: Reference `def:channel_det' on page 89 undefined on input line 1
504.


LaTeX Warning: Reference `def:positive_map' on page 89 undefined on input line 
1504.


LaTeX Warning: Reference `def:trace_preserving' on page 89 undefined on input l
ine 1504.


LaTeX Warning: Citation `Wolf2012Quantum' on page 89 undefined on input line 15
16.


LaTeX Warning: Reference `thm:channelDet_comp' on page 89 undefined on input li
ne 1520.


LaTeX Warning: Reference `thm:channelDet_norm_le_one' on page 89 undefined on i
nput line 1520.


LaTeX Warning: Reference `thm:channelDet_comp' on page 89 undefined on input li
ne 1521.


LaTeX Warning: Reference `thm:channelDet_norm_eq_one_iff_positive_tp' on page 8
9 undefined on input line 1529.


LaTeX Warning: Reference `def:inverse_of_bijective_matrix_endomorphism' on page
 89 undefined on input line 1557.


LaTeX Warning: Reference `def:positive_map' on page 89 undefined on input line 
1557.


LaTeX Warning: Reference `def:trace_preserving' on page 89 undefined on input l
ine 1557.


LaTeX Warning: Reference `def:maps_psd_cone_onto' on page 89 undefined on input
 line 1557.


LaTeX Warning: Reference `def:channel_det' on page 89 undefined on input line 1
557.


LaTeX Warning: Reference `thm:channelDet_norm_le_one' on page 89 undefined on i
nput line 1565.


LaTeX Warning: Reference `thm:channelDet_comp' on page 89 undefined on input li
ne 1565.


LaTeX Warning: Reference `def:inverse_of_bijective_matrix_endomorphism' on page
 89 undefined on input line 1582.


LaTeX Warning: Reference `def:unitary_channel' on page 89 undefined on input li
ne 1582.


LaTeX Warning: Reference `def:positive_map' on page 89 undefined on input line 
1582.


LaTeX Warning: Reference `thm:transpose_positive_trace_preserving' on page 89 u
ndefined on input line 1591.

[89]

LaTeX Warning: Reference `def:inverse_of_bijective_matrix_endomorphism' on page
 90 undefined on input line 1602.


LaTeX Warning: Reference `def:positive_map' on page 90 undefined on input line 
1602.


LaTeX Warning: Reference `def:trace_preserving' on page 90 undefined on input l
ine 1602.


LaTeX Warning: Reference `def:unitary_channel' on page 90 undefined on input li
ne 1602.


LaTeX Warning: Citation `Wolf2012Quantum' on page 90 undefined on input line 16
12.


LaTeX Warning: Reference `thm:positive_inverse_preliminaries' on page 90 undefi
ned on input line 1618.


LaTeX Warning: Reference `thm:positive_inverse_standard_forms' on page 90 undef
ined on input line 1618.


LaTeX Warning: Reference `thm:channelDet_norm_eq_one_iff_positive_tp' on page 9
0 undefined on input line 1618.


LaTeX Warning: Reference `def:channel' on page 90 undefined on input line 1629.



LaTeX Warning: Reference `def:channel_det' on page 90 undefined on input line 1
629.


LaTeX Warning: Reference `def:unitary_channel' on page 90 undefined on input li
ne 1629.


LaTeX Warning: Citation `Wolf2012Quantum' on page 90 undefined on input line 16
38.


LaTeX Warning: Reference `thm:channelDet_norm_le_one' on page 90 undefined on i
nput line 1644.


LaTeX Warning: Reference `thm:channel_det_unitary_eq_one' on page 90 undefined 
on input line 1644.


LaTeX Warning: Reference `thm:channel_det_unitary_eq_one' on page 90 undefined 
on input line 1645.


LaTeX Warning: Reference `def:is_kraus_cp' on page 90 undefined on input line 1
665.


LaTeX Warning: Reference `def:kraus_rank_rect' on page 90 undefined on input li
ne 1665.


LaTeX Warning: Reference `def:channel_det' on page 90 undefined on input line 1
665.


LaTeX Warning: Citation `Wolf2012Quantum' on page 90 undefined on input line 16
74.


LaTeX Warning: Reference `thm:kraus_rect_rank_minimal' on page 90 undefined on 
input line 1681.


LaTeX Warning: Reference `thm:transfer_matrix_kraus' on page 90 undefined on in
put line 1681.


LaTeX Warning: Reference `thm:channel_det_transfer_matrix' on page 90 undefined
 on input line 1681.


LaTeX Warning: Reference `def:mpu_transfer_matrix' on page 90 undefined on inpu
t line 1690.

[90]) (./chapter/ch03_channel_representations_determinant_choi_bound.tex

LaTeX Warning: Reference `def:choi_matrix' on page 91 undefined on input line 1
2.


LaTeX Warning: Reference `def:channel_det' on page 91 undefined on input line 2
9.


LaTeX Warning: Reference `def:choi_matrix' on page 91 undefined on input line 2
9.


LaTeX Warning: Citation `Wolf2012Quantum' on page 91 undefined on input line 41
.


LaTeX Warning: Reference `eq:representations_choi_entries' on page 91 undefined
 on input line 55.


LaTeX Warning: Reference `eq:representations_channel_matrix_entries' on page 91
 undefined on input line 57.


LaTeX Warning: Reference `def:channel_det' on page 91 undefined on input line 6
4.


LaTeX Warning: Reference `def:choi_purity' on page 91 undefined on input line 6
4.


LaTeX Warning: Reference `lem:channel_matrix_eq_reshuffled_choi' on page 91 und
efined on input line 65.


LaTeX Warning: Citation `Wolf2012Quantum' on page 91 undefined on input line 71
.


LaTeX Warning: Reference `lem:channel_matrix_eq_reshuffled_choi' on page 91 und
efined on input line 77.


LaTeX Warning: Reference `eq:representations_reshuffling' on page 91 undefined 
on input line 79.

[91]

LaTeX Warning: Reference `eq:representations_purity_entries' on page 92 undefin
ed on input line 90.


LaTeX Warning: Reference `lem:trace_det_amgm' on page 92 undefined on input lin
e 97.


LaTeX Warning: Reference `lem:trace_det_amgm' on page 92 undefined on input lin
e 106.


LaTeX Warning: Reference `eq:representations_trace_det_amgm' on page 92 undefin
ed on input line 109.


LaTeX Warning: Reference `def:channel_det' on page 92 undefined on input line 1
18.


LaTeX Warning: Reference `def:choi_purity' on page 92 undefined on input line 1
18.


LaTeX Warning: Citation `Wolf2012Quantum' on page 92 undefined on input line 12
6.


LaTeX Warning: Reference `lem:choi_purity_eq_hilbert_schmidt' on page 92 undefi
ned on input line 130.


LaTeX Warning: Reference `lem:det_sq_le_hilbert_schmidt_pow' on page 92 undefin
ed on input line 130.


LaTeX Warning: Reference `eq:representations_det_sq_hs_bound' on page 92 undefi
ned on input line 132.


LaTeX Warning: Reference `eq:representations_purity_factor' on page 92 undefine
d on input line 133.

) (./chapter/ch03_channel_representations_self_dual.tex

LaTeX Warning: Citation `Wolf2012Quantum' on page 92 undefined on input line 6.



LaTeX Warning: Citation `Wolf2012Quantum' on page 92 undefined on input line 10
.


LaTeX Warning: Citation `Wolf2012Quantum' on page 92 undefined on input line 25
.


LaTeX Warning: Citation `Wolf2012Quantum' on page 92 undefined on input line 39
.

[92]

LaTeX Warning: Reference `def:transfer_matrix_of_basis' on page 93 undefined on
 input line 55.


LaTeX Warning: Reference `def:mpu_transfer_matrix' on page 93 undefined on inpu
t line 62.


Overfull \hbox (8.98033pt too wide) in paragraph at lines 60--66
[][]\TU/lmr/bx/n/10 Theorem 3.19.4 \TU/lmr/m/n/10 (Transfer matrix of a Kraus r
epresentation)\TU/lmr/bx/n/10 . [][][] [][][] [][] [][][] []\TU/lmr/m/it/10 If 
$[][][][] [] [][] [][][][][]$,

LaTeX Warning: Reference `def:channel_det' on page 93 undefined on input line 8
4.


LaTeX Warning: Reference `def:mpu_transfer_matrix' on page 93 undefined on inpu
t line 84.


LaTeX Warning: Reference `def:hilbert_schmidt_orthonormal' on page 93 undefined
 on input line 106.


LaTeX Warning: Reference `def:transfer_matrix_of_basis' on page 93 undefined on
 input line 134.


LaTeX Warning: Reference `def:trace_pairing_adjoint' on page 93 undefined on in
put line 134.


LaTeX Warning: Reference `def:mpu_transfer_matrix' on page 93 undefined on inpu
t line 134.


LaTeX Warning: Citation `Wolf2012Quantum' on page 93 undefined on input line 14
2.


LaTeX Warning: Reference `def:trace_pairing_adjoint' on page 93 undefined on in
put line 146.


LaTeX Warning: Reference `def:mpu_transfer_matrix' on page 93 undefined on inpu
t line 146.

[93]

LaTeX Warning: Reference `def:trace_pairing_adjoint' on page 94 undefined on in
put line 173.


LaTeX Warning: Reference `def:cp_map' on page 94 undefined on input line 173.


LaTeX Warning: Citation `Wolf2012Quantum' on page 94 undefined on input line 17
6.


LaTeX Warning: Reference `thm:kraus_same_map_of_unitary_combination' on page 94
 undefined on input line 206.


LaTeX Warning: Reference `def:transfer_matrix_of_basis' on page 94 undefined on
 input line 223.


LaTeX Warning: Reference `def:hilbert_schmidt_orthonormal' on page 94 undefined
 on input line 223.


LaTeX Warning: Reference `def:trace_pairing_adjoint' on page 94 undefined on in
put line 223.


LaTeX Warning: Reference `lem:transfer_matrix_of_basis_dual' on page 94 undefin
ed on input line 235.


LaTeX Warning: Reference `lem:hilbert_schmidt_orthonormal_coordinates' on page 
94 undefined on input line 235.


LaTeX Warning: Reference `lem:transfer_matrix_of_basis_dual' on page 94 undefin
ed on input line 236.


LaTeX Warning: Reference `lem:hilbert_schmidt_orthonormal_coordinates' on page 
94 undefined on input line 244.


LaTeX Warning: Reference `lem:transfer_matrix_of_basis_dual' on page 94 undefin
ed on input line 247.

[94]

LaTeX Warning: Reference `def:mpu_transfer_matrix' on page 95 undefined on inpu
t line 259.


LaTeX Warning: Reference `def:mpu_transfer_matrix' on page 95 undefined on inpu
t line 280.


LaTeX Warning: Reference `thm:mpu_transfer_matrix_vectorization' on page 95 und
efined on input line 295.


LaTeX Warning: Reference `thm:mpu_transfer_matrix_vectorization' on page 95 und
efined on input line 297.


LaTeX Warning: Reference `def:cp_map' on page 95 undefined on input line 307.


LaTeX Warning: Reference `def:trace_pairing_adjoint' on page 95 undefined on in
put line 307.


LaTeX Warning: Reference `def:mpu_transfer_matrix' on page 95 undefined on inpu
t line 307.


LaTeX Warning: Reference `lem:transfer_matrix_of_basis_dual' on page 95 undefin
ed on input line 318.


LaTeX Warning: Reference `lem:trace_adjoint_of_kraus' on page 95 undefined on i
nput line 318.


LaTeX Warning: Reference `thm:mpu_transfer_matrix_vectorization' on page 95 und
efined on input line 318.


LaTeX Warning: Reference `lem:trace_adjoint_of_kraus' on page 95 undefined on i
nput line 320.


LaTeX Warning: Reference `lem:transfer_matrix_of_basis_dual' on page 95 undefin
ed on input line 322.


LaTeX Warning: Reference `thm:mpu_transfer_matrix_vectorization' on page 95 und
efined on input line 323.


LaTeX Warning: Reference `def:cp_map' on page 95 undefined on input line 338.


LaTeX Warning: Reference `def:trace_pairing_adjoint' on page 95 undefined on in
put line 338.


LaTeX Warning: Reference `def:transfer_matrix_of_basis' on page 95 undefined on
 input line 338.


LaTeX Warning: Reference `def:hilbert_schmidt_orthonormal' on page 95 undefined
 on input line 338.


LaTeX Warning: Citation `Wolf2012Quantum' on page 95 undefined on input line 34
7.


LaTeX Warning: Reference `lem:transfer_matrix_of_basis_hermitian_iff' on page 9
5 undefined on input line 352.


LaTeX Warning: Reference `lem:trace_adjoint_of_kraus' on page 95 undefined on i
nput line 352.


LaTeX Warning: Reference `lem:hermitian_kraus_of_self_dual' on page 95 undefine
d on input line 352.


LaTeX Warning: Reference `lem:transfer_matrix_of_basis_hermitian_iff' on page 9
5 undefined on input line 354.


LaTeX Warning: Reference `lem:trace_adjoint_of_kraus' on page 95 undefined on i
nput line 358.

[95]

LaTeX Warning: Reference `lem:hermitian_kraus_of_self_dual' on page 96 undefine
d on input line 373.

) (./chapter/ch03_channel_representations_transfer_matrix_identities.tex

LaTeX Warning: Reference `thm:transfer_matrix_functoriality' on page 96 undefin
ed on input line 60.

) (./chapter/ch03_channel_representations_sic_povms.tex [96]

LaTeX Warning: Citation `Wolf2012Quantum' on page 97 undefined on input line 31
.


LaTeX Warning: Reference `eq:sic_hermitian_trace_square' on page 97 undefined o
n input line 71.


LaTeX Warning: Reference `thm:finite_cauchy_schwarz_equality' on page 97 undefi
ned on input line 76.

[97]

LaTeX Warning: Reference `def:sic_rank_one_orthogonal_projection' on page 98 un
defined on input line 105.


LaTeX Warning: Reference `thm:sic_hermitian_trace_square' on page 98 undefined 
on input line 139.


LaTeX Warning: Reference `thm:sic_psd_unit_purity_trace' on page 98 undefined o
n input line 139.


LaTeX Warning: Reference `eq:sic_povm_overlap_bound' on page 98 undefined on in
put line 154.


LaTeX Warning: Reference `def:sic_rank_one_orthogonal_projection' on page 98 un
defined on input line 161.


LaTeX Warning: Reference `thm:sic_povm_overlap_bound' on page 98 undefined on i
nput line 162.


LaTeX Warning: Reference `eq:sic_povm_overlap_bound' on page 98 undefined on in
put line 163.


LaTeX Warning: Reference `thm:finite_cauchy_schwarz_equality' on page 98 undefi
ned on input line 172.


LaTeX Warning: Reference `thm:sic_hermitian_trace_square_equality' on page 98 u
ndefined on input line 172.


LaTeX Warning: Reference `thm:sic_psd_unit_purity_equality' on page 98 undefine
d on input line 172.


LaTeX Warning: Reference `eq:sic_povm_overlap_bound' on page 98 undefined on in
put line 187.


LaTeX Warning: Citation `Wolf2012Quantum' on page 98 undefined on input line 19
1.


LaTeX Warning: Citation `gap:wolf_sic_povm_linear_independence' on page 98 unde
fined on input line 193.

[98]

LaTeX Warning: Reference `thm:sic_povm_overlap_bound_equality' on page 99 undef
ined on input line 197.


LaTeX Warning: Reference `def:sic_povm_family' on page 99 undefined on input li
ne 242.


LaTeX Warning: Reference `def:sic_povm_family' on page 99 undefined on input li
ne 271.

[99]

LaTeX Warning: Reference `thm:sic_povm_operator_basis' on page 100 undefined on
 input line 291.


LaTeX Warning: Reference `eq:sic_povm_diagonal_representation' on page 100 unde
fined on input line 317.


LaTeX Warning: Reference `thm:sic_povm_diagonal_representation' on page 100 und
efined on input line 327.


LaTeX Warning: Reference `thm:sic_povm_normalizations' on page 100 undefined on
 input line 327.


LaTeX Warning: Reference `thm:sic_povm_diagonal_representation' on page 100 und
efined on input line 344.


LaTeX Warning: Reference `eq:sic_povm_kraus_channel' on page 100 undefined on i
nput line 345.


LaTeX Warning: Reference `thm:sic_povm_normalizations' on page 100 undefined on
 input line 346.

)) (./chapter/ch04_positive_not_cp.tex [100]
Chapter 4.

LaTeX Warning: Citation `Wolf2012Quantum' on page 101 undefined on input line 3
.

(./chapter/ch04_positive_not_cp_trace_normalization_and_lorentz_cone.tex

LaTeX Warning: Reference `def:positive_map_rectangular' on page 101 undefined o
n input line 10.


LaTeX Warning: Reference `def:trace_preserving_rectangular' on page 101 undefin
ed on input line 10.


LaTeX Warning: Reference `def:trace_pairing_adjoint' on page 101 undefined on i
nput line 10.


LaTeX Warning: Reference `thm:trace_normalization_inverse_square_root' on page 
101 undefined on input line 10.


LaTeX Warning: Reference `lem:pos_def_inv_sqrt_invertible' on page 101 undefine
d on input line 10.


LaTeX Warning: Citation `Wolf2012Quantum' on page 101 undefined on input line 1
5.


LaTeX Warning: Reference `lem:pos_def_inv_sqrt_invertible' on page 101 undefine
d on input line 20.


LaTeX Warning: Reference `lem:conj_inv_sqrt_normalizes' on page 101 undefined o
n input line 20.


LaTeX Warning: Reference `thm:trace_normalization_inverse_square_root' on page 
101 undefined on input line 20.


LaTeX Warning: Reference `lem:pos_def_inv_sqrt_invertible' on page 101 undefine
d on input line 22.


LaTeX Warning: Reference `thm:trace_normalization_inverse_square_root' on page 
101 undefined on input line 23.


LaTeX Warning: Reference `lem:conj_inv_sqrt_normalizes' on page 101 undefined o
n input line 26.

[101]

LaTeX Warning: Citation `Wolf2012Quantum' on page 102 undefined on input line 7
0.


LaTeX Warning: Reference `eq:channel_lorentz_converse' on page 102 undefined on
 input line 88.

) (./chapter/ch04_positive_not_cp_two_positive_schmidt_and_choi.tex

Package hyperref Warning: Token not allowed in a PDF string (Unicode):
(hyperref)                removing `math shift' on input line 1.


Package hyperref Warning: Token not allowed in a PDF string (Unicode):
(hyperref)                removing `math shift' on input line 1.


LaTeX Warning: Citation `Wolf2012Quantum' on page 102 undefined on input line 4
.


LaTeX Warning: Reference `def:cp_map' on page 102 undefined on input line 33.


LaTeX Warning: Reference `def:k_positive_map' on page 102 undefined on input li
ne 33.


LaTeX Warning: Reference `def:positive_map' on page 102 undefined on input line
 53.


LaTeX Warning: Reference `def:k_positive_map' on page 102 undefined on input li
ne 53.


LaTeX Warning: Reference `def:k_positive_map' on page 102 undefined on input li
ne 77.


LaTeX Warning: Reference `def:unital_linear_map' on page 102 undefined on input
 line 77.

[102]

LaTeX Warning: Reference `def:k_positive_map' on page 103 undefined on input li
ne 108.


LaTeX Warning: Reference `def:blockwise_ampliation' on page 103 undefined on in
put line 108.


LaTeX Warning: Reference `def:schmidt_rank' on page 103 undefined on input line
 132.


LaTeX Warning: Reference `def:schmidt_rank' on page 103 undefined on input line
 152.


LaTeX Warning: Reference `def:schmidt_rank' on page 103 undefined on input line
 165.


LaTeX Warning: Reference `def:schmidt_singular_values' on page 103 undefined on
 input line 165.


LaTeX Warning: Reference `sec:app_positive_not_cp_schmidt_rank' on page 103 und
efined on input line 184.


LaTeX Warning: Reference `sec:app_positive_not_cp_ky_fan' on page 103 undefined
 on input line 186.

[103]

LaTeX Warning: Reference `def:ky_fan_norm' on page 104 undefined on input line 
218.


LaTeX Warning: Reference `thm:ky_fan_achievability' on page 104 undefined on in
put line 218.


LaTeX Warning: Reference `thm:ky_fan_upper_bound' on page 104 undefined on inpu
t line 218.


LaTeX Warning: Citation `Fan1949Theorem' on page 104 undefined on input line 22
7.


LaTeX Warning: Citation `Bhatia1997Matrix' on page 104 undefined on input line 
228.


LaTeX Warning: Citation `Wolf2012Quantum' on page 104 undefined on input line 2
31.


LaTeX Warning: Reference `thm:ky_fan_achievability' on page 104 undefined on in
put line 235.


LaTeX Warning: Reference `thm:ky_fan_upper_bound' on page 104 undefined on inpu
t line 235.


LaTeX Warning: Reference `thm:ky_fan_achievability' on page 104 undefined on in
put line 236.


LaTeX Warning: Reference `thm:ky_fan_upper_bound' on page 104 undefined on inpu
t line 238.


LaTeX Warning: Reference `def:schmidt_rank' on page 104 undefined on input line
 246.


LaTeX Warning: Reference `def:ky_fan_norm' on page 104 undefined on input line 
246.


LaTeX Warning: Reference `thm:ky_fan_maximum_principle' on page 104 undefined o
n input line 246.


LaTeX Warning: Citation `Wolf2012Quantum' on page 104 undefined on input line 2
60.


LaTeX Warning: Reference `thm:maximal_overlap_schmidt_rank_top' on page 104 und
efined on input line 262.


LaTeX Warning: Reference `thm:ky_fan_maximum_principle' on page 104 undefined o
n input line 267.


LaTeX Warning: Reference `thm:ky_fan_maximum_principle' on page 104 undefined o
n input line 287.

[104]

LaTeX Warning: Reference `eq:schwarz_schmidt_overlap_witness' on page 105 undef
ined on input line 309.


LaTeX Warning: Reference `def:schmidt_rank' on page 105 undefined on input line
 316.


LaTeX Warning: Reference `def:ky_fan_norm' on page 105 undefined on input line 
316.


LaTeX Warning: Reference `thm:maximal_overlap_schmidt_rank' on page 105 undefin
ed on input line 328.


LaTeX Warning: Citation `Wolf2012Quantum' on page 105 undefined on input line 3
29.


LaTeX Warning: Reference `def:schmidt_rank' on page 105 undefined on input line
 356.


LaTeX Warning: Reference `def:ky_fan_norm' on page 105 undefined on input line 
356.


LaTeX Warning: Reference `def:reduced_eig_density' on page 105 undefined on inp
ut line 356.


LaTeX Warning: Reference `lem:reduced_eig_density_posSemidef' on page 105 undef
ined on input line 356.


LaTeX Warning: Reference `thm:maximal_overlap_schmidt_rank' on page 105 undefin
ed on input line 356.


LaTeX Warning: Citation `Wolf2012Quantum' on page 105 undefined on input line 3
71.


LaTeX Warning: Reference `thm:spectral_bound_schmidt_rank_top' on page 105 unde
fined on input line 373.


LaTeX Warning: Reference `lem:eigenbasis_rayleigh' on page 105 undefined on inp
ut line 379.


LaTeX Warning: Reference `lem:eigenbasis_parseval' on page 105 undefined on inp
ut line 379.


LaTeX Warning: Reference `thm:maximal_overlap_schmidt_rank' on page 105 undefin
ed on input line 379.


LaTeX Warning: Reference `eq:schwarz_eigenbasis_rayleigh' on page 105 undefined
 on input line 380.


LaTeX Warning: Reference `eq:schwarz_eigenbasis_parseval' on page 105 undefined
 on input line 383.


LaTeX Warning: Reference `thm:maximal_overlap_schmidt_rank' on page 105 undefin
ed on input line 395.


LaTeX Warning: Reference `eq:schwarz_spectral_schmidt_lower' on page 105 undefi
ned on input line 398.


LaTeX Warning: Reference `def:schmidt_rank' on page 105 undefined on input line
 406.


LaTeX Warning: Reference `def:ky_fan_norm' on page 105 undefined on input line 
406.


LaTeX Warning: Reference `def:reduced_eig_density' on page 105 undefined on inp
ut line 406.


LaTeX Warning: Reference `lem:reduced_eig_density_posSemidef' on page 105 undef
ined on input line 406.


LaTeX Warning: Reference `thm:maximal_overlap_schmidt_rank' on page 105 undefin
ed on input line 406.

[105]

LaTeX Warning: Citation `Wolf2012Quantum' on page 106 undefined on input line 4
19.


LaTeX Warning: Reference `thm:spectral_bound_schmidt_rank_top' on page 106 unde
fined on input line 421.


LaTeX Warning: Reference `lem:eigenbasis_rayleigh' on page 106 undefined on inp
ut line 427.


LaTeX Warning: Reference `lem:eigenbasis_parseval' on page 106 undefined on inp
ut line 427.


LaTeX Warning: Reference `thm:maximal_overlap_schmidt_rank' on page 106 undefin
ed on input line 427.


LaTeX Warning: Reference `eq:schwarz_spectral_lower_expansion' on page 106 unde
fined on input line 429.


LaTeX Warning: Reference `thm:maximal_overlap_schmidt_rank' on page 106 undefin
ed on input line 439.


LaTeX Warning: Reference `eq:schwarz_spectral_schmidt_upper' on page 106 undefi
ned on input line 443.


LaTeX Warning: Reference `lem:eigenbasis_rayleigh' on page 106 undefined on inp
ut line 451.


LaTeX Warning: Reference `lem:eigenbasis_parseval' on page 106 undefined on inp
ut line 451.


LaTeX Warning: Citation `Wolf2012Quantum' on page 106 undefined on input line 4
64.


LaTeX Warning: Citation `Wolf2012Quantum' on page 106 undefined on input line 4
67.


LaTeX Warning: Reference `eq:schwarz_spectral_schmidt_top' on page 106 undefine
d on input line 472.


LaTeX Warning: Reference `thm:spectral_infimum_top' on page 106 undefined on in
put line 473.


LaTeX Warning: Reference `thm:spectral_lower_bound_schmidt_rank' on page 106 un
defined on input line 474.


LaTeX Warning: Reference `thm:spectral_upper_bound_schmidt_rank' on page 106 un
defined on input line 475.


LaTeX Warning: Reference `lem:eigenbasis_rayleigh' on page 106 undefined on inp
ut line 481.


LaTeX Warning: Reference `lem:eigenbasis_parseval' on page 106 undefined on inp
ut line 481.


LaTeX Warning: Reference `eq:schwarz_eigenbasis_rayleigh' on page 106 undefined
 on input line 482.


LaTeX Warning: Reference `eq:schwarz_eigenbasis_parseval' on page 106 undefined
 on input line 483.


LaTeX Warning: Reference `eq:schwarz_spectral_schmidt_top' on page 106 undefine
d on input line 488.


LaTeX Warning: Reference `def:k_positive_map' on page 106 undefined on input li
ne 494.


LaTeX Warning: Reference `def:blockwise_ampliation' on page 106 undefined on in
put line 494.


LaTeX Warning: Citation `Wolf2012Quantum' on page 106 undefined on input line 4
99.


LaTeX Warning: Reference `sec:app_positive_not_cp_choi_compression' on page 106
 undefined on input line 521.


LaTeX Warning: Citation `gap:wolf_prop3_1_exact_schmidt_rank_scope' on page 106
 undefined on input line 526.

[106]

LaTeX Warning: Reference `def:blockwise_ampliation' on page 107 undefined on in
put line 533.


LaTeX Warning: Reference `lem:right_tensor_adjoint_schmidt_rank_representatives
' on page 107 undefined on input line 565.


LaTeX Warning: Reference `thm:choi_right_compression_quadratic_form' on page 10
7 undefined on input line 565.


LaTeX Warning: Reference `thm:k_positive_iff_right_choi_compressions' on page 1
07 undefined on input line 565.


LaTeX Warning: Reference `lem:right_tensor_adjoint_schmidt_rank_representatives
' on page 107 undefined on input line 574.


LaTeX Warning: Reference `thm:k_positive_iff_right_choi_compressions' on page 1
07 undefined on input line 575.


LaTeX Warning: Reference `eq:schwarz_right_compression_quadratic' on page 107 u
ndefined on input line 578.


LaTeX Warning: Reference `lem:right_tensor_adjoint_schmidt_rank' on page 107 un
defined on input line 588.


LaTeX Warning: Reference `thm:choi_right_compression_quadratic_form' on page 10
7 undefined on input line 588.


LaTeX Warning: Reference `thm:k_positive_iff_right_choi_compressions' on page 1
07 undefined on input line 588.


LaTeX Warning: Reference `thm:k_positive_iff_right_choi_compressions' on page 1
07 undefined on input line 598.


LaTeX Warning: Reference `eq:schwarz_right_compression_quadratic' on page 107 u
ndefined on input line 601.


LaTeX Warning: Reference `lem:right_tensor_adjoint_schmidt_rank' on page 107 un
defined on input line 604.


LaTeX Warning: Reference `thm:k_positive_schmidt_rank_choi_expectation' on page
 107 undefined on input line 616.


LaTeX Warning: Reference `thm:schmidt_rank_choi_test_converse' on page 107 unde
fined on input line 616.


LaTeX Warning: Reference `thm:k_positive_schmidt_rank_choi_expectation' on page
 107 undefined on input line 624.


LaTeX Warning: Reference `thm:schmidt_rank_choi_test_converse' on page 107 unde
fined on input line 625.


LaTeX Warning: Reference `thm:k_positive_rank_one_test' on page 107 undefined o
n input line 632.


LaTeX Warning: Reference `def:choi_right_compression' on page 107 undefined on 
input line 632.


LaTeX Warning: Reference `lem:rank_one_ampliation_choi_compression' on page 107
 undefined on input line 632.


LaTeX Warning: Reference `eq:schwarz_compressed_omega' on page 107 undefined on
 input line 642.


LaTeX Warning: Reference `lem:rank_one_ampliation_choi_compression' on page 107
 undefined on input line 643.


LaTeX Warning: Reference `eq:schwarz_ampliation_compression' on page 107 undefi
ned on input line 652.

[107]

LaTeX Warning: Reference `thm:k_positive_iff_right_choi_compressions' on page 1
08 undefined on input line 664.


LaTeX Warning: Reference `thm:choi_right_tensor_sandwich' on page 108 undefined
 on input line 664.


LaTeX Warning: Reference `thm:k_positive_iff_right_choi_compressions' on page 1
08 undefined on input line 678.


LaTeX Warning: Reference `eq:schwarz_right_tensor_sandwich' on page 108 undefin
ed on input line 680.


LaTeX Warning: Reference `lem:rank_k_hermitian_projection_factorization' on pag
e 108 undefined on input line 688.


LaTeX Warning: Reference `thm:factorized_right_projection_choi_sandwich' on pag
e 108 undefined on input line 688.


LaTeX Warning: Citation `Wolf2012Quantum' on page 108 undefined on input line 6
93.


LaTeX Warning: Reference `lem:rank_k_hermitian_projection_factorization' on pag
e 108 undefined on input line 698.


LaTeX Warning: Reference `thm:factorized_right_projection_choi_sandwich' on pag
e 108 undefined on input line 700.


LaTeX Warning: Reference `thm:k_positive_iff_right_choi_compressions' on page 1
08 undefined on input line 709.


LaTeX Warning: Reference `lem:square_sandwich_fixed_rectangular_compression' on
 page 108 undefined on input line 709.


LaTeX Warning: Reference `lem:rank_k_projection_fixing_rectangular_factor' on p
age 108 undefined on input line 709.


LaTeX Warning: Reference `thm:k_positive_iff_right_choi_compressions' on page 1
08 undefined on input line 718.


LaTeX Warning: Reference `lem:rank_k_projection_fixing_rectangular_factor' on p
age 108 undefined on input line 722.


LaTeX Warning: Reference `lem:square_sandwich_fixed_rectangular_compression' on
 page 108 undefined on input line 724.


LaTeX Warning: Reference `thm:rank_k_right_projection_choi_sandwich_forward' on
 page 108 undefined on input line 733.


LaTeX Warning: Reference `thm:rank_k_right_projection_choi_sandwich_converse' o
n page 108 undefined on input line 733.


LaTeX Warning: Citation `Wolf2012Quantum' on page 108 undefined on input line 7
39.


LaTeX Warning: Reference `thm:rank_k_right_projection_choi_sandwich_forward' on
 page 108 undefined on input line 745.


LaTeX Warning: Reference `thm:rank_k_right_projection_choi_sandwich_converse' o
n page 108 undefined on input line 747.


LaTeX Warning: Reference `def:trace_pairing_adjoint' on page 108 undefined on i
nput line 753.


LaTeX Warning: Reference `sec:app_positive_not_cp_k_positive_closure' on page 1
08 undefined on input line 757.


LaTeX Warning: Reference `def:blockwise_ampliation' on page 108 undefined on in
put line 764.


LaTeX Warning: Reference `def:trace_pairing_adjoint' on page 108 undefined on i
nput line 764.


LaTeX Warning: Reference `thm:trace_pairing_adjoint_identity' on page 108 undef
ined on input line 764.


LaTeX Warning: Reference `eq:schwarz_trace_adjoint_pairing' on page 108 undefin
ed on input line 778.


LaTeX Warning: Reference `eq:schwarz_trace_adjoint_ampliation' on page 108 unde
fined on input line 787.

[108]

LaTeX Warning: Reference `def:k_positive_map' on page 109 undefined on input li
ne 795.


LaTeX Warning: Reference `thm:trace_pairing_adjoint_ampliation' on page 109 und
efined on input line 795.


LaTeX Warning: Reference `thm:trace_pairing_adjoint_positive' on page 109 undef
ined on input line 795.


LaTeX Warning: Reference `eq:schwarz_trace_adjoint_ampliation' on page 109 unde
fined on input line 803.


LaTeX Warning: Reference `thm:k_positive_trace_pairing_adjoint' on page 109 und
efined on input line 812.


LaTeX Warning: Reference `thm:trace_pairing_adjoint_involutive' on page 109 und
efined on input line 812.


LaTeX Warning: Reference `thm:k_positive_trace_pairing_adjoint' on page 109 und
efined on input line 820.


LaTeX Warning: Reference `thm:trace_pairing_adjoint_involutive' on page 109 und
efined on input line 822.


LaTeX Warning: Reference `def:cp_map' on page 109 undefined on input line 829.


LaTeX Warning: Reference `def:k_positive_map' on page 109 undefined on input li
ne 850.


LaTeX Warning: Reference `def:positive_map' on page 109 undefined on input line
 850.


LaTeX Warning: Reference `def:k_positive_map' on page 109 undefined on input li
ne 865.


LaTeX Warning: Reference `def:cp_map' on page 109 undefined on input line 865.


LaTeX Warning: Reference `thm:cp_iff_choi_posSemidef' on page 109 undefined on 
input line 865.

) (./chapter/ch04_positive_not_cp_npositivity_infimum.tex

LaTeX Warning: Citation `Wolf2012Quantum' on page 109 undefined on input line 3
.


LaTeX Warning: Reference `def:schmidt_rank' on page 109 undefined on input line
 15.

[109]

LaTeX Warning: Reference `def:schmidt_rank_le_expectations' on page 110 undefin
ed on input line 35.


LaTeX Warning: Reference `thm:schmidt_rank_basic_bounds' on page 110 undefined 
on input line 44.


LaTeX Warning: Reference `thm:spectral_bound_schmidt_rank_top' on page 110 unde
fined on input line 44.


LaTeX Warning: Reference `thm:spectral_bound_schmidt_rank_top' on page 110 unde
fined on input line 47.


LaTeX Warning: Reference `def:schmidt_rank_le_expectations' on page 110 undefin
ed on input line 57.


LaTeX Warning: Reference `def:ky_fan_norm' on page 110 undefined on input line 
57.


LaTeX Warning: Reference `def:reduced_eig_density' on page 110 undefined on inp
ut line 57.


LaTeX Warning: Citation `Wolf2012Quantum' on page 110 undefined on input line 6
2.


LaTeX Warning: Citation `Wolf2012Quantum' on page 110 undefined on input line 6
8.


LaTeX Warning: Reference `thm:spectral_infimum_top' on page 110 undefined on in
put line 69.


LaTeX Warning: Reference `thm:spectral_lower_bound_schmidt_rank' on page 110 un
defined on input line 76.


LaTeX Warning: Reference `lem:schmidt_rank_le_expectations_inf_exists' on page 
110 undefined on input line 76.


LaTeX Warning: Reference `thm:spectral_lower_bound_schmidt_rank' on page 110 un
defined on input line 77.


LaTeX Warning: Reference `def:schmidt_rank_le_expectations' on page 110 undefin
ed on input line 89.


LaTeX Warning: Reference `def:ky_fan_norm' on page 110 undefined on input line 
89.


LaTeX Warning: Reference `def:reduced_eig_density' on page 110 undefined on inp
ut line 89.


LaTeX Warning: Citation `Wolf2012Quantum' on page 110 undefined on input line 1
02.


LaTeX Warning: Reference `thm:spectral_infimum_top' on page 110 undefined on in
put line 103.


LaTeX Warning: Reference `thm:spectral_upper_bound_schmidt_rank' on page 110 un
defined on input line 110.


LaTeX Warning: Reference `lem:schmidt_rank_le_expectations_inf_exists' on page 
110 undefined on input line 110.


LaTeX Warning: Reference `thm:spectral_upper_bound_schmidt_rank' on page 110 un
defined on input line 111.


LaTeX Warning: Reference `def:ky_fan_norm' on page 110 undefined on input line 
122.


LaTeX Warning: Reference `def:reduced_eig_density' on page 110 undefined on inp
ut line 122.

[110]

LaTeX Warning: Reference `def:schmidt_rank_le_expectations' on page 111 undefin
ed on input line 149.


LaTeX Warning: Reference `def:ky_fan_norm' on page 111 undefined on input line 
149.


LaTeX Warning: Reference `def:reduced_eig_density' on page 111 undefined on inp
ut line 149.


LaTeX Warning: Reference `thm:spectral_infimum_lower_bound' on page 111 undefin
ed on input line 167.


LaTeX Warning: Reference `thm:spectral_infimum_lower_bound' on page 111 undefin
ed on input line 174.


LaTeX Warning: Reference `thm:spectral_infimum_upper_bound' on page 111 undefin
ed on input line 175.


LaTeX Warning: Citation `Wolf2012Quantum' on page 111 undefined on input line 1
77.


LaTeX Warning: Reference `thm:spectral_bound_schmidt_rank_top' on page 111 unde
fined on input line 186.


LaTeX Warning: Reference `thm:schmidt_rank_basic_bounds' on page 111 undefined 
on input line 186.


LaTeX Warning: Reference `lem:schmidt_rank_le_expectations_inf_exists' on page 
111 undefined on input line 186.


LaTeX Warning: Reference `lem:reduced_eig_density_ky_fan_top' on page 111 undef
ined on input line 186.


LaTeX Warning: Reference `thm:spectral_bound_schmidt_rank_top' on page 111 unde
fined on input line 189.


LaTeX Warning: Reference `eq:channel_spectral_infimum_top' on page 111 undefine
d on input line 191.


LaTeX Warning: Reference `eq:channel_spectral_infimum_top_lower' on page 111 un
defined on input line 192.

) (./chapter/ch04_positive_not_cp_positivity_reduction_and_breuer_hall.tex

LaTeX Warning: Reference `def:positive_map' on page 111 undefined on input line
 26.


LaTeX Warning: Reference `def:reduction_map' on page 111 undefined on input lin
e 26.


LaTeX Warning: Reference `def:reduction_map' on page 111 undefined on input lin
e 41.

[111]

LaTeX Warning: Reference `eq:channel_reduction_self_dual' on page 112 undefined
 on input line 51.


LaTeX Warning: Reference `eq:channel_reduction_map' on page 112 undefined on in
put line 52.


Overfull \hbox (12.10706pt too wide) in paragraph at lines 50--54
[] [][][] \TU/lmr/m/n/10 Expanding both sides of ([]) using ([]) and bilinearit
y of the trace gives $[][][][] [][][][] []

LaTeX Warning: Reference `def:reduction_map' on page 112 undefined on input lin
e 60.


LaTeX Warning: Reference `def:reduction_map' on page 112 undefined on input lin
e 85.


LaTeX Warning: Reference `def:decomposable_positive_map' on page 112 undefined 
on input line 85.


LaTeX Warning: Reference `thm:cp_iff_choi_posSemidef' on page 112 undefined on 
input line 85.


LaTeX Warning: Reference `def:positive_map' on page 112 undefined on input line
 113.


LaTeX Warning: Citation `Wolf2012Quantum' on page 112 undefined on input line 1
17.


LaTeX Warning: Citation `Wolf2012Quantum' on page 112 undefined on input line 1
22.


LaTeX Warning: Reference `eq:psd_cone_face' on page 112 undefined on input line
 122.


LaTeX Warning: Reference `def:psd_cone_face' on page 112 undefined on input lin
e 146.


LaTeX Warning: Reference `def:psd_cone_face' on page 112 undefined on input lin
e 157.

[112]

LaTeX Warning: Reference `def:psd_cone_face' on page 113 undefined on input lin
e 171.


LaTeX Warning: Reference `lem:psd_cone_face_mem_iff' on page 113 undefined on i
nput line 171.


LaTeX Warning: Reference `lem:psd_cone_face_mem_iff' on page 113 undefined on i
nput line 183.


LaTeX Warning: Reference `lem:psd_cone_face_mem_iff' on page 113 undefined on i
nput line 189.


LaTeX Warning: Reference `thm:psd_cone_face_span' on page 113 undefined on inpu
t line 197.


LaTeX Warning: Reference `thm:psd_cone_face_span' on page 113 undefined on inpu
t line 207.


LaTeX Warning: Reference `thm:psd_cone_face_span' on page 113 undefined on inpu
t line 208.


LaTeX Warning: Reference `def:positive_map' on page 113 undefined on input line
 221.


LaTeX Warning: Reference `thm:conjugation_filters_preserve_positivity' on page 
113 undefined on input line 221.


LaTeX Warning: Reference `lem:conj_inv_sqrt_normalizes' on page 113 undefined o
n input line 221.


LaTeX Warning: Reference `thm:hermitian_spectrum_preserver_classification' on p
age 113 undefined on input line 221.


LaTeX Warning: Citation `Wolf2012Quantum' on page 113 undefined on input line 2
39.


LaTeX Warning: Reference `thm:conjugation_filters_preserve_positivity' on page 
113 undefined on input line 245.


LaTeX Warning: Reference `lem:conj_inv_sqrt_normalizes' on page 113 undefined o
n input line 245.


LaTeX Warning: Reference `thm:hermitian_spectrum_preserver_classification' on p
age 113 undefined on input line 245.

[113]

LaTeX Warning: Reference `thm:hermitian_spectrum_preserver_classification' on p
age 114 undefined on input line 264.


LaTeX Warning: Reference `def:maps_psd_cone_onto' on page 114 undefined on inpu
t line 282.


LaTeX Warning: Citation `Wolf2012Quantum' on page 114 undefined on input line 2
86.


LaTeX Warning: Reference `def:maps_psd_cone_onto' on page 114 undefined on inpu
t line 306.


LaTeX Warning: Citation `Wolf2012Quantum' on page 114 undefined on input line 3
16.


LaTeX Warning: Reference `def:psd_cone_face' on page 114 undefined on input lin
e 322.


LaTeX Warning: Reference `cor:psd_cone_face_span_dimension' on page 114 undefin
ed on input line 322.


LaTeX Warning: Reference `thm:positive_hermitian_rank_preserver_standard_form' 
on page 114 undefined on input line 322.


LaTeX Warning: Reference `thm:conjugation_maps_psd_cone_onto' on page 114 undef
ined on input line 322.


LaTeX Warning: Reference `thm:positive_hermitian_rank_preserver_standard_form' 
on page 114 undefined on input line 338.


LaTeX Warning: Reference `thm:conjugation_maps_psd_cone_onto' on page 114 undef
ined on input line 340.

[114]

LaTeX Warning: Reference `def:t_eta' on page 115 undefined on input line 376.


LaTeX Warning: Reference `thm:choi_matrix_reduction_map' on page 115 undefined 
on input line 376.


LaTeX Warning: Reference `def:t_eta' on page 115 undefined on input line 401.


LaTeX Warning: Reference `thm:choi_matrix_t_eta' on page 115 undefined on input
 line 401.


LaTeX Warning: Reference `thm:schmidt_rank_choi_test_iff' on page 115 undefined
 on input line 401.


LaTeX Warning: Reference `thm:maximal_overlap_schmidt_rank' on page 115 undefin
ed on input line 401.


LaTeX Warning: Citation `Wolf2012Quantum' on page 115 undefined on input line 4
03.


LaTeX Warning: Reference `thm:t_eta_threshold_top' on page 115 undefined on inp
ut line 405.


LaTeX Warning: Reference `def:t_eta' on page 115 undefined on input line 429.


LaTeX Warning: Reference `thm:choi_matrix_t_eta' on page 115 undefined on input
 line 429.


LaTeX Warning: Reference `thm:schmidt_rank_choi_test_iff' on page 115 undefined
 on input line 429.


LaTeX Warning: Reference `thm:t_eta_threshold' on page 115 undefined on input l
ine 432.


LaTeX Warning: Citation `Wolf2012Quantum' on page 115 undefined on input line 4
33.


LaTeX Warning: Reference `thm:t_eta_threshold' on page 115 undefined on input l
ine 452.

[115]

LaTeX Warning: Reference `thm:kadison_schwarz_2positive' on page 116 undefined 
on input line 468.


LaTeX Warning: Citation `Wolf2012Quantum' on page 116 undefined on input line 4
84.


LaTeX Warning: Reference `def:reduction_map' on page 116 undefined on input lin
e 491.


LaTeX Warning: Reference `def:t_eta' on page 116 undefined on input line 491.


LaTeX Warning: Reference `def:reduction_map' on page 116 undefined on input lin
e 509.


LaTeX Warning: Reference `thm:reduction_map_eq_t_eta' on page 116 undefined on 
input line 509.


LaTeX Warning: Reference `thm:t_eta_threshold' on page 116 undefined on input l
ine 509.


LaTeX Warning: Reference `thm:t_eta_threshold_top' on page 116 undefined on inp
ut line 509.


LaTeX Warning: Reference `def:reduction_map' on page 116 undefined on input lin
e 527.


LaTeX Warning: Reference `thm:reduction_map_eq_t_eta' on page 116 undefined on 
input line 527.


LaTeX Warning: Reference `thm:t_eta_threshold' on page 116 undefined on input l
ine 527.


LaTeX Warning: Reference `thm:t_eta_threshold_top' on page 116 undefined on inp
ut line 527.


LaTeX Warning: Reference `thm:reduction_map_is_n_positive' on page 116 undefine
d on input line 542.


LaTeX Warning: Reference `def:reduction_map' on page 116 undefined on input lin
e 563.


LaTeX Warning: Reference `def:reduction_witness' on page 116 undefined on input
 line 563.


LaTeX Warning: Reference `thm:reduction_map_eq_t_eta' on page 116 undefined on 
input line 563.


LaTeX Warning: Reference `thm:choi_matrix_t_eta' on page 116 undefined on input
 line 563.

[116]

LaTeX Warning: Reference `def:t_eta' on page 117 undefined on input line 581.


LaTeX Warning: Reference `def:t_eta' on page 117 undefined on input line 619.


LaTeX Warning: Reference `thm:tensor_map_id_t_eta' on page 117 undefined on inp
ut line 619.


LaTeX Warning: Citation `Wolf2012Quantum' on page 117 undefined on input line 6
34.


LaTeX Warning: Reference `thm:reduction_criterion_of_schmidt_number' on page 11
7 undefined on input line 640.


LaTeX Warning: Citation `Wolf2012Quantum' on page 117 undefined on input line 6
62.

[117]

LaTeX Warning: Reference `thm:reduction_map_one_completely_copositive' on page 
118 undefined on input line 682.


LaTeX Warning: Reference `def:breuer_hall_map' on page 118 undefined on input l
ine 701.


LaTeX Warning: Reference `def:breuer_hall_map' on page 118 undefined on input l
ine 710.


LaTeX Warning: Reference `def:breuer_hall_map' on page 118 undefined on input l
ine 744.


LaTeX Warning: Reference `lem:breuer_hall_rankone' on page 118 undefined on inp
ut line 752.


LaTeX Warning: Reference `lem:breuer_hall_rankone' on page 118 undefined on inp
ut line 754.


LaTeX Warning: Reference `def:breuer_hall_map' on page 118 undefined on input l
ine 765.


LaTeX Warning: Reference `thm:reduction_map_one_completely_copositive' on page 
118 undefined on input line 765.


LaTeX Warning: Reference `thm:reduction_map_one_completely_copositive' on page 
118 undefined on input line 779.


LaTeX Warning: Reference `def:breuer_hall_map' on page 118 undefined on input l
ine 788.


LaTeX Warning: Reference `def:decomposable_positive_map' on page 118 undefined 
on input line 788.


LaTeX Warning: Reference `thm:breuer_hall_positive' on page 118 undefined on in
put line 788.


LaTeX Warning: Reference `thm:indecomposable_of_ppt_witness' on page 118 undefi
ned on input line 788.


LaTeX Warning: Reference `def:breuer_hall_map' on page 118 undefined on input l
ine 797.


LaTeX Warning: Reference `thm:breuer_hall_positive' on page 118 undefined on in
put line 797.


LaTeX Warning: Reference `thm:indecomposable_of_ppt_witness' on page 118 undefi
ned on input line 797.


LaTeX Warning: Reference `thm:breuer_hall_positive' on page 118 undefined on in
put line 798.

[118]

LaTeX Warning: Reference `thm:indecomposable_of_ppt_witness' on page 119 undefi
ned on input line 838.

) (./chapter/ch04_positive_not_cp_choi_and_decomposable_maps.tex

LaTeX Warning: Citation `TanahashiTomiyama1988Indecomposable' on page 119 undef
ined on input line 14.


LaTeX Warning: Citation `Yamagami1993Cyclic' on page 119 undefined on input lin
e 17.

[119]

LaTeX Warning: Reference `def:nowosad_finite_coordinate_data' on page 120 undef
ined on input line 66.


LaTeX Warning: Reference `def:nowosad_finite_coordinate_data' on page 120 undef
ined on input line 93.


LaTeX Warning: Reference `thm:nowosad_finite_hilbert_bound' on page 120 undefin
ed on input line 133.


LaTeX Warning: Reference `thm:nowosad_finite_laurent_derivation' on page 120 un
defined on input line 133.


LaTeX Warning: Reference `thm:nowosad_finite_laurent_derivation' on page 120 un
defined on input line 154.


LaTeX Warning: Citation `Nowosad1968Isoperimetric' on page 120 undefined on inp
ut line 157.


LaTeX Warning: Citation `Yamagami1993Cyclic' on page 120 undefined on input lin
e 159.

[120]

LaTeX Warning: Reference `def:yamagami_nowosad_change_of_variables' on page 121
 undefined on input line 192.


LaTeX Warning: Reference `thm:nowosad_finite_theorem_one_eight' on page 121 und
efined on input line 207.


LaTeX Warning: Reference `def:yamagami_nowosad_change_of_variables' on page 121
 undefined on input line 207.

[121]

LaTeX Warning: Reference `def:yamagami_stride_one_reciprocal' on page 122 undef
ined on input line 260.


LaTeX Warning: Citation `Yamagami1993Cyclic' on page 122 undefined on input lin
e 270.


LaTeX Warning: Citation `gap:yamagami_lemma6_endpoint' on page 122 undefined on
 input line 276.


LaTeX Warning: Reference `def:yamagami_stride_one_reciprocal' on page 122 undef
ined on input line 313.


LaTeX Warning: Reference `def:yamagami_nowosad_change_of_variables' on page 122
 undefined on input line 313.


LaTeX Warning: Reference `lem:yamagami_stride_one_open_disk' on page 122 undefi
ned on input line 354.


LaTeX Warning: Reference `eq:yamagami_forward_matrix' on page 122 undefined on 
input line 355.


LaTeX Warning: Reference `eq:yamagami_fourier_hessian' on page 122 undefined on
 input line 358.


LaTeX Warning: Citation `Yamagami1993Cyclic' on page 122 undefined on input lin
e 368.


LaTeX Warning: Reference `def:yamagami_stride_one_reciprocal' on page 122 undef
ined on input line 376.

[122]

LaTeX Warning: Reference `eq:yamagami_regular_boundary_recurrence' on page 123 
undefined on input line 398.


LaTeX Warning: Citation `Yamagami1993Cyclic' on page 123 undefined on input lin
e 400.


LaTeX Warning: Reference `eq:yamagami_regular_boundary_recurrence' on page 123 
undefined on input line 406.


Overfull \hbox (5.33284pt too wide) in paragraph at lines 402--411
[]\TU/lmr/m/n/10 The comparison cannot in general be made strict. For $[][][] [
][] [][] [] [][][] [][] [][]$ and $[] [] [][][] [][] [][] [][] [][]$,

LaTeX Warning: Reference `thm:yamagami_forward_fourier_hessian' on page 123 und
efined on input line 413.


LaTeX Warning: Reference `thm:yamagami_regular_boundary_recurrence' on page 123
 undefined on input line 416.


LaTeX Warning: Reference `thm:yamagami_cardinal_cyclic' on page 123 undefined o
n input line 419.


LaTeX Warning: Reference `def:yamagami_stride_one_reciprocal' on page 123 undef
ined on input line 433.


LaTeX Warning: Reference `def:yamagami_stride_one_reciprocal' on page 123 undef
ined on input line 471.


LaTeX Warning: Reference `lem:yamagami_singular_zero_run' on page 123 undefined
 on input line 471.


LaTeX Warning: Reference `lem:yamagami_singular_zero_run' on page 123 undefined
 on input line 485.


LaTeX Warning: Citation `gap:yamagami_simultaneous_singularity_boundary' on pag
e 123 undefined on input line 494.

[123]

LaTeX Warning: Reference `def:yamagami_stride_one_reciprocal' on page 124 undef
ined on input line 502.


LaTeX Warning: Reference `def:yamagami_stride_one_reciprocal' on page 124 undef
ined on input line 532.


LaTeX Warning: Reference `thm:yamagami_lemma_three_uniqueness' on page 124 unde
fined on input line 532.


LaTeX Warning: Reference `thm:yamagami_forward_fourier_hessian' on page 124 und
efined on input line 532.


LaTeX Warning: Reference `thm:yamagami_regular_boundary_recurrence' on page 124
 undefined on input line 532.


LaTeX Warning: Reference `lem:yamagami_simultaneous_singular_boundary' on page 
124 undefined on input line 532.


LaTeX Warning: Reference `lem:choi_type_first_cyclic_reciprocal' on page 124 un
defined on input line 532.


LaTeX Warning: Reference `lem:choi_type_first_cyclic_reciprocal' on page 124 un
defined on input line 545.


LaTeX Warning: Reference `eq:yamagami_cardinal_cyclic' on page 124 undefined on
 input line 546.


LaTeX Warning: Reference `thm:yamagami_regular_boundary_recurrence' on page 124
 undefined on input line 548.


LaTeX Warning: Reference `lem:yamagami_simultaneous_singular_boundary' on page 
124 undefined on input line 556.


LaTeX Warning: Reference `thm:yamagami_forward_fourier_hessian' on page 124 und
efined on input line 563.


LaTeX Warning: Reference `thm:yamagami_lemma_three_uniqueness' on page 124 unde
fined on input line 565.


LaTeX Warning: Reference `eq:yamagami_cardinal_cyclic' on page 124 undefined on
 input line 568.


LaTeX Warning: Citation `Yamagami1993Cyclic' on page 124 undefined on input lin
e 569.


LaTeX Warning: Reference `def:choi_type_map' on page 124 undefined on input lin
e 590.

[124]

LaTeX Warning: Reference `lem:rankone_complement_from_unit_bound' on page 125 u
ndefined on input line 644.


LaTeX Warning: Reference `lem:rankone_complement_from_unit_bound' on page 125 u
ndefined on input line 662.


LaTeX Warning: Reference `def:choi_type_map' on page 125 undefined on input lin
e 675.


LaTeX Warning: Reference `lem:choi_type_map_rankone' on page 125 undefined on i
nput line 675.


LaTeX Warning: Reference `def:choi_type_rankone_weight' on page 125 undefined o
n input line 675.


LaTeX Warning: Reference `lem:diagonal_rankone_schur_complement' on page 125 un
defined on input line 675.


LaTeX Warning: Reference `def:choi_type_rankone_weight' on page 125 undefined o
n input line 678.


LaTeX Warning: Reference `lem:choi_type_map_rankone' on page 125 undefined on i
nput line 684.


LaTeX Warning: Reference `lem:diagonal_rankone_schur_complement' on page 125 un
defined on input line 688.


LaTeX Warning: Reference `thm:yamagami_cardinal_cyclic' on page 125 undefined o
n input line 698.


LaTeX Warning: Reference `lem:choi_type_rankone_positive_from_weight_bound' on 
page 125 undefined on input line 698.


LaTeX Warning: Reference `eq:choi_type_middle_reciprocal' on page 125 undefined
 on input line 711.


LaTeX Warning: Reference `thm:yamagami_cardinal_cyclic' on page 125 undefined o
n input line 712.


LaTeX Warning: Reference `lem:choi_type_rankone_positive_from_weight_bound' on 
page 125 undefined on input line 714.

[125]

LaTeX Warning: Reference `lem:choi_type_first_cyclic_reciprocal' on page 126 un
defined on input line 768.


LaTeX Warning: Reference `lem:choi_type_rankone_positive_from_weight_bound' on 
page 126 undefined on input line 768.


LaTeX Warning: Reference `lem:choi_type_first_cyclic_reciprocal' on page 126 un
defined on input line 775.


LaTeX Warning: Reference `lem:choi_type_rankone_positive_from_weight_bound' on 
page 126 undefined on input line 777.


LaTeX Warning: Reference `def:choi_type_map' on page 126 undefined on input lin
e 806.


LaTeX Warning: Reference `lem:choi_type_rankone_positive_bottom' on page 126 un
defined on input line 806.


LaTeX Warning: Reference `lem:positive_map_from_rankone' on page 126 undefined 
on input line 806.


LaTeX Warning: Reference `lem:choi_type_rankone_positive_bottom' on page 126 un
defined on input line 814.


LaTeX Warning: Reference `lem:positive_map_from_rankone' on page 126 undefined 
on input line 815.

[126]

LaTeX Warning: Reference `def:choi_type_rankone_weight' on page 127 undefined o
n input line 869.


LaTeX Warning: Reference `lem:choi_type_rankone_positive_from_weight_bound' on 
page 127 undefined on input line 892.


LaTeX Warning: Reference `lem:choi_type_weight_top' on page 127 undefined on in
put line 892.


LaTeX Warning: Reference `lem:choi_type_perm_reciprocal' on page 127 undefined 
on input line 892.


LaTeX Warning: Reference `lem:choi_type_weight_top' on page 127 undefined on in
put line 899.


LaTeX Warning: Reference `lem:choi_type_perm_reciprocal' on page 127 undefined 
on input line 901.


LaTeX Warning: Reference `lem:choi_type_rankone_positive_from_weight_bound' on 
page 127 undefined on input line 903.


LaTeX Warning: Reference `def:choi_type_map' on page 127 undefined on input lin
e 912.


LaTeX Warning: Reference `lem:choi_type_rankone_positive_top' on page 127 undef
ined on input line 912.


LaTeX Warning: Reference `lem:positive_map_from_rankone' on page 127 undefined 
on input line 912.


LaTeX Warning: Reference `lem:choi_type_rankone_positive_top' on page 127 undef
ined on input line 921.


LaTeX Warning: Reference `lem:positive_map_from_rankone' on page 127 undefined 
on input line 922.


LaTeX Warning: Reference `def:choi_type_map' on page 127 undefined on input lin
e 931.


LaTeX Warning: Reference `thm:choi_type_positive_bottom' on page 127 undefined 
on input line 931.


LaTeX Warning: Reference `thm:choi_type_middle_reciprocal' on page 127 undefine
d on input line 931.


LaTeX Warning: Reference `thm:choi_type_positive_top' on page 127 undefined on 
input line 931.


LaTeX Warning: Reference `lem:positive_map_from_rankone' on page 127 undefined 
on input line 931.


LaTeX Warning: Reference `thm:choi_type_positive_bottom' on page 127 undefined 
on input line 940.


LaTeX Warning: Reference `thm:choi_type_positive_top' on page 127 undefined on 
input line 941.


LaTeX Warning: Reference `thm:choi_type_middle_reciprocal' on page 127 undefine
d on input line 942.


LaTeX Warning: Reference `lem:positive_map_from_rankone' on page 127 undefined 
on input line 944.


LaTeX Warning: Citation `Ha1998AtomicPositiveMaps' on page 127 undefined on inp
ut line 959.

[127]

LaTeX Warning: Reference `def:ha_root_average' on page 128 undefined on input l
ine 1007.


LaTeX Warning: Reference `eq:ha_two_simple_vectors' on page 128 undefined on in
put line 1008.


LaTeX Warning: Reference `eq:ha_phase_vectors' on page 128 undefined on input l
ine 1017.


LaTeX Warning: Reference `eq:ha_root_average' on page 128 undefined on input li
ne 1020.


LaTeX Warning: Citation `gap:ha98_choi_type_witness_scope' on page 128 undefine
d on input line 1024.


LaTeX Warning: Citation `Ha1998AtomicPositiveMaps' on page 128 undefined on inp
ut line 1035.


LaTeX Warning: Reference `def:ha_root_average' on page 128 undefined on input l
ine 1079.


LaTeX Warning: Reference `def:ha_block_transpose_vectors' on page 128 undefined
 on input line 1079.

[128]

LaTeX Warning: Reference `eq:ha_block_transpose_decomposition' on page 129 unde
fined on input line 1095.


LaTeX Warning: Reference `def:ha_eom_kye_pairing' on page 129 undefined on inpu
t line 1129.


LaTeX Warning: Citation `EomKye2000Duality' on page 129 undefined on input line
 1132.


LaTeX Warning: Reference `eq:ha_eom_kye_factor_swap' on page 129 undefined on i
nput line 1154.


LaTeX Warning: Reference `eq:ha_eom_kye_omega' on page 129 undefined on input l
ine 1157.


LaTeX Warning: Reference `eq:ha_eom_kye_pairing' on page 129 undefined on input
 line 1159.


LaTeX Warning: Reference `def:choi_type_map' on page 129 undefined on input lin
e 1167.


LaTeX Warning: Reference `def:ha_root_average' on page 129 undefined on input l
ine 1167.


LaTeX Warning: Reference `thm:ha_eom_kye_factor_swap' on page 129 undefined on 
input line 1172.


LaTeX Warning: Reference `def:ha_root_average' on page 129 undefined on input l
ine 1184.


LaTeX Warning: Reference `def:ha_eom_kye_pairing' on page 129 undefined on inpu
t line 1184.


LaTeX Warning: Reference `thm:ha_root_average_two_simple' on page 129 undefined
 on input line 1197.


LaTeX Warning: Reference `thm:ha_block_transpose_two_simple' on page 129 undefi
ned on input line 1197.


LaTeX Warning: Reference `thm:ha_block_transpose_two_simple' on page 129 undefi
ned on input line 1202.


LaTeX Warning: Reference `eq:ha_factor_swap_two_simple' on page 129 undefined o
n input line 1203.


LaTeX Warning: Reference `def:choi_type_map' on page 129 undefined on input lin
e 1221.


LaTeX Warning: Reference `def:ha_root_average' on page 129 undefined on input l
ine 1221.


LaTeX Warning: Reference `def:ha_eom_kye_pairing' on page 129 undefined on inpu
t line 1221.

[129]

LaTeX Warning: Reference `eq:ha_exact_negative_pairing' on page 130 undefined o
n input line 1233.


LaTeX Warning: Reference `def:ha_pairing_coordinates' on page 130 undefined on 
input line 1238.


LaTeX Warning: Reference `thm:ha_eom_kye_factor_swap' on page 130 undefined on 
input line 1238.


LaTeX Warning: Reference `eq:ha_eom_kye_omega' on page 130 undefined on input l
ine 1254.


LaTeX Warning: Reference `def:positive_map' on page 130 undefined on input line
 1270.


LaTeX Warning: Reference `def:trace_preserving' on page 130 undefined on input 
line 1270.


LaTeX Warning: Reference `def:cp_map' on page 130 undefined on input line 1286.



LaTeX Warning: Reference `def:flip_operator' on page 130 undefined on input lin
e 1286.


LaTeX Warning: Reference `def:fin_two_antisymm_vec' on page 130 undefined on in
put line 1286.


LaTeX Warning: Reference `thm:choi_transpose_flip' on page 130 undefined on inp
ut line 1286.


LaTeX Warning: Reference `thm:cp_iff_choi_posSemidef' on page 130 undefined on 
input line 1286.


LaTeX Warning: Reference `def:flip_operator' on page 130 undefined on input lin
e 1293.


LaTeX Warning: Reference `def:fin_two_antisymm_vec' on page 130 undefined on in
put line 1293.


LaTeX Warning: Reference `thm:choi_transpose_flip' on page 130 undefined on inp
ut line 1293.


LaTeX Warning: Reference `thm:cp_iff_choi_posSemidef' on page 130 undefined on 
input line 1293.


LaTeX Warning: Reference `thm:choi_transpose_flip' on page 130 undefined on inp
ut line 1295.


LaTeX Warning: Reference `def:decomposable_positive_map' on page 130 undefined 
on input line 1332.


LaTeX Warning: Reference `thm:transpose_positive_trace_preserving' on page 130 
undefined on input line 1332.


LaTeX Warning: Reference `thm:cp_is_positive' on page 130 undefined on input li
ne 1332.

[130]

LaTeX Warning: Reference `def:decomposable_positive_map' on page 131 undefined 
on input line 1349.


LaTeX Warning: Reference `thm:cp_is_positive' on page 131 undefined on input li
ne 1349.


LaTeX Warning: Reference `lem:completely_copositive_map_positive' on page 131 u
ndefined on input line 1349.


LaTeX Warning: Reference `def:partial_transpose_left' on page 131 undefined on 
input line 1367.


LaTeX Warning: Reference `def:decomposable_witness' on page 131 undefined on in
put line 1381.


LaTeX Warning: Reference `def:decomposable_witness' on page 131 undefined on in
put line 1401.


LaTeX Warning: Citation `LewensteinKrausCiracHorodecki2000' on page 131 undefin
ed on input line 1403.


LaTeX Warning: Reference `def:normalized_decomposable_witness' on page 131 unde
fined on input line 1424.


LaTeX Warning: Reference `thm:decomposable_witness_convex' on page 131 undefine
d on input line 1432.


LaTeX Warning: Reference `thm:decomposable_witness_convex' on page 131 undefine
d on input line 1455.

[131]

LaTeX Warning: Reference `def:partial_transpose_left' on page 132 undefined on 
input line 1464.


LaTeX Warning: Reference `def:decomposable_positive_map' on page 132 undefined 
on input line 1491.


LaTeX Warning: Reference `def:decomposable_witness' on page 132 undefined on in
put line 1491.


LaTeX Warning: Reference `def:choi_matrix_rect' on page 132 undefined on input 
line 1491.


LaTeX Warning: Reference `lem:choi_rect_linear' on page 132 undefined on input 
line 1491.


LaTeX Warning: Reference `thm:choi_rect_mutual_inverse' on page 132 undefined o
n input line 1491.


LaTeX Warning: Reference `thm:choi_rect_cp' on page 132 undefined on input line
 1491.


LaTeX Warning: Reference `def:decomposable_positive_map' on page 132 undefined 
on input line 1533.


LaTeX Warning: Reference `def:is_ppt' on page 132 undefined on input line 1533.



LaTeX Warning: Reference `def:decomposable_positive_map' on page 132 undefined 
on input line 1542.


LaTeX Warning: Reference `def:is_ppt' on page 132 undefined on input line 1542.



LaTeX Warning: Reference `thm:partial_transpose_left_involution' on page 132 un
defined on input line 1542.


LaTeX Warning: Reference `def:decomposable_positive_map' on page 132 undefined 
on input line 1566.


LaTeX Warning: Reference `def:is_ppt' on page 132 undefined on input line 1566.



LaTeX Warning: Reference `def:is_separable' on page 132 undefined on input line
 1566.


LaTeX Warning: Citation `Wolf2012Quantum' on page 132 undefined on input line 1
571.

[132]

LaTeX Warning: Reference `thm:has_schmidt_number_le_one_iff_separable' on page 
133 undefined on input line 1577.


LaTeX Warning: Reference `thm:exists_isNPositiveMap_detects' on page 133 undefi
ned on input line 1577.


LaTeX Warning: Reference `thm:decomposable_map_tensor_id_ppt' on page 133 undef
ined on input line 1577.


LaTeX Warning: Reference `thm:has_schmidt_number_le_one_iff_separable' on page 
133 undefined on input line 1578.


LaTeX Warning: Reference `thm:exists_isNPositiveMap_detects' on page 133 undefi
ned on input line 1580.


LaTeX Warning: Reference `thm:decomposable_map_tensor_id_ppt' on page 133 undef
ined on input line 1583.


LaTeX Warning: Reference `def:decomposable_witness' on page 133 undefined on in
put line 1591.


LaTeX Warning: Reference `def:is_ppt' on page 133 undefined on input line 1591.



LaTeX Warning: Reference `thm:normalized_decomposable_witness_compact_convex' o
n page 133 undefined on input line 1607.


LaTeX Warning: Reference `thm:exists_isHermitian_trace_form_re' on page 133 und
efined on input line 1607.


LaTeX Warning: Reference `lem:partial_transpose_left_trace_adjoint' on page 133
 undefined on input line 1607.


LaTeX Warning: Reference `thm:normalized_decomposable_witness_compact_convex' o
n page 133 undefined on input line 1609.


LaTeX Warning: Reference `lem:partial_transpose_left_trace_adjoint' on page 133
 undefined on input line 1628.


LaTeX Warning: Reference `def:decomposable_witness' on page 133 undefined on in
put line 1637.


LaTeX Warning: Reference `def:is_ppt' on page 133 undefined on input line 1637.



LaTeX Warning: Reference `def:is_separable' on page 133 undefined on input line
 1637.


LaTeX Warning: Reference `def:schmidt_rank' on page 133 undefined on input line
 1637.


LaTeX Warning: Reference `thm:normalized_nondecomposable_witness_ppt_separator'
 on page 133 undefined on input line 1653.


LaTeX Warning: Reference `thm:not_has_schmidt_number_le_iff_exists_witness' on 
page 133 undefined on input line 1653.


LaTeX Warning: Reference `thm:has_schmidt_number_le_one_iff_separable' on page 
133 undefined on input line 1653.


LaTeX Warning: Reference `thm:normalized_nondecomposable_witness_ppt_separator'
 on page 133 undefined on input line 1655.


LaTeX Warning: Reference `def:decomposable_positive_map' on page 133 undefined 
on input line 1672.


LaTeX Warning: Reference `def:is_ppt' on page 133 undefined on input line 1672.



LaTeX Warning: Reference `def:is_separable' on page 133 undefined on input line
 1672.


LaTeX Warning: Reference `thm:k_positive_trace_pairing_adjoint' on page 133 und
efined on input line 1683.


LaTeX Warning: Reference `thm:k_positive_schmidt_rank_choi_expectation' on page
 133 undefined on input line 1683.


LaTeX Warning: Reference `thm:decomposable_map_iff_decomposable_witness' on pag
e 133 undefined on input line 1683.


LaTeX Warning: Reference `thm:normalized_nondecomposable_witness_detects_ppt_en
tanglement' on page 133 undefined on input line 1683.

[133]

LaTeX Warning: Reference `thm:decomposable_map_iff_decomposable_witness' on pag
e 134 undefined on input line 1706.


LaTeX Warning: Reference `thm:normalized_nondecomposable_witness_detects_ppt_en
tanglement' on page 134 undefined on input line 1708.


LaTeX Warning: Reference `def:decomposable_positive_map' on page 134 undefined 
on input line 1716.


LaTeX Warning: Reference `def:is_ppt' on page 134 undefined on input line 1716.



LaTeX Warning: Reference `def:is_separable' on page 134 undefined on input line
 1716.


LaTeX Warning: Citation `Wolf2012Quantum' on page 134 undefined on input line 1
721.


LaTeX Warning: Reference `thm:ppt_entangled_state_gives_indecomposable_map' on 
page 134 undefined on input line 1727.


LaTeX Warning: Reference `thm:indecomposable_map_gives_ppt_entangled_state' on 
page 134 undefined on input line 1727.


LaTeX Warning: Reference `thm:indecomposable_map_gives_ppt_entangled_state' on 
page 134 undefined on input line 1729.


LaTeX Warning: Reference `thm:ppt_entangled_state_gives_indecomposable_map' on 
page 134 undefined on input line 1731.


LaTeX Warning: Reference `def:decomposable_positive_map' on page 134 undefined 
on input line 1738.


LaTeX Warning: Reference `def:is_ppt' on page 134 undefined on input line 1738.



LaTeX Warning: Reference `def:is_separable' on page 134 undefined on input line
 1738.


LaTeX Warning: Reference `thm:ppt_indecomposable_equivalence' on page 134 undef
ined on input line 1740.


LaTeX Warning: Reference `thm:ppt_indecomposable_equivalence' on page 134 undef
ined on input line 1747.


LaTeX Warning: Reference `thm:ppt_indecomposable_equivalence' on page 134 undef
ined on input line 1749.


LaTeX Warning: Reference `def:decomposable_positive_map' on page 134 undefined 
on input line 1761.


LaTeX Warning: Reference `def:is_ppt' on page 134 undefined on input line 1761.



LaTeX Warning: Reference `thm:decomposable_map_tensor_id_ppt' on page 134 undef
ined on input line 1761.


LaTeX Warning: Reference `thm:decomposable_map_tensor_id_ppt' on page 134 undef
ined on input line 1772.

) (./chapter/ch04_positive_not_cp_ppt_and_separable_states.tex

LaTeX Warning: Citation `Wolf2012Quantum' on page 134 undefined on input line 6
.


LaTeX Warning: Citation `Wolf2012Quantum' on page 134 undefined on input line 1
0.

[134]

LaTeX Warning: Reference `def:partial_transpose_left' on page 135 undefined on 
input line 45.


LaTeX Warning: Reference `def:partial_transpose_left' on page 135 undefined on 
input line 60.


LaTeX Warning: Reference `def:partial_transpose_left' on page 135 undefined on 
input line 75.


LaTeX Warning: Reference `def:partial_transpose_left' on page 135 undefined on 
input line 91.


LaTeX Warning: Reference `def:partial_transpose_right' on page 135 undefined on
 input line 91.


LaTeX Warning: Reference `def:partial_transpose_left' on page 135 undefined on 
input line 106.


LaTeX Warning: Reference `def:is_ppt' on page 135 undefined on input line 116.


LaTeX Warning: Reference `def:partial_transpose_right' on page 135 undefined on
 input line 116.


LaTeX Warning: Reference `thm:partial_transpose_right_eq_transpose_left' on pag
e 135 undefined on input line 116.


LaTeX Warning: Reference `def:partial_transpose_left' on page 135 undefined on 
input line 133.

[135]

LaTeX Warning: Reference `def:is_ppt' on page 136 undefined on input line 160.


LaTeX Warning: Reference `thm:partial_transpose_left_basis_change' on page 136 
undefined on input line 160.


LaTeX Warning: Citation `Wolf2012Quantum' on page 136 undefined on input line 1
73.


LaTeX Warning: Reference `def:transposition_witness' on page 136 undefined on i
nput line 198.


Overfull \hbox (3.90086pt too wide) in paragraph at lines 211--219
\TU/lmr/m/n/10 A bipartite state is separable when it is a convex combination o
f pure product states $[][] [][] [][][][][][][][] []

LaTeX Warning: Reference `def:is_separable' on page 136 undefined on input line
 240.


LaTeX Warning: Reference `def:is_separable' on page 136 undefined on input line
 255.

[136]

LaTeX Warning: Reference `def:is_separable' on page 137 undefined on input line
 269.


LaTeX Warning: Reference `def:is_separable' on page 137 undefined on input line
 284.


LaTeX Warning: Reference `def:partial_transpose_left' on page 137 undefined on 
input line 299.


LaTeX Warning: Reference `def:is_separable' on page 137 undefined on input line
 314.


LaTeX Warning: Reference `def:is_ppt' on page 137 undefined on input line 314.


LaTeX Warning: Reference `thm:partial_transpose_left_sum' on page 137 undefined
 on input line 314.


LaTeX Warning: Reference `def:tensor_map_id' on page 137 undefined on input lin
e 335.


LaTeX Warning: Reference `def:is_separable' on page 137 undefined on input line
 352.


LaTeX Warning: Reference `def:t_eta' on page 137 undefined on input line 352.


LaTeX Warning: Reference `thm:reduction_map_one_positive' on page 137 undefined
 on input line 352.


LaTeX Warning: Reference `thm:tensor_map_id_sum' on page 137 undefined on input
 line 352.

) (./chapter/ch04_positive_not_cp_schmidt_number_and_entanglement.tex [137]

LaTeX Warning: Citation `Wolf2012Quantum' on page 138 undefined on input line 1
3.


LaTeX Warning: Reference `def:schmidt_rank' on page 138 undefined on input line
 22.


LaTeX Warning: Reference `sec:app_positive_not_cp_schmidt_number_geometry' on p
age 138 undefined on input line 34.


LaTeX Warning: Reference `def:has_schmidt_number_le' on page 138 undefined on i
nput line 42.


LaTeX Warning: Reference `def:is_separable' on page 138 undefined on input line
 42.


LaTeX Warning: Reference `def:schmidt_rank' on page 138 undefined on input line
 42.


LaTeX Warning: Reference `lem:matrix_rank_factorization_coordinate' on page 138
 undefined on input line 42.


LaTeX Warning: Reference `thm:schmidt_rank_basic_bounds' on page 138 undefined 
on input line 42.


LaTeX Warning: Reference `thm:is_separable_kronecker' on page 138 undefined on 
input line 42.


LaTeX Warning: Reference `thm:is_separable_add' on page 138 undefined on input 
line 42.


LaTeX Warning: Reference `def:schmidt_rank' on page 138 undefined on input line
 65.


LaTeX Warning: Reference `def:t_eta' on page 138 undefined on input line 65.


LaTeX Warning: Reference `def:tensor_map_id' on page 138 undefined on input lin
e 65.


LaTeX Warning: Reference `thm:t_eta_threshold' on page 138 undefined on input l
ine 65.


LaTeX Warning: Reference `thm:schmidt_rank_exact_parametrization' on page 138 u
ndefined on input line 65.


LaTeX Warning: Reference `lem:rank_one_ampliation_choi_compression' on page 138
 undefined on input line 65.


LaTeX Warning: Reference `thm:choi_right_compression_quadratic_form' on page 13
8 undefined on input line 65.


LaTeX Warning: Reference `thm:schmidt_rank_choi_test_iff' on page 138 undefined
 on input line 65.


LaTeX Warning: Reference `def:schmidt_rank' on page 138 undefined on input line
 91.


LaTeX Warning: Reference `def:tensor_map_id' on page 138 undefined on input lin
e 91.


LaTeX Warning: Reference `def:k_positive_map' on page 138 undefined on input li
ne 91.


LaTeX Warning: Reference `def:choi_right_compression' on page 138 undefined on 
input line 91.


LaTeX Warning: Reference `thm:schmidt_rank_exact_parametrization' on page 138 u
ndefined on input line 91.


LaTeX Warning: Reference `lem:rank_one_ampliation_choi_compression' on page 138
 undefined on input line 91.


LaTeX Warning: Reference `thm:choi_right_compression_quadratic_form' on page 13
8 undefined on input line 91.


LaTeX Warning: Reference `thm:schmidt_rank_choi_test_iff' on page 138 undefined
 on input line 91.

[138]

LaTeX Warning: Reference `def:has_schmidt_number_le' on page 139 undefined on i
nput line 117.


LaTeX Warning: Reference `def:tensor_map_id' on page 139 undefined on input lin
e 117.


LaTeX Warning: Reference `def:k_positive_map' on page 139 undefined on input li
ne 117.


LaTeX Warning: Reference `thm:tensor_map_id_sum' on page 139 undefined on input
 line 117.


LaTeX Warning: Reference `thm:tensor_map_id_posSemidef_pure' on page 139 undefi
ned on input line 117.


LaTeX Warning: Citation `Wolf2012Quantum' on page 139 undefined on input line 1
21.


LaTeX Warning: Reference `def:has_schmidt_number_le' on page 139 undefined on i
nput line 138.


LaTeX Warning: Reference `def:tensor_map_id' on page 139 undefined on input lin
e 138.


LaTeX Warning: Reference `def:k_positive_map' on page 139 undefined on input li
ne 138.


LaTeX Warning: Reference `thm:has_schmidt_number_le_tensor_map_id' on page 139 
undefined on input line 138.


LaTeX Warning: Reference `thm:has_schmidt_number_le_tensor_map_id' on page 139 
undefined on input line 142.


LaTeX Warning: Reference `thm:has_schmidt_number_le_tensor_map_id' on page 139 
undefined on input line 148.


LaTeX Warning: Reference `def:has_schmidt_number_le' on page 139 undefined on i
nput line 157.


LaTeX Warning: Reference `def:t_eta' on page 139 undefined on input line 157.


LaTeX Warning: Reference `def:tensor_map_id' on page 139 undefined on input lin
e 157.


LaTeX Warning: Reference `thm:tensor_map_id_sum' on page 139 undefined on input
 line 157.


LaTeX Warning: Reference `thm:tensor_map_id_t_eta_posSemidef_pure' on page 139 
undefined on input line 157.


LaTeX Warning: Reference `def:has_schmidt_number_le' on page 139 undefined on i
nput line 177.


LaTeX Warning: Reference `def:t_eta' on page 139 undefined on input line 177.


LaTeX Warning: Reference `thm:has_schmidt_number_le_tensor_map_id_general' on p
age 139 undefined on input line 177.


LaTeX Warning: Reference `thm:reduction_criterion' on page 139 undefined on inp
ut line 177.


LaTeX Warning: Reference `sec:app_positive_not_cp_schmidt_number_geometry' on p
age 139 undefined on input line 207.


LaTeX Warning: Reference `def:has_schmidt_number_le' on page 139 undefined on i
nput line 214.


LaTeX Warning: Reference `def:schmidt_rank' on page 139 undefined on input line
 214.


LaTeX Warning: Reference `thm:exists_entanglement_witness' on page 139 undefine
d on input line 214.

[139]

LaTeX Warning: Citation `Wolf2012Quantum' on page 140 undefined on input line 2
25.


LaTeX Warning: Citation `gap:wolf_prop3_1_exact_schmidt_rank_scope' on page 140
 undefined on input line 229.


LaTeX Warning: Reference `thm:exists_entanglement_witness' on page 140 undefine
d on input line 235.


LaTeX Warning: Reference `sec:app_positive_not_cp_witness_choi' on page 140 und
efined on input line 244.


LaTeX Warning: Reference `def:k_positive_map' on page 140 undefined on input li
ne 252.


LaTeX Warning: Reference `def:has_schmidt_number_le' on page 140 undefined on i
nput line 252.


LaTeX Warning: Reference `thm:exists_entanglement_witness' on page 140 undefine
d on input line 252.


LaTeX Warning: Reference `thm:exists_isNPositiveMap_choiMatrix_eq' on page 140 
undefined on input line 252.


LaTeX Warning: Reference `thm:k_positive_trace_pairing_adjoint' on page 140 und
efined on input line 252.


LaTeX Warning: Reference `thm:trace_choiMatrix_omega_quadratic_adjoint' on page
 140 undefined on input line 252.


LaTeX Warning: Citation `Wolf2012Quantum' on page 140 undefined on input line 2
58.


LaTeX Warning: Reference `thm:exists_entanglement_witness' on page 140 undefine
d on input line 263.


LaTeX Warning: Reference `thm:exists_isNPositiveMap_choiMatrix_eq' on page 140 
undefined on input line 265.


LaTeX Warning: Reference `thm:k_positive_trace_pairing_adjoint' on page 140 und
efined on input line 267.


LaTeX Warning: Reference `thm:trace_choiMatrix_omega_quadratic_adjoint' on page
 140 undefined on input line 268.


LaTeX Warning: Reference `def:k_positive_map' on page 140 undefined on input li
ne 280.


LaTeX Warning: Reference `def:has_schmidt_number_le' on page 140 undefined on i
nput line 280.


LaTeX Warning: Reference `thm:has_schmidt_number_le_tensor_map_id' on page 140 
undefined on input line 280.


LaTeX Warning: Reference `thm:exists_isNPositiveMap_detects' on page 140 undefi
ned on input line 280.


LaTeX Warning: Citation `Wolf2012Quantum' on page 140 undefined on input line 2
89.


LaTeX Warning: Reference `thm:has_schmidt_number_le_tensor_map_id' on page 140 
undefined on input line 295.


LaTeX Warning: Reference `thm:exists_isNPositiveMap_detects' on page 140 undefi
ned on input line 296.

) (./chapter/ch04_positive_not_cp_kramers_degeneracy.tex

LaTeX Warning: Citation `Wolf2012Quantum' on page 140 undefined on input line 8
.


LaTeX Warning: Citation `Wolf2012Quantum' on page 140 undefined on input line 3
0.

[140]

LaTeX Warning: Reference `lem:eigenspace_dim_of_independent_pair' on page 141 u
ndefined on input line 34.


LaTeX Warning: Reference `lem:eigenspace_dim_of_independent_pair' on page 141 u
ndefined on input line 53.


LaTeX Warning: Reference `thm:kramers_degeneracy' on page 141 undefined on inpu
t line 57.


LaTeX Warning: Reference `rem:kramers_ii_counterexample' on page 141 undefined 
on input line 61.


LaTeX Warning: Citation `Wolf2012Quantum' on page 141 undefined on input line 9
4.


LaTeX Warning: Reference `lem:kramers_partner' on page 141 undefined on input l
ine 107.


LaTeX Warning: Reference `thm:kramers_ii_nonvanishing' on page 141 undefined on
 input line 109.


LaTeX Warning: Reference `lem:kramers_partner' on page 141 undefined on input l
ine 124.


LaTeX Warning: Reference `lem:eigenspace_dim_of_independent_pair' on page 141 u
ndefined on input line 124.


LaTeX Warning: Reference `lem:kramers_partner' on page 141 undefined on input l
ine 125.


LaTeX Warning: Reference `lem:eigenspace_dim_of_independent_pair' on page 141 u
ndefined on input line 128.


LaTeX Warning: Reference `thm:kramers_ii_nonvanishing' on page 141 undefined on
 input line 142.


LaTeX Warning: Reference `thm:kramers_ii_nonvanishing' on page 141 undefined on
 input line 145.

[141]

LaTeX Warning: Reference `cor:kramers_ii_invertible' on page 142 undefined on i
nput line 161.


LaTeX Warning: Reference `cor:kramers_ii_invertible' on page 142 undefined on i
nput line 162.


LaTeX Warning: Reference `thm:kramers_degeneracy' on page 142 undefined on inpu
t line 165.

)) (./chapter/ch04_positive_not_cp_supporting_results.tex

LaTeX Warning: Reference `lem:making_positive_maps_trace_preserving' on page 14
2 undefined on input line 14.


LaTeX Warning: Reference `def:cp_map' on page 142 undefined on input line 24.


LaTeX Warning: Reference `def:positive_map' on page 142 undefined on input line
 24.


LaTeX Warning: Reference `def:trace_preserving' on page 142 undefined on input 
line 24.


LaTeX Warning: Reference `def:channel' on page 142 undefined on input line 24.


LaTeX Warning: Reference `eq:channel_kraus_representation' on page 142 undefine
d on input line 35.


LaTeX Warning: Reference `def:trace_preserving_rectangular' on page 142 undefin
ed on input line 45.


LaTeX Warning: Reference `def:trace_pairing_adjoint' on page 142 undefined on i
nput line 45.


LaTeX Warning: Reference `def:positive_map_rectangular' on page 142 undefined o
n input line 72.


LaTeX Warning: Reference `def:trace_preserving_rectangular' on page 142 undefin
ed on input line 72.


LaTeX Warning: Reference `def:trace_pairing_adjoint' on page 142 undefined on i
nput line 72.


LaTeX Warning: Reference `lem:trace_normalization_criterion_trace' on page 142 
undefined on input line 72.


LaTeX Warning: Reference `thm:conjugation_filters_preserve_positivity' on page 
142 undefined on input line 72.

[142]

LaTeX Warning: Citation `Wolf2012Quantum' on page 143 undefined on input line 8
0.


LaTeX Warning: Reference `thm:conjugation_filters_preserve_positivity' on page 
143 undefined on input line 85.


LaTeX Warning: Reference `def:positive_map_rectangular' on page 143 undefined o
n input line 137.


LaTeX Warning: Reference `def:trace_preserving_rectangular' on page 143 undefin
ed on input line 137.


LaTeX Warning: Reference `def:trace_pairing_adjoint' on page 143 undefined on i
nput line 137.


LaTeX Warning: Reference `thm:filtered_trace_normalization_criterion' on page 1
43 undefined on input line 137.


LaTeX Warning: Reference `lem:conj_inv_sqrt_normalizes' on page 143 undefined o
n input line 137.


LaTeX Warning: Reference `thm:filtered_trace_normalization_criterion' on page 1
43 undefined on input line 151.


LaTeX Warning: Reference `lem:making_positive_maps_trace_preserving' on page 14
3 undefined on input line 155.


LaTeX Warning: Reference `thm:maximal_overlap_schmidt_rank' on page 143 undefin
ed on input line 163.


LaTeX Warning: Reference `thm:spectral_lower_bound_schmidt_rank' on page 143 un
defined on input line 164.


LaTeX Warning: Reference `thm:spectral_upper_bound_schmidt_rank' on page 143 un
defined on input line 165.


LaTeX Warning: Reference `def:schmidt_rank' on page 143 undefined on input line
 173.


Overfull \hbox (3.34654pt too wide) in paragraph at lines 185--189
[][]\TU/lmr/bx/n/10 Lemma 4.17.2 \TU/lmr/m/n/10 (Rank factorization through a c
oordinate space)\TU/lmr/bx/n/10 . [][][] [][][] [][] [][][] \TU/lmr/m/it/10 If 
$[] [] [][][][][][][][]$
[143]

LaTeX Warning: Reference `def:reduced_eig_density' on page 144 undefined on inp
ut line 203.


LaTeX Warning: Reference `lem:reduced_eig_density_factored' on page 144 undefin
ed on input line 219.


Overfull \hbox (7.86009pt too wide) in paragraph at lines 264--269
[] [][][] \TU/lmr/m/n/10 The eigenvectors form an orthonormal basis, so with $[
] [] [][][]$ one has $[][] [][][][][][][][][] []

LaTeX Warning: Reference `thm:ky_fan_maximum_principle' on page 144 undefined o
n input line 279.


LaTeX Warning: Reference `def:ky_fan_norm' on page 144 undefined on input line 
280.


LaTeX Warning: Reference `def:ky_fan_norm' on page 144 undefined on input line 
286.


LaTeX Warning: Reference `def:ky_fan_norm' on page 144 undefined on input line 
292.


LaTeX Warning: Reference `def:ky_fan_norm' on page 144 undefined on input line 
302.

[144]

LaTeX Warning: Reference `def:ky_fan_norm' on page 145 undefined on input line 
308.


LaTeX Warning: Reference `thm:ky_fan_achievability' on page 145 undefined on in
put line 324.


LaTeX Warning: Reference `thm:ky_fan_upper_bound' on page 145 undefined on inpu
t line 325.


LaTeX Warning: Reference `thm:ky_fan_maximum_principle' on page 145 undefined o
n input line 325.


LaTeX Warning: Reference `def:choi_right_tensor_factor' on page 145 undefined o
n input line 335.


LaTeX Warning: Reference `def:choi_right_compression' on page 145 undefined on 
input line 336.


Overfull \hbox (7.40033pt too wide) in paragraph at lines 331--340
\TU/lmr/m/n/10 Choi criterion, the rectangular compression criterion, and the r
ank-$[]$ projection criterion. Through-

LaTeX Warning: Reference `def:choi_right_compression' on page 145 undefined on 
input line 345.


LaTeX Warning: Reference `def:choi_right_tensor_factor' on page 145 undefined o
n input line 345.


LaTeX Warning: Reference `eq:schwarz_right_tensor_factor' on page 145 undefined
 on input line 357.


LaTeX Warning: Reference `eq:schwarz_right_tensor_sandwich' on page 145 undefin
ed on input line 358.


LaTeX Warning: Reference `eq:schwarz_right_choi_compression' on page 145 undefi
ned on input line 367.


LaTeX Warning: Reference `def:schmidt_rank' on page 145 undefined on input line
 374.


LaTeX Warning: Reference `def:choi_right_compression' on page 145 undefined on 
input line 374.


LaTeX Warning: Reference `def:schmidt_rank' on page 145 undefined on input line
 395.


LaTeX Warning: Reference `def:choi_right_compression' on page 145 undefined on 
input line 395.


LaTeX Warning: Reference `eq:schwarz_compressed_omega' on page 145 undefined on
 input line 397.


LaTeX Warning: Reference `def:schmidt_rank' on page 145 undefined on input line
 413.


LaTeX Warning: Reference `def:choi_right_compression' on page 145 undefined on 
input line 413.


LaTeX Warning: Reference `thm:compressed_omega_schmidt_rank_eq_rank' on page 14
5 undefined on input line 413.

[145]

LaTeX Warning: Reference `thm:compressed_omega_schmidt_rank_eq_rank' on page 14
6 undefined on input line 431.


LaTeX Warning: Reference `def:schmidt_rank' on page 146 undefined on input line
 440.


LaTeX Warning: Reference `def:choi_right_compression' on page 146 undefined on 
input line 440.


LaTeX Warning: Reference `thm:schmidt_rank_exact_parametrization' on page 146 u
ndefined on input line 440.


LaTeX Warning: Reference `thm:schmidt_rank_exact_parametrization' on page 146 u
ndefined on input line 449.


LaTeX Warning: Reference `def:schmidt_rank' on page 146 undefined on input line
 460.


LaTeX Warning: Reference `def:choi_right_tensor_factor' on page 146 undefined o
n input line 460.


LaTeX Warning: Reference `def:schmidt_rank' on page 146 undefined on input line
 478.


LaTeX Warning: Reference `def:choi_right_tensor_factor' on page 146 undefined o
n input line 478.


LaTeX Warning: Reference `lem:matrix_rank_factorization_coordinate' on page 146
 undefined on input line 478.


LaTeX Warning: Reference `def:choi_right_compression' on page 146 undefined on 
input line 500.


LaTeX Warning: Reference `def:choi_right_tensor_factor' on page 146 undefined o
n input line 500.


LaTeX Warning: Reference `thm:choi_right_tensor_sandwich' on page 146 undefined
 on input line 500.


LaTeX Warning: Reference `eq:schwarz_right_tensor_sandwich' on page 146 undefin
ed on input line 512.


LaTeX Warning: Reference `def:blockwise_ampliation' on page 146 undefined on in
put line 524.


LaTeX Warning: Reference `def:choi_right_compression' on page 146 undefined on 
input line 524.

[146]

LaTeX Warning: Reference `def:choi_right_tensor_factor' on page 147 undefined o
n input line 565.


LaTeX Warning: Reference `thm:choi_right_tensor_sandwich' on page 147 undefined
 on input line 581.


LaTeX Warning: Reference `lem:right_tensor_multiplication' on page 147 undefine
d on input line 581.


LaTeX Warning: Reference `lem:right_tensor_multiplication' on page 147 undefine
d on input line 590.


LaTeX Warning: Reference `eq:schwarz_fixed_rectangular_compression' on page 147
 undefined on input line 599.


LaTeX Warning: Reference `eq:schwarz_right_tensor_sandwich' on page 147 undefin
ed on input line 600.


LaTeX Warning: Reference `def:choi_right_tensor_factor' on page 147 undefined o
n input line 623.


LaTeX Warning: Reference `def:choi_right_tensor_factor' on page 147 undefined o
n input line 639.


LaTeX Warning: Reference `lem:right_tensor_factorization_mul_adjoint' on page 1
47 undefined on input line 639.


LaTeX Warning: Reference `lem:right_tensor_factorization_mul_adjoint' on page 1
47 undefined on input line 652.


LaTeX Warning: Reference `lem:factorized_right_tensor_choi_sandwich' on page 14
7 undefined on input line 661.


LaTeX Warning: Reference `thm:k_positive_right_tensor_choi_sandwiches' on page 
147 undefined on input line 661.

[147]

LaTeX Warning: Reference `eq:schwarz_factorized_choi_sandwich' on page 148 unde
fined on input line 670.


LaTeX Warning: Reference `thm:k_positive_right_tensor_choi_sandwiches' on page 
148 undefined on input line 674.


Overfull \hbox (0.84254pt too wide) in paragraph at lines 680--684
[][]\TU/lmr/bx/n/10 Lemma 4.19.16 \TU/lmr/m/n/10 (Rank-$[]$ Hermitian projectio
n factorization)\TU/lmr/bx/n/10 . [][][] [][][] [][] [][][] \TU/lmr/m/it/10 Let
 $[] [] [][][][][][][][]$

LaTeX Warning: Reference `thm:k_positive_schmidt_rank_choi_expectation' on page
 148 undefined on input line 697.


LaTeX Warning: Reference `thm:schmidt_rank_choi_test_converse' on page 148 unde
fined on input line 698.


LaTeX Warning: Reference `thm:k_positive_iff_right_choi_compressions' on page 1
48 undefined on input line 699.


LaTeX Warning: Reference `thm:rank_k_right_projection_choi_criterion' on page 1
48 undefined on input line 701.


Package hyperref Warning: Token not allowed in a PDF string (Unicode):
(hyperref)                removing `math shift' on input line 703.


Package hyperref Warning: Token not allowed in a PDF string (Unicode):
(hyperref)                removing `math shift' on input line 703.


LaTeX Warning: Reference `ch:positive_not_cp' on page 148 undefined on input li
ne 707.

[148]
Overfull \hbox (9.13817pt too wide) in paragraph at lines 796--796
[]\TU/lmr/bx/n/14.4 Schmidt-number geometry and entanglement witnesses 

LaTeX Warning: Reference `thm:not_has_schmidt_number_le_iff_exists_witness' on 
page 149 undefined on input line 800.


LaTeX Warning: Reference `def:has_schmidt_number_le' on page 149 undefined on i
nput line 807.


LaTeX Warning: Reference `def:has_schmidt_number_le' on page 149 undefined on i
nput line 830.


LaTeX Warning: Reference `def:has_schmidt_number_le' on page 149 undefined on i
nput line 848.


LaTeX Warning: Reference `def:schmidt_rank' on page 149 undefined on input line
 848.


LaTeX Warning: Reference `thm:convex_setOf_has_schmidt_number_le' on page 149 u
ndefined on input line 848.

[149]

LaTeX Warning: Reference `def:has_schmidt_number_le' on page 150 undefined on i
nput line 900.


LaTeX Warning: Reference `def:schmidt_rank' on page 150 undefined on input line
 900.


LaTeX Warning: Reference `thm:convex_setOf_has_schmidt_number_le' on page 150 u
ndefined on input line 900.


LaTeX Warning: Reference `thm:compact_setOf_has_schmidt_number_le_trace_one' on
 page 150 undefined on input line 900.


LaTeX Warning: Reference `thm:exists_isHermitian_trace_form_re' on page 150 und
efined on input line 900.


LaTeX Warning: Citation `Wolf2012Quantum' on page 150 undefined on input line 9
11.


LaTeX Warning: Reference `thm:exists_isNPositiveMap_detects' on page 150 undefi
ned on input line 935.


LaTeX Warning: Reference `thm:choi_rect_mutual_inverse' on page 150 undefined o
n input line 941.


LaTeX Warning: Reference `thm:choi_rect_mutual_inverse' on page 150 undefined o
n input line 950.


LaTeX Warning: Reference `def:k_positive_map' on page 150 undefined on input li
ne 959.


LaTeX Warning: Reference `def:schmidt_rank' on page 150 undefined on input line
 959.


LaTeX Warning: Reference `thm:choi_rect_mutual_inverse' on page 150 undefined o
n input line 959.


LaTeX Warning: Reference `thm:schmidt_rank_choi_test_iff' on page 150 undefined
 on input line 959.


LaTeX Warning: Reference `thm:exists_entanglement_witness' on page 150 undefine
d on input line 959.


LaTeX Warning: Citation `Wolf2012Quantum' on page 150 undefined on input line 9
66.


LaTeX Warning: Reference `thm:schmidt_rank_choi_test_iff' on page 150 undefined
 on input line 976.

[150]

LaTeX Warning: Reference `def:trace_pairing_adjoint' on page 151 undefined on i
nput line 983.


LaTeX Warning: Reference `thm:trace_pairing_adjoint_ampliation' on page 151 und
efined on input line 983.

) (./chapter/ch04_convex_structure.tex [151]
Chapter 5.

LaTeX Warning: Citation `Wolf2012Quantum' on page 152 undefined on input line 4
.


LaTeX Warning: Citation `Wolf2012Quantum' on page 152 undefined on input line 1
4.


LaTeX Warning: Reference `def:conic_programs' on page 152 undefined on input li
ne 45.


LaTeX Warning: Citation `Wolf2012Quantum' on page 152 undefined on input line 4
6.


LaTeX Warning: Reference `def:conic_programs' on page 152 undefined on input li
ne 61.


LaTeX Warning: Reference `def:conic_programs' on page 152 undefined on input li
ne 65.


LaTeX Warning: Reference `def:conic_programs' on page 152 undefined on input li
ne 70.


LaTeX Warning: Reference `def:conic_strict_feasibility_and_attainment' on page 
152 undefined on input line 92.


LaTeX Warning: Reference `thm:conic_weak_duality' on page 152 undefined on inpu
t line 92.


LaTeX Warning: Reference `thm:conic_weak_duality' on page 152 undefined on inpu
t line 101.

[152]

LaTeX Warning: Reference `def:conic_programs' on page 153 undefined on input li
ne 119.


LaTeX Warning: Reference `def:conic_strict_feasibility_and_attainment' on page 
153 undefined on input line 146.


LaTeX Warning: Citation `Wolf2012Quantum' on page 153 undefined on input line 1
48.


LaTeX Warning: Citation `gap:wolf_slater_attainment_conditions' on page 153 und
efined on input line 150.


LaTeX Warning: Reference `thm:conic_weak_duality' on page 153 undefined on inpu
t line 160.


LaTeX Warning: Reference `thm:conic_finite_value_extrema' on page 153 undefined
 on input line 160.


LaTeX Warning: Reference `eq:conic_slater_separator' on page 153 undefined on i
nput line 184.


LaTeX Warning: Reference `def:conic_programs' on page 153 undefined on input li
ne 240.


LaTeX Warning: Reference `def:conic_strict_feasibility_and_attainment' on page 
153 undefined on input line 240.


LaTeX Warning: Reference `def:hermitian_psd_cone' on page 153 undefined on inpu
t line 240.


LaTeX Warning: Citation `Wolf2012Quantum' on page 153 undefined on input line 2
48.


LaTeX Warning: Reference `def:semidefinite_trace_analysis' on page 153 undefine
d on input line 260.

[153]

LaTeX Warning: Reference `def:conic_programs' on page 154 undefined on input li
ne 267.


LaTeX Warning: Reference `def:hermitian_psd_cone' on page 154 undefined on inpu
t line 277.


LaTeX Warning: Reference `thm:conic_weak_duality' on page 154 undefined on inpu
t line 277.


LaTeX Warning: Reference `thm:conic_corrected_slater' on page 154 undefined on 
input line 277.


LaTeX Warning: Reference `def:conic_programs' on page 154 undefined on input li
ne 280.


LaTeX Warning: Reference `thm:conic_weak_duality' on page 154 undefined on inpu
t line 281.


LaTeX Warning: Reference `thm:conic_corrected_slater' on page 154 undefined on 
input line 282.


LaTeX Warning: Reference `def:conic_programs' on page 154 undefined on input li
ne 294.


LaTeX Warning: Reference `def:semidefinite_trace_analysis' on page 154 undefine
d on input line 294.


LaTeX Warning: Citation `Wolf2012Quantum' on page 154 undefined on input line 2
99.


LaTeX Warning: Reference `thm:conic_zero_gap_optimizers' on page 154 undefined 
on input line 313.


LaTeX Warning: Reference `eq:semidefinite_complementary_slackness' on page 154 
undefined on input line 319.


Overfull \hbox (0.17003pt too wide) in paragraph at lines 312--325
[] [][][] []\TU/lmr/m/n/10 The equality constraints and equality of the objecti
ves give $[][][][][] [] [][] [][][][][][][][] []
) (./chapter/ch05_schwarz.tex [154]
Chapter 6.

LaTeX Warning: Citation `Wolf2012Quantum' on page 155 undefined on input line 4
.

(./chapter/ch05_schwarz_ft_core.tex

LaTeX Warning: Reference `def:cp_map' on page 155 undefined on input line 3.


LaTeX Warning: Reference `eq:mps_transfer_map' on page 155 undefined on input l
ine 6.


LaTeX Warning: Reference `def:cp_map' on page 155 undefined on input line 13.


LaTeX Warning: Reference `def:cp_map' on page 155 undefined on input line 22.


LaTeX Warning: Reference `eq:channel_kraus_representation' on page 155 undefine
d on input line 23.


LaTeX Warning: Reference `def:kraus_map' on page 155 undefined on input line 29
.


LaTeX Warning: Reference `def:kraus_map' on page 155 undefined on input line 44
.


LaTeX Warning: Reference `def:kraus_map' on page 155 undefined on input line 53
.

[155]

LaTeX Warning: Reference `def:unital_kraus' on page 156 undefined on input line
 66.


LaTeX Warning: Citation `Wolf2012Quantum' on page 156 undefined on input line 7
5.


LaTeX Warning: Reference `eq:schwarz_kadison' on page 156 undefined on input li
ne 101.


LaTeX Warning: Reference `def:kraus_map' on page 156 undefined on input line 10
8.


LaTeX Warning: Reference `def:unital_kraus' on page 156 undefined on input line
 108.


LaTeX Warning: Reference `lem:is_kraus_cp_basic' on page 156 undefined on input
 line 121.


LaTeX Warning: Reference `thm:positive_map_monotone' on page 156 undefined on i
nput line 121.


LaTeX Warning: Reference `thm:kadison_schwarz' on page 156 undefined on input l
ine 121.


LaTeX Warning: Reference `eq:schwarz_kadison' on page 156 undefined on input li
ne 125.


LaTeX Warning: Reference `eq:schwarz_unital_operator_contraction' on page 156 u
ndefined on input line 134.


LaTeX Warning: Reference `def:kraus_map' on page 156 undefined on input line 14
1.


LaTeX Warning: Reference `def:unital_kraus' on page 156 undefined on input line
 141.


LaTeX Warning: Citation `Wolf2012Quantum' on page 156 undefined on input line 1
50.


LaTeX Warning: Reference `thm:unital_kraus_operator_norm_contraction' on page 1
56 undefined on input line 155.


LaTeX Warning: Reference `thm:unital_kraus_operator_norm_contraction' on page 1
56 undefined on input line 157.


LaTeX Warning: Reference `eq:schwarz_unital_eigenvalue_bound' on page 156 undef
ined on input line 160.


LaTeX Warning: Reference `def:tp_kraus' on page 156 undefined on input line 166
.


LaTeX Warning: Reference `def:kraus_adjoint_map' on page 156 undefined on input
 line 166.


LaTeX Warning: Reference `thm:kadison_schwarz' on page 156 undefined on input l
ine 178.


LaTeX Warning: Reference `thm:kadison_schwarz' on page 156 undefined on input l
ine 182.


LaTeX Warning: Reference `def:unital_kraus' on page 156 undefined on input line
 188.


LaTeX Warning: Reference `def:tp_kraus' on page 156 undefined on input line 188
.


LaTeX Warning: Reference `thm:kadison_schwarz' on page 156 undefined on input l
ine 194.


LaTeX Warning: Reference `eq:schwarz_kadison' on page 156 undefined on input li
ne 195.


LaTeX Warning: Reference `def:unital_kraus' on page 156 undefined on input line
 206.


LaTeX Warning: Reference `def:kraus_map' on page 156 undefined on input line 20
6.

[156]

LaTeX Warning: Reference `def:unital_kraus' on page 157 undefined on input line
 220.


LaTeX Warning: Reference `eq:schwarz_ks_gap' on page 157 undefined on input lin
e 221.


LaTeX Warning: Reference `eq:schwarz_ks_remainder' on page 157 undefined on inp
ut line 222.


LaTeX Warning: Reference `def:unital_kraus' on page 157 undefined on input line
 230.


LaTeX Warning: Reference `thm:ks_gap_decomp' on page 157 undefined on input lin
e 240.


LaTeX Warning: Reference `eq:schwarz_ks_gap' on page 157 undefined on input lin
e 241.


LaTeX Warning: Reference `eq:schwarz_ks_remainder' on page 157 undefined on inp
ut line 243.


LaTeX Warning: Reference `eq:schwarz_kraus_relation' on page 157 undefined on i
nput line 244.


LaTeX Warning: Reference `def:unital_kraus' on page 157 undefined on input line
 250.


LaTeX Warning: Reference `def:tp_kraus' on page 157 undefined on input line 250
.


LaTeX Warning: Reference `thm:kadison_schwarz' on page 157 undefined on input l
ine 263.


LaTeX Warning: Reference `eq:schwarz_kadison' on page 157 undefined on input li
ne 265.


LaTeX Warning: Reference `eq:schwarz_peripheral_equality' on page 157 undefined
 on input line 276.


LaTeX Warning: Reference `def:unital_kraus' on page 157 undefined on input line
 282.


LaTeX Warning: Reference `thm:kraus_commute' on page 157 undefined on input lin
e 295.


LaTeX Warning: Reference `eq:schwarz_kraus_relation' on page 157 undefined on i
nput line 296.


LaTeX Warning: Reference `def:unital_kraus' on page 157 undefined on input line
 312.


LaTeX Warning: Reference `thm:kraus_commute' on page 157 undefined on input lin
e 325.


LaTeX Warning: Reference `eq:schwarz_kraus_relation' on page 157 undefined on i
nput line 326.

) (./chapter/ch05_schwarz_retractions_and_peripheral_equality.tex

LaTeX Warning: Reference `sec:app_schwarz_trace_order' on page 157 undefined on
 input line 4.


LaTeX Warning: Reference `sec:app_schwarz_retractions' on page 157 undefined on
 input line 6.

[157]

LaTeX Warning: Citation `Wolf2012Quantum' on page 158 undefined on input line 2
6.


LaTeX Warning: Reference `lem:posSemidef_rankone_domination' on page 158 undefi
ned on input line 33.


LaTeX Warning: Reference `thm:positive_functional_density_representation' on pa
ge 158 undefined on input line 33.


LaTeX Warning: Reference `thm:rankone_ray_scalar_rigidity' on page 158 undefine
d on input line 33.


LaTeX Warning: Reference `lem:posSemidef_rankone_domination' on page 158 undefi
ned on input line 44.


LaTeX Warning: Reference `thm:rankone_ray_scalar_rigidity' on page 158 undefine
d on input line 47.


LaTeX Warning: Reference `thm:positive_functional_density_representation' on pa
ge 158 undefined on input line 56.


LaTeX Warning: Reference `eq:schwarz_positive_retraction_factor' on page 158 un
defined on input line 67.


LaTeX Warning: Citation `Wolf2012Quantum' on page 158 undefined on input line 9
6.


LaTeX Warning: Reference `thm:positive_retraction_one_matrix_factor' on page 15
8 undefined on input line 101.


LaTeX Warning: Citation `Wolf2012Quantum' on page 158 undefined on input line 1
03.


LaTeX Warning: Reference `eq:schwarz_star_algebra_blocks' on page 158 undefined
 on input line 104.


LaTeX Warning: Reference `eq:schwarz_star_algebra_retraction' on page 158 undef
ined on input line 114.

[158]

LaTeX Warning: Reference `thm:douglas_range_inclusion_factorization' on page 15
9 undefined on input line 145.


LaTeX Warning: Reference `thm:kadison_schwarz' on page 159 undefined on input l
ine 163.


LaTeX Warning: Reference `lem:trace_mul_map_eq_trace_adjointMap_mul' on page 15
9 undefined on input line 163.


LaTeX Warning: Reference `lem:posSemidef_eq_zero_of_posDef_trace_mul_eq_zero' o
n page 159 undefined on input line 163.


LaTeX Warning: Reference `thm:kadison_schwarz' on page 159 undefined on input l
ine 173.


LaTeX Warning: Reference `lem:trace_mul_map_eq_trace_adjointMap_mul' on page 15
9 undefined on input line 173.


LaTeX Warning: Reference `lem:posSemidef_eq_zero_of_posDef_trace_mul_eq_zero' o
n page 159 undefined on input line 173.


LaTeX Warning: Reference `thm:kadison_schwarz' on page 159 undefined on input l
ine 176.


LaTeX Warning: Reference `lem:trace_mul_map_eq_trace_adjointMap_mul' on page 15
9 undefined on input line 177.


LaTeX Warning: Reference `lem:posSemidef_eq_zero_of_posDef_trace_mul_eq_zero' o
n page 159 undefined on input line 192.

) (./chapter/ch05_schwarz_douglas.tex

LaTeX Warning: Reference `def:pinv' on page 159 undefined on input line 5.


LaTeX Warning: Reference `lem:mul_pinv_eq_supportProj' on page 159 undefined on
 input line 5.


LaTeX Warning: Reference `def:pinv' on page 159 undefined on input line 26.

[159]

LaTeX Warning: Reference `thm:douglas_tfae' on page 160 undefined on input line
 35.


LaTeX Warning: Reference `def:pinv' on page 160 undefined on input line 35.


LaTeX Warning: Reference `lem:mul_pinv_eq_supportProj' on page 160 undefined on
 input line 35.


LaTeX Warning: Reference `def:pinv' on page 160 undefined on input line 42.


LaTeX Warning: Reference `def:pinv' on page 160 undefined on input line 50.

) (./chapter/ch05_schwarz_schur_complement.tex

LaTeX Warning: Reference `def:schurComplement' on page 160 undefined on input l
ine 8.


LaTeX Warning: Reference `def:blockMatrix' on page 160 undefined on input line 
8.


LaTeX Warning: Reference `def:blockMatrix' on page 160 undefined on input line 
37.


LaTeX Warning: Reference `def:pinv' on page 160 undefined on input line 45.

) (./chapter/ch05_schwarz_abstract_domains_and_order.tex

LaTeX Warning: Citation `Wolf2012Quantum' on page 160 undefined on input line 1
6.

[160]

LaTeX Warning: Citation `Wolf2012Quantum' on page 161 undefined on input line 3
5.


LaTeX Warning: Reference `def:abstract_schwarz_inequality' on page 161 undefine
d on input line 47.


LaTeX Warning: Reference `def:abstract_one_sided_multiplicative_domains' on pag
e 161 undefined on input line 47.


LaTeX Warning: Citation `Wolf2012Quantum' on page 161 undefined on input line 5
9.


LaTeX Warning: Reference `def:abstract_schwarz_inequality' on page 161 undefine
d on input line 64.


LaTeX Warning: Reference `eq:schwarz_abstract_inequality' on page 161 undefined
 on input line 66.


LaTeX Warning: Reference `def:kraus_map' on page 161 undefined on input line 98
.


LaTeX Warning: Reference `def:unital_kraus' on page 161 undefined on input line
 98.


LaTeX Warning: Reference `def:abstract_schwarz_inequality' on page 161 undefine
d on input line 98.


LaTeX Warning: Reference `def:abstract_schwarz_inequality' on page 161 undefine
d on input line 100.


LaTeX Warning: Reference `thm:kadison_schwarz' on page 161 undefined on input l
ine 105.


LaTeX Warning: Reference `eq:schwarz_kadison' on page 161 undefined on input li
ne 107.


LaTeX Warning: Reference `def:kraus_map' on page 161 undefined on input line 12
2.

[161]

LaTeX Warning: Reference `def:one_sided_multiplicative_domains' on page 162 und
efined on input line 145.


LaTeX Warning: Reference `def:abstract_one_sided_multiplicative_domains' on pag
e 162 undefined on input line 158.


LaTeX Warning: Reference `def:one_sided_multiplicative_domains' on page 162 und
efined on input line 158.


LaTeX Warning: Reference `def:full_multiplicative_domain' on page 162 undefined
 on input line 158.


LaTeX Warning: Reference `def:one_sided_multiplicative_domains' on page 162 und
efined on input line 176.


LaTeX Warning: Reference `def:unital_kraus' on page 162 undefined on input line
 176.


LaTeX Warning: Reference `thm:abstract_md_characterization' on page 162 undefin
ed on input line 188.


LaTeX Warning: Reference `thm:left_multiplicative_identity' on page 162 undefin
ed on input line 193.


LaTeX Warning: Reference `thm:left_multiplicative_identity' on page 162 undefin
ed on input line 197.


LaTeX Warning: Reference `thm:left_multiplicative_identity' on page 162 undefin
ed on input line 199.


LaTeX Warning: Reference `def:one_sided_multiplicative_domains' on page 162 und
efined on input line 207.


LaTeX Warning: Reference `def:unital_kraus' on page 162 undefined on input line
 207.


LaTeX Warning: Reference `thm:md_characterization' on page 162 undefined on inp
ut line 214.


LaTeX Warning: Reference `thm:md_characterization' on page 162 undefined on inp
ut line 218.


LaTeX Warning: Reference `def:full_multiplicative_domain' on page 162 undefined
 on input line 227.


LaTeX Warning: Reference `thm:one_sided_md_subalgebras' on page 162 undefined o
n input line 227.


LaTeX Warning: Citation `Wolf2012Quantum' on page 162 undefined on input line 2
30.


LaTeX Warning: Reference `thm:md_characterization' on page 162 undefined on inp
ut line 235.


LaTeX Warning: Reference `thm:one_sided_md_subalgebras' on page 162 undefined o
n input line 235.


LaTeX Warning: Reference `thm:md_characterization' on page 162 undefined on inp
ut line 242.


LaTeX Warning: Reference `thm:one_sided_md_subalgebras' on page 162 undefined o
n input line 244.


LaTeX Warning: Reference `thm:md_star_subalgebra' on page 162 undefined on inpu
t line 252.


LaTeX Warning: Reference `def:kraus_map' on page 162 undefined on input line 25
2.


LaTeX Warning: Citation `Wolf2012Quantum' on page 162 undefined on input line 2
56.

[162]

LaTeX Warning: Reference `thm:kraus_commute' on page 163 undefined on input lin
e 261.


LaTeX Warning: Reference `eq:schwarz_kraus_relation' on page 163 undefined on i
nput line 264.


LaTeX Warning: Reference `sec:app_schwarz_trace_order' on page 163 undefined on
 input line 271.


LaTeX Warning: Reference `thm:positive_map_monotone' on page 163 undefined on i
nput line 277.


LaTeX Warning: Reference `def:positive_map' on page 163 undefined on input line
 277.


LaTeX Warning: Citation `Wolf2012Quantum' on page 163 undefined on input line 2
85.


LaTeX Warning: Reference `thm:positive_map_monotone' on page 163 undefined on i
nput line 290.


LaTeX Warning: Reference `thm:positive_map_monotone' on page 163 undefined on i
nput line 291.


LaTeX Warning: Reference `eq:schwarz_order_interval' on page 163 undefined on i
nput line 296.


LaTeX Warning: Reference `thm:positive_map_image_bounded' on page 163 undefined
 on input line 303.


LaTeX Warning: Citation `Wolf2012Quantum' on page 163 undefined on input line 3
12.


LaTeX Warning: Reference `thm:positive_map_image_bounded' on page 163 undefined
 on input line 317.


LaTeX Warning: Reference `thm:positive_map_image_bounded' on page 163 undefined
 on input line 321.


LaTeX Warning: Reference `eq:schwarz_order_interval' on page 163 undefined on i
nput line 322.


LaTeX Warning: Citation `Wolf2012Quantum' on page 163 undefined on input line 3
41.


LaTeX Warning: Reference `eq:schwarz_weyl_monotonicity' on page 163 undefined o
n input line 361.


LaTeX Warning: Citation `Wolf2012Quantum' on page 163 undefined on input line 3
69.

[163]

LaTeX Warning: Reference `thm:weyl_monotonicity_loewner' on page 164 undefined 
on input line 388.


LaTeX Warning: Reference `eq:schwarz_weyl_monotonicity' on page 164 undefined o
n input line 391.


LaTeX Warning: Reference `eq:schwarz_unitary_comparison' on page 164 undefined 
on input line 400.


LaTeX Warning: Reference `thm:weyl_monotonicity_loewner' on page 164 undefined 
on input line 401.


LaTeX Warning: Reference `eq:schwarz_unitary_comparison' on page 164 undefined 
on input line 410.


LaTeX Warning: Citation `gap:wolf_ch5_unitary_comparison_missing_order' on page
 164 undefined on input line 412.


LaTeX Warning: Citation `Wolf2012Quantum' on page 164 undefined on input line 4
30.


LaTeX Warning: Reference `def:wolf_example53' on page 164 undefined on input li
ne 436.


LaTeX Warning: Reference `def:positive_map' on page 164 undefined on input line
 436.


LaTeX Warning: Reference `def:wolf_example53' on page 164 undefined on input li
ne 437.


LaTeX Warning: Reference `def:wolf_example53' on page 164 undefined on input li
ne 450.


LaTeX Warning: Reference `def:wolf_example53' on page 164 undefined on input li
ne 453.


LaTeX Warning: Reference `def:wolf_example53' on page 164 undefined on input li
ne 468.


LaTeX Warning: Reference `def:cp_map' on page 164 undefined on input line 468.


LaTeX Warning: Reference `def:wolf_example53' on page 164 undefined on input li
ne 469.

[164]

LaTeX Warning: Reference `def:2positive_map' on page 165 undefined on input lin
e 486.


LaTeX Warning: Citation `Wolf2012Quantum' on page 165 undefined on input line 4
97.


Overfull \hbox (19.4729pt too wide) in paragraph at lines 495--501
\TU/lmr/m/it/10 This is the pseudoinverse-free form of [[], Eq. (5.4)]: the usu
al statement $[][][][][][] [][][][][][][][][][][][][] []

Overfull \hbox (2.29807pt too wide) in paragraph at lines 506--517
\TU/lmr/m/n/10 Evaluating the PSD quadratic form on the vector $[][][] [][][]$ 
and using the side condition $[][][][][][][] []

LaTeX Warning: Reference `def:2positive_map' on page 165 undefined on input lin
e 523.


LaTeX Warning: Reference `def:2positive_map' on page 165 undefined on input lin
e 542.


LaTeX Warning: Reference `thm:map_EBA_eq_conjTranspose_EAB' on page 165 undefin
ed on input line 542.


LaTeX Warning: Reference `thm:map_EBA_eq_conjTranspose_EAB' on page 165 undefin
ed on input line 550.


LaTeX Warning: Reference `lem:two_variable_operator_schwarz_conditional' on pag
e 165 undefined on input line 550.


LaTeX Warning: Reference `thm:map_EBA_eq_conjTranspose_EAB' on page 165 undefin
ed on input line 552.


LaTeX Warning: Reference `lem:two_variable_operator_schwarz_conditional' on pag
e 165 undefined on input line 557.


LaTeX Warning: Reference `def:2positive_map' on page 165 undefined on input lin
e 566.


LaTeX Warning: Reference `def:pinv' on page 165 undefined on input line 566.


LaTeX Warning: Reference `thm:ker_EBB_le_ker_EAB' on page 165 undefined on inpu
t line 566.


LaTeX Warning: Reference `thm:ker_EBB_le_ker_EAB' on page 165 undefined on inpu
t line 578.


LaTeX Warning: Reference `def:2positive_map' on page 165 undefined on input lin
e 588.


LaTeX Warning: Reference `def:pinv' on page 165 undefined on input line 588.

[165]

LaTeX Warning: Reference `lem:two_variable_operator_schwarz_conditional' on pag
e 166 undefined on input line 601.


LaTeX Warning: Reference `thm:EBB_mul_pinv_mul_EBA_eq' on page 166 undefined on
 input line 601.


LaTeX Warning: Reference `lem:two_variable_operator_schwarz_conditional' on pag
e 166 undefined on input line 605.


LaTeX Warning: Reference `thm:EBB_mul_pinv_mul_EBA_eq' on page 166 undefined on
 input line 606.


LaTeX Warning: Reference `thm:two_variable_operator_schwarz' on page 166 undefi
ned on input line 622.


LaTeX Warning: Reference `thm:k_positive_trace_pairing_adjoint' on page 166 und
efined on input line 622.


LaTeX Warning: Citation `Wolf2012Quantum' on page 166 undefined on input line 6
32.


LaTeX Warning: Reference `thm:k_positive_trace_pairing_adjoint' on page 166 und
efined on input line 638.


LaTeX Warning: Reference `thm:two_variable_operator_schwarz' on page 166 undefi
ned on input line 640.


LaTeX Warning: Reference `def:pinv' on page 166 undefined on input line 646.


Overfull \hbox (7.76178pt too wide) in paragraph at lines 644--649
[][]\TU/lmr/bx/n/10 Definition 6.9.2.7 \TU/lmr/m/n/10 (Per-$[]$ Schwarz hypothe
sis)\TU/lmr/bx/n/10 . [][][] [][][] [][] [][][] []\TU/lmr/m/n/10 A complex-line
ar map $[] [] [][][][][] []

LaTeX Warning: Reference `thm:two_variable_operator_schwarz' on page 166 undefi
ned on input line 655.


LaTeX Warning: Reference `def:has_schwarz_inequality_for' on page 166 undefined
 on input line 661.


LaTeX Warning: Reference `def:has_schwarz_inequality_for' on page 166 undefined
 on input line 695.


LaTeX Warning: Reference `def:equality_attaining' on page 166 undefined on inpu
t line 695.


LaTeX Warning: Reference `def:has_schwarz_inequality_for' on page 166 undefined
 on input line 698.


LaTeX Warning: Reference `def:equality_attaining' on page 166 undefined on inpu
t line 699.


Overfull \hbox (2.08957pt too wide) in paragraph at lines 693--701
[][]\TU/lmr/bx/n/10 Theorem 6.9.2.10 \TU/lmr/m/n/10 (Equality in the operator S
chwarz inequality)\TU/lmr/bx/n/10 . [][][] [][][] [][] [][][] [][]\TU/lmr/m/it/
10 Let $[] [] [][][][][] []

LaTeX Warning: Reference `thm:eq_zero_of_forall_quadratic_posSemidef' on page 1
66 undefined on input line 711.

[166]

LaTeX Warning: Reference `thm:eq_zero_of_forall_quadratic_posSemidef' on page 1
67 undefined on input line 723.


LaTeX Warning: Reference `def:equality_attaining' on page 167 undefined on inpu
t line 735.


LaTeX Warning: Reference `thm:two_variable_schwarz_equality' on page 167 undefi
ned on input line 737.

)) (./chapter/ch05_schwarz_supporting_results.tex

LaTeX Warning: Reference `def:trace_pairing_adjoint' on page 167 undefined on i
nput line 11.


LaTeX Warning: Reference `thm:positive_map_image_bounded' on page 167 undefined
 on input line 12.


LaTeX Warning: Reference `def:positive_map' on page 167 undefined on input line
 19.


LaTeX Warning: Reference `def:positive_map_is_positive_linear_map' on page 167 
undefined on input line 34.


LaTeX Warning: Reference `def:positive_map_is_positive_linear_map' on page 167 
undefined on input line 42.


Overfull \hbox (3.5749pt too wide) in paragraph at lines 49--53
[][]\TU/lmr/bx/n/10 Theorem 6.11.3 \TU/lmr/m/n/10 (Nondegeneracy of the trace p
airing)\TU/lmr/bx/n/10 . [][][] [][][] [][] [][][] \TU/lmr/m/it/10 For $[] [] [
][][][][]$, $[][][][][] []

LaTeX Warning: Reference `def:trace_pairing_adjoint' on page 167 undefined on i
nput line 64.


LaTeX Warning: Reference `def:trace_pairing_adjoint' on page 167 undefined on i
nput line 85.


LaTeX Warning: Reference `thm:trace_nondeg' on page 167 undefined on input line
 85.

[167]

LaTeX Warning: Reference `eq:schwarz_trace_adjoint_pairing' on page 168 undefin
ed on input line 93.


LaTeX Warning: Reference `def:trace_pairing_adjoint' on page 168 undefined on i
nput line 127.


LaTeX Warning: Reference `thm:psd_trace_pairing_self_dual' on page 168 undefine
d on input line 127.


LaTeX Warning: Reference `thm:positive_map_conjTranspose' on page 168 undefined
 on input line 134.


LaTeX Warning: Reference `thm:positive_map_conjTranspose' on page 168 undefined
 on input line 136.


LaTeX Warning: Reference `eq:schwarz_trace_adjoint_pairing' on page 168 undefin
ed on input line 146.


LaTeX Warning: Reference `thm:trace_pairing_adjoint_positive' on page 168 undef
ined on input line 156.


LaTeX Warning: Reference `thm:trace_pairing_adjoint_involutive' on page 168 und
efined on input line 156.


LaTeX Warning: Reference `thm:trace_pairing_adjoint_positive' on page 168 undef
ined on input line 163.


LaTeX Warning: Reference `thm:trace_pairing_adjoint_involutive' on page 168 und
efined on input line 165.


LaTeX Warning: Reference `thm:positive_retraction_one_matrix_factor' on page 16
8 undefined on input line 172.


LaTeX Warning: Reference `thm:positive_retraction_finite_star_algebra' on page 
168 undefined on input line 174.


LaTeX Warning: Reference `thm:trace_pairing_adjoint_identity' on page 168 undef
ined on input line 188.


LaTeX Warning: Reference `thm:trace_pairing_adjoint_positive' on page 168 undef
ined on input line 188.


LaTeX Warning: Reference `eq:schwarz_trace_adjoint_pairing' on page 168 undefin
ed on input line 193.

[168]
Overfull \hbox (4.08379pt too wide) in paragraph at lines 287--287
[]\TU/lmr/bx/n/14.4 Faithful weighted traces and peripheral Schwarz equal-

LaTeX Warning: Reference `thm:ks_equality_of_peripheral_eigenvector_of_fixedPoi
nt' on page 169 undefined on input line 291.

[169]

LaTeX Warning: Reference `def:kraus_map' on page 170 undefined on input line 29
8.


LaTeX Warning: Reference `def:kraus_adjoint_map' on page 170 undefined on input
 line 298.

) (./chapter/ch06_operator_convexity.tex [170]
Chapter 7.

LaTeX Warning: Citation `Bhatia1997Matrix' on page 171 undefined on input line 
6.


LaTeX Warning: Citation `Wolf2012Quantum' on page 171 undefined on input line 6
.


LaTeX Warning: Citation `HansenPedersen1982Jensen' on page 171 undefined on inp
ut line 7.


LaTeX Warning: Citation `Lieb1973Convex' on page 171 undefined on input line 8.


(./chapter/ch06_operator_convexity_schwarz_and_jensen.tex

LaTeX Warning: Reference `def:tp_kraus' on page 171 undefined on input line 12.



LaTeX Warning: Reference `def:kraus_adjoint_map' on page 171 undefined on input
 line 12.


LaTeX Warning: Citation `Wolf2012Quantum' on page 171 undefined on input line 2
7.


LaTeX Warning: Reference `thm:kadison_schwarz_adjoint' on page 171 undefined on
 input line 32.


LaTeX Warning: Reference `eq:schwarz_normal_cp_gap' on page 171 undefined on in
put line 34.


LaTeX Warning: Reference `thm:kadison_schwarz_adjoint' on page 171 undefined on
 input line 35.


LaTeX Warning: Reference `eq:schwarz_normal_cp_loewner' on page 171 undefined o
n input line 36.


LaTeX Warning: Reference `def:positive_map' on page 171 undefined on input line
 43.


LaTeX Warning: Citation `Wolf2012Quantum' on page 171 undefined on input line 4
7.

[171]

LaTeX Warning: Citation `Wolf2012Quantum' on page 172 undefined on input line 6
1.


LaTeX Warning: Reference `def:positive_map' on page 172 undefined on input line
 72.


LaTeX Warning: Citation `Wolf2012Quantum' on page 172 undefined on input line 7
7.


LaTeX Warning: Reference `thm:schwarz_normal_operator' on page 172 undefined on
 input line 82.


LaTeX Warning: Reference `thm:schwarz_normal_operator' on page 172 undefined on
 input line 86.


LaTeX Warning: Reference `def:positive_map' on page 172 undefined on input line
 94.


LaTeX Warning: Citation `Wolf2012Quantum' on page 172 undefined on input line 1
04.


LaTeX Warning: Reference `thm:schwarz_normal_operator' on page 172 undefined on
 input line 109.


LaTeX Warning: Reference `thm:schwarz_normal_operator' on page 172 undefined on
 input line 128.


LaTeX Warning: Reference `def:tp_kraus' on page 172 undefined on input line 138
.


LaTeX Warning: Reference `def:kraus_adjoint_map' on page 172 undefined on input
 line 138.


LaTeX Warning: Reference `thm:schwarz_commuting_dominant' on page 172 undefined
 on input line 151.


LaTeX Warning: Reference `thm:schwarz_commuting_dominant' on page 172 undefined
 on input line 152.

[172]

LaTeX Warning: Citation `Bhatia1997Matrix' on page 173 undefined on input line 
189.


LaTeX Warning: Reference `lem:diagonal_jensen_of_convexOn' on page 173 undefine
d on input line 197.


LaTeX Warning: Reference `lem:diagonal_jensen_of_convexOn' on page 173 undefine
d on input line 228.


LaTeX Warning: Citation `Bhatia1997Matrix' on page 173 undefined on input line 
240.


LaTeX Warning: Reference `lem:diagonal_jensen_of_convexOn' on page 173 undefine
d on input line 246.


LaTeX Warning: Reference `thm:trace_rpow_concave' on page 173 undefined on inpu
t line 246.

[173]

LaTeX Warning: Reference `thm:trace_rpow_concave' on page 174 undefined on inpu
t line 260.


LaTeX Warning: Citation `carlen2010' on page 174 undefined on input line 286.


LaTeX Warning: Citation `Bhatia1997Matrix' on page 174 undefined on input line 
305.


LaTeX Warning: Reference `eq:opconv_inverse_compression_le' on page 174 undefin
ed on input line 337.

[174]

LaTeX Warning: Reference `eq:opconv_defect_block_relation' on page 175 undefine
d on input line 369.


LaTeX Warning: Reference `lem:operator_jensen_povm_compression' on page 175 und
efined on input line 380.


LaTeX Warning: Reference `lem:operator_jensen_inverse_compression' on page 175 
undefined on input line 380.


LaTeX Warning: Reference `lem:operator_jensen_povm_compression' on page 175 und
efined on input line 393.


LaTeX Warning: Reference `lem:operator_jensen_inverse_compression' on page 175 
undefined on input line 393.


LaTeX Warning: Reference `eq:opconv_inverse_compression_le' on page 175 undefin
ed on input line 395.


LaTeX Warning: Reference `eq:opconv_povm_resolvent_bound' on page 175 undefined
 on input line 399.


LaTeX Warning: Reference `lem:operator_jensen_povm_resolvent' on page 175 undef
ined on input line 425.


LaTeX Warning: Reference `lem:operator_jensen_spectral_resolution' on page 175 
undefined on input line 425.


LaTeX Warning: Reference `lem:operator_jensen_povm_resolvent' on page 175 undef
ined on input line 438.


LaTeX Warning: Reference `lem:operator_jensen_spectral_resolution' on page 175 
undefined on input line 438.


LaTeX Warning: Reference `lem:operator_jensen_positive_map_resolvent' on page 1
75 undefined on input line 451.

[175]

LaTeX Warning: Reference `lem:operator_jensen_positive_map_resolvent' on page 1
76 undefined on input line 465.


LaTeX Warning: Reference `lem:operator_jensen_positive_map_resolvent' on page 1
76 undefined on input line 477.


LaTeX Warning: Reference `lem:operator_jensen_positive_map_resolvent' on page 1
76 undefined on input line 493.


LaTeX Warning: Reference `def:positive_map' on page 176 undefined on input line
 523.


LaTeX Warning: Reference `lem:operator_jensen_positive_map_rpow_integrand' on p
age 176 undefined on input line 523.


LaTeX Warning: Reference `lem:operator_jensen_integral_order' on page 176 undef
ined on input line 523.


LaTeX Warning: Citation `Wolf2012Quantum' on page 176 undefined on input line 5
26.


LaTeX Warning: Reference `lem:operator_jensen_positive_map_rpow_integrand' on p
age 176 undefined on input line 535.


LaTeX Warning: Reference `lem:operator_jensen_integral_order' on page 176 undef
ined on input line 537.


LaTeX Warning: Reference `thm:posMap_rpow_concave_jensen' on page 176 undefined
 on input line 544.


LaTeX Warning: Reference `thm:posMap_rpow_concave_jensen' on page 176 undefined
 on input line 550.


LaTeX Warning: Reference `def:positive_map' on page 176 undefined on input line
 558.


LaTeX Warning: Reference `lem:operator_jensen_positive_map_rpow_integrand_conve
x' on page 176 undefined on input line 558.


LaTeX Warning: Reference `lem:operator_jensen_integral_order' on page 176 undef
ined on input line 558.


LaTeX Warning: Citation `Wolf2012Quantum' on page 176 undefined on input line 5
61.


LaTeX Warning: Reference `lem:operator_jensen_positive_map_rpow_integrand_conve
x' on page 176 undefined on input line 570.


LaTeX Warning: Reference `lem:operator_jensen_integral_order' on page 176 undef
ined on input line 572.

[176]

LaTeX Warning: Reference `thm:posMap_rpow_convex_jensen' on page 177 undefined 
on input line 583.


LaTeX Warning: Reference `thm:posMap_rpow_convex_jensen' on page 177 undefined 
on input line 589.


LaTeX Warning: Reference `def:positive_map' on page 177 undefined on input line
 595.


LaTeX Warning: Reference `thm:posMap_rpow_concave_jensen' on page 177 undefined
 on input line 595.


LaTeX Warning: Citation `Wolf2012Quantum' on page 177 undefined on input line 5
99.


LaTeX Warning: Citation `gap:wolf_ch5_operator_jensen_lieb' on page 177 undefin
ed on input line 603.


LaTeX Warning: Reference `thm:posMap_rpow_concave_jensen' on page 177 undefined
 on input line 607.


LaTeX Warning: Reference `thm:posMap_log_concave_jensen' on page 177 undefined 
on input line 617.


LaTeX Warning: Reference `thm:posMap_log_concave_jensen' on page 177 undefined 
on input line 623.


LaTeX Warning: Citation `gap:wolf_ch5_operator_convexity_scope' on page 177 und
efined on input line 638.


LaTeX Warning: Citation `gap:wolf_ch5_operator_jensen_lieb' on page 177 undefin
ed on input line 639.

[177]

LaTeX Warning: Citation `gap:wolf_ch5_unitary_comparison_missing_order' on page
 178 undefined on input line 659.

) (./chapter/ch06_operator_convexity_lieb_and_resolvent.tex

LaTeX Warning: Reference `lem:reflection_integral' on page 178 undefined on inp
ut line 41.


LaTeX Warning: Reference `lem:reflection_integral' on page 178 undefined on inp
ut line 53.


LaTeX Warning: Reference `lem:lieb_integral_value' on page 178 undefined on inp
ut line 59.


LaTeX Warning: Reference `lem:lieb_integral_value' on page 178 undefined on inp
ut line 70.


LaTeX Warning: Reference `lem:scalar_lieb_integral' on page 178 undefined on in
put line 85.


LaTeX Warning: Reference `lem:scalar_lieb_integral' on page 178 undefined on in
put line 96.


LaTeX Warning: Reference `lem:scalar_lieb_integral' on page 178 undefined on in
put line 99.

[178]

LaTeX Warning: Reference `lem:diagonal_lieb_integral' on page 179 undefined on 
input line 105.


LaTeX Warning: Reference `lem:diagonal_lieb_integral' on page 179 undefined on 
input line 125.


LaTeX Warning: Reference `lem:parallel_sum_concave' on page 179 undefined on in
put line 165.


LaTeX Warning: Reference `lem:parallel_sum_concave' on page 179 undefined on in
put line 184.


LaTeX Warning: Reference `lem:op_lieb_integral_rep' on page 179 undefined on in
put line 191.


LaTeX Warning: Reference `lem:superop_resolvent_integrand_concave' on page 179 
undefined on input line 191.


LaTeX Warning: Reference `eq:operator_convexity_integral_rep' on page 179 undef
ined on input line 208.


LaTeX Warning: Reference `lem:superop_resolvent_integrand_concave' on page 179 
undefined on input line 213.

[179]

LaTeX Warning: Citation `Lieb1973Convex' on page 180 undefined on input line 23
5.


LaTeX Warning: Citation `Ando1979Concavity' on page 180 undefined on input line
 235.


LaTeX Warning: Citation `Wolf2012Quantum' on page 180 undefined on input line 2
37.


LaTeX Warning: Reference `lem:op_lieb_concave' on page 180 undefined on input l
ine 243.


LaTeX Warning: Reference `lem:op_lieb_concave' on page 180 undefined on input l
ine 245.


LaTeX Warning: Reference `thm:lieb_concavity_axiom' on page 180 undefined on in
put line 268.


LaTeX Warning: Reference `eq:opconv_lieb_joint_concavity' on page 180 undefined
 on input line 273.


LaTeX Warning: Reference `thm:lieb_concavity_axiom' on page 180 undefined on in
put line 274.


LaTeX Warning: Citation `Wolf2012Quantum' on page 180 undefined on input line 2
76.


LaTeX Warning: Reference `thm:lieb_concavity_axiom' on page 180 undefined on in
put line 278.


LaTeX Warning: Reference `thm:lieb_concavity_subboundary' on page 180 undefined
 on input line 280.


Overfull \hbox (2.84213pt too wide) in paragraph at lines 266--281
\TU/lmr/m/it/10 matrix $[]$, and positive-\TU/lmr/m/n/10 semidefinite \TU/lmr/m
/it/10 matrices $[][][] [][][] [][][] [][]$, the map $[][][] [][] [] [] [][][][
][][][][][][]$

LaTeX Warning: Reference `thm:lieb_concavity_axiom' on page 180 undefined on in
put line 284.


LaTeX Warning: Reference `thm:lieb_concavity_axiom' on page 180 undefined on in
put line 287.


LaTeX Warning: Reference `thm:lieb_concavity_psd' on page 180 undefined on inpu
t line 301.


LaTeX Warning: Reference `thm:lieb_concavity_psd' on page 180 undefined on inpu
t line 316.

[180]

LaTeX Warning: Reference `thm:lieb_concavity_axiom' on page 181 undefined on in
put line 339.


LaTeX Warning: Reference `eq:opconv_lieb_joint_concavity' on page 181 undefined
 on input line 343.


LaTeX Warning: Reference `thm:lieb_concavity_axiom' on page 181 undefined on in
put line 344.


LaTeX Warning: Reference `thm:lieb_concavity_axiom' on page 181 undefined on in
put line 348.


LaTeX Warning: Reference `thm:lieb_concavity' on page 181 undefined on input li
ne 354.


LaTeX Warning: Reference `thm:lieb_concavity' on page 181 undefined on input li
ne 367.


LaTeX Warning: Reference `thm:lieb_concavity' on page 181 undefined on input li
ne 371.


LaTeX Warning: Reference `thm:lieb_concavity' on page 181 undefined on input li
ne 379.


LaTeX Warning: Reference `thm:lieb_concavity' on page 181 undefined on input li
ne 394.


LaTeX Warning: Reference `thm:lieb_concavity' on page 181 undefined on input li
ne 402.


LaTeX Warning: Reference `thm:lieb_concavity' on page 181 undefined on input li
ne 417.

[181]

LaTeX Warning: Reference `lem:loewner_inv_antitone' on page 182 undefined on in
put line 447.


LaTeX Warning: Reference `lem:loewner_inv_antitone' on page 182 undefined on in
put line 461.


LaTeX Warning: Reference `lem:loewner_inv_antitone' on page 182 undefined on in
put line 474.

) (./chapter/ch06_operator_convexity_matrix_means.tex

LaTeX Warning: Citation `OpenAI2026AreaLaw' on page 182 undefined on input line
 4.


LaTeX Warning: Citation `KuboAndo1980Means' on page 182 undefined on input line
 6.


LaTeX Warning: Reference `def:weighted_geometric_mean' on page 182 undefined on
 input line 30.


Overfull \hbox (5.76697pt too wide) in paragraph at lines 37--40
[]\TU/lmr/m/it/10 for $[] [] [] [] []$ the mean is monotone in each argument, a
nd for every vector $[]$, $[][][] [][][][][][][][] []
[182]

LaTeX Warning: Reference `def:weighted_geometric_mean' on page 183 undefined on
 input line 78.


LaTeX Warning: Reference `def:mean_tree' on page 183 undefined on input line 91
.


LaTeX Warning: Reference `lem:weighted_geometric_mean_vertex' on page 183 undef
ined on input line 99.


LaTeX Warning: Reference `def:mean_tree' on page 183 undefined on input line 10
8.


LaTeX Warning: Reference `lem:weighted_geometric_mean_vertex' on page 183 undef
ined on input line 128.


LaTeX Warning: Reference `lem:mean_tree_weights' on page 183 undefined on input
 line 128.


LaTeX Warning: Reference `lem:weighted_geometric_mean_vertex' on page 183 undef
ined on input line 131.


LaTeX Warning: Reference `lem:weighted_geometric_mean_vertex' on page 183 undef
ined on input line 146.

[183]

LaTeX Warning: Reference `def:weighted_geometric_mean' on page 184 undefined on
 input line 190.


LaTeX Warning: Reference `lem:rpow_frechet_derivative' on page 184 undefined on
 input line 190.


LaTeX Warning: Reference `lem:weighted_geometric_mean_vertex' on page 184 undef
ined on input line 198.


Overfull \hbox (13.00826pt too wide) in paragraph at lines 197--206
[] [][][] []\TU/lmr/m/n/10 By the chain rule, $[][][][][][] [] [][][][][][][][]
[][][][][][][][]$ with $[] [] [][][][][]$,

LaTeX Warning: Reference `def:mean_tree' on page 184 undefined on input line 21
5.


LaTeX Warning: Reference `lem:mean_vertex_derivative_maps' on page 184 undefine
d on input line 215.


LaTeX Warning: Reference `thm:mean_tree_properties' on page 184 undefined on in
put line 229.


LaTeX Warning: Reference `lem:mean_vertex_derivative_maps' on page 184 undefine
d on input line 232.


LaTeX Warning: Reference `thm:mean_tree_leaf_maps' on page 184 undefined on inp
ut line 243.

[184]

LaTeX Warning: Reference `thm:mean_tree_leaf_maps' on page 185 undefined on inp
ut line 265.


Overfull \hbox (11.05424pt too wide) in paragraph at lines 279--281
\TU/lmr/m/n/10 For $[] [] [] [] [][][]$ let $[][][][][] [] [][][][][][] [][][][
][][]$ with $[][][][][] [] [][]$, and $[][][][][] [] [][][][][][][][][][][][][]
[] []

LaTeX Warning: Reference `lem:sinh_ratio_density_elementary' on page 185 undefi
ned on input line 289.


LaTeX Warning: Reference `lem:rectangle_simple_poles' on page 185 undefined on 
input line 289.

[185])) (./chapter/ch07_qpf.tex [186]
Chapter 8.

LaTeX Warning: Citation `Wolf2012Quantum' on page 187 undefined on input line 1
2.


LaTeX Warning: Citation `Evans1978Spectral' on page 187 undefined on input line
 13.

(./chapter/ch07_qpf_cesaro_fixed_points.tex

LaTeX Warning: Reference `def:cesaro_mean' on page 187 undefined on input line 
18.


LaTeX Warning: Reference `def:cesaro_mean' on page 187 undefined on input line 
27.


LaTeX Warning: Reference `eq:channel_cesaro_mean' on page 187 undefined on inpu
t line 28.


LaTeX Warning: Reference `eq:channel_cesaro_telescope' on page 187 undefined on
 input line 31.


LaTeX Warning: Citation `Wolf2012Quantum' on page 187 undefined on input line 4
2.


Overfull \hbox (29.7827pt too wide) in paragraph at lines 45--49
[] [][][] \TU/lmr/m/n/10 Pigeonhole principle on the integer lattice of side $[
][]$: the $[][] [] []$ points $[][][][][][][] [] [] [][][][][][]$

LaTeX Warning: Reference `lem:dirichlet_simultaneous' on page 187 undefined on 
input line 57.


LaTeX Warning: Reference `lem:dirichlet_simultaneous' on page 187 undefined on 
input line 64.

[187]

LaTeX Warning: Citation `Wolf2012Quantum' on page 188 undefined on input line 8
0.


LaTeX Warning: Citation `Wolf2012Quantum' on page 188 undefined on input line 8
1.


LaTeX Warning: Reference `def:peripheral_spectral_splitting' on page 188 undefi
ned on input line 88.


LaTeX Warning: Reference `def:peripheral_spectral_splitting' on page 188 undefi
ned on input line 96.


LaTeX Warning: Reference `thm:pow-on-eigenspace' on page 188 undefined on input
 line 152.


LaTeX Warning: Reference `thm:pow-on-eigenspace' on page 188 undefined on input
 line 154.


LaTeX Warning: Reference `def:peripheral_spectral_splitting' on page 188 undefi
ned on input line 165.


LaTeX Warning: Reference `thm:peripheral_spectral_complementarity' on page 188 
undefined on input line 165.


LaTeX Warning: Reference `def:peripheral_spectral_projections' on page 188 unde
fined on input line 181.


LaTeX Warning: Citation `Wolf2012Quantum' on page 188 undefined on input line 1
89.

[188]

LaTeX Warning: Reference `cor:dirichlet_phase_recurrence' on page 189 undefined
 on input line 202.


LaTeX Warning: Reference `def:peripheral_spectral_projections' on page 189 unde
fined on input line 202.


LaTeX Warning: Reference `thm:peripheral_jordan_trivial' on page 189 undefined 
on input line 202.


LaTeX Warning: Reference `thm:positive_trace_preserving_mean_ergodic_projection
' on page 189 undefined on input line 202.


LaTeX Warning: Citation `Wolf2012Quantum' on page 189 undefined on input line 2
06.


LaTeX Warning: Reference `cor:dirichlet_phase_recurrence' on page 189 undefined
 on input line 214.


LaTeX Warning: Reference `def:peripheral_spectral_projections' on page 189 unde
fined on input line 214.


LaTeX Warning: Reference `lem:non_peripheral_pow_vanishing' on page 189 undefin
ed on input line 214.


LaTeX Warning: Reference `thm:peripheral_jordan_trivial' on page 189 undefined 
on input line 214.


LaTeX Warning: Reference `thm:positive_trace_preserving_mean_ergodic_projection
' on page 189 undefined on input line 214.


LaTeX Warning: Reference `thm:peripheral_jordan_trivial' on page 189 undefined 
on input line 223.


LaTeX Warning: Reference `def:peripheral_spectral_projections' on page 189 unde
fined on input line 235.


LaTeX Warning: Citation `Wolf2012Quantum' on page 189 undefined on input line 2
40.


LaTeX Warning: Reference `thm:peripheral_projection_recurrent_subsequence' on p
age 189 undefined on input line 249.


LaTeX Warning: Reference `thm:peripheral_spectral_projection_properties' on pag
e 189 undefined on input line 249.


LaTeX Warning: Reference `lem:non_peripheral_pow_vanishing' on page 189 undefin
ed on input line 249.


LaTeX Warning: Reference `thm:positive_trace_preserving_mean_ergodic_projection
' on page 189 undefined on input line 249.


LaTeX Warning: Reference `thm:peripheral_projection_recurrent_subsequence' on p
age 189 undefined on input line 252.


LaTeX Warning: Reference `lem:non_peripheral_pow_vanishing' on page 189 undefin
ed on input line 256.


LaTeX Warning: Reference `thm:peripheral_projection_recurrent_subsequence' on p
age 189 undefined on input line 275.


LaTeX Warning: Reference `def:peripheral_spectral_projections' on page 189 unde
fined on input line 275.


LaTeX Warning: Citation `Wolf2012Quantum' on page 189 undefined on input line 2
81.


LaTeX Warning: Reference `thm:peripheral_projection_recurrent_subsequence' on p
age 189 undefined on input line 286.

[189]

LaTeX Warning: Reference `def:cp_map' on page 190 undefined on input line 318.


LaTeX Warning: Reference `thm:cp_iff_choi_posSemidef' on page 190 undefined on 
input line 318.


LaTeX Warning: Reference `def:cp_map' on page 190 undefined on input line 326.


LaTeX Warning: Reference `def:choi_matrix' on page 190 undefined on input line 
326.


LaTeX Warning: Reference `thm:cp_iff_choi_posSemidef' on page 190 undefined on 
input line 326.


LaTeX Warning: Reference `thm:cp_iff_choi_posSemidef' on page 190 undefined on 
input line 327.


LaTeX Warning: Reference `def:cp_map' on page 190 undefined on input line 343.


LaTeX Warning: Reference `def:has_bounded_orbits' on page 190 undefined on inpu
t line 343.


LaTeX Warning: Reference `def:mean_ergodic_projection' on page 190 undefined on
 input line 343.


LaTeX Warning: Reference `thm:mean_ergodic_bounded_orbits' on page 190 undefine
d on input line 343.


LaTeX Warning: Reference `thm:positive_trace_preserving_mean_ergodic_projection
' on page 190 undefined on input line 343.


LaTeX Warning: Citation `Wolf2012Quantum' on page 190 undefined on input line 3
46.


LaTeX Warning: Reference `cor:peripheral_projection_channel' on page 190 undefi
ned on input line 350.


LaTeX Warning: Citation `Wolf2012Quantum' on page 190 undefined on input line 3
51.


LaTeX Warning: Reference `def:mean_ergodic_projection' on page 190 undefined on
 input line 361.


LaTeX Warning: Reference `thm:mean_ergodic_bounded_orbits' on page 190 undefine
d on input line 361.


LaTeX Warning: Reference `thm:positive_trace_preserving_mean_ergodic_projection
' on page 190 undefined on input line 361.


LaTeX Warning: Reference `thm:trace_preserving_mean_ergodic_projection' on page
 190 undefined on input line 361.


LaTeX Warning: Reference `lem:tendsto_clm_of_tendsto_apply' on page 190 undefin
ed on input line 361.


LaTeX Warning: Reference `lem:cp_maps_closed' on page 190 undefined on input li
ne 361.


LaTeX Warning: Reference `eq:channel_mean_ergodic_limit' on page 190 undefined 
on input line 370.


LaTeX Warning: Reference `lem:tendsto_clm_of_tendsto_apply' on page 190 undefin
ed on input line 374.


LaTeX Warning: Reference `lem:cp_maps_closed' on page 190 undefined on input li
ne 378.


LaTeX Warning: Reference `thm:trace_preserving_mean_ergodic_projection' on page
 190 undefined on input line 380.


LaTeX Warning: Reference `thm:positive_trace_preserving_mean_ergodic_projection
' on page 190 undefined on input line 382.


LaTeX Warning: Reference `thm:peripheral_projection_recurrent_subsequence' on p
age 190 undefined on input line 393.


LaTeX Warning: Reference `def:peripheral_spectral_projections' on page 190 unde
fined on input line 393.


LaTeX Warning: Reference `def:mean_ergodic_projection' on page 190 undefined on
 input line 393.


LaTeX Warning: Reference `thm:mean_ergodic_bounded_orbits' on page 190 undefine
d on input line 393.


LaTeX Warning: Reference `thm:positive_trace_preserving_mean_ergodic_projection
' on page 190 undefined on input line 393.


LaTeX Warning: Citation `Wolf2012Quantum' on page 190 undefined on input line 4
00.


LaTeX Warning: Reference `thm:peripheral_projection_recurrent_subsequence' on p
age 190 undefined on input line 407.


LaTeX Warning: Reference `def:mean_ergodic_projection' on page 190 undefined on
 input line 407.


LaTeX Warning: Reference `thm:mean_ergodic_bounded_orbits' on page 190 undefine
d on input line 407.


LaTeX Warning: Reference `thm:positive_trace_preserving_mean_ergodic_projection
' on page 190 undefined on input line 407.


LaTeX Warning: Reference `def:peripheral_spectral_projections' on page 190 unde
fined on input line 423.

[190]

LaTeX Warning: Citation `Wolf2012Quantum' on page 191 undefined on input line 4
38.


LaTeX Warning: Reference `def:peripheral_spectral_projections' on page 191 unde
fined on input line 446.


LaTeX Warning: Reference `thm:peripheral_spectral_projection_properties' on pag
e 191 undefined on input line 446.


LaTeX Warning: Reference `thm:peripheral_jordan_trivial' on page 191 undefined 
on input line 446.


LaTeX Warning: Reference `cor:peripheral_projection_channel' on page 191 undefi
ned on input line 446.


LaTeX Warning: Reference `cor:stationary_density_span' on page 191 undefined on
 input line 446.


LaTeX Warning: Reference `eq:channel_asymptotic_fixed_points' on page 191 undef
ined on input line 461.


LaTeX Warning: Reference `thm:peripheral_jordan_trivial' on page 191 undefined 
on input line 464.


LaTeX Warning: Reference `eq:channel_asymptotic_eigenspace_sum' on page 191 und
efined on input line 465.


LaTeX Warning: Reference `eq:channel_asymptotic_definition' on page 191 undefin
ed on input line 466.


LaTeX Warning: Reference `def:channel' on page 191 undefined on input line 490.



LaTeX Warning: Reference `def:density_matrices' on page 191 undefined on input 
line 490.


LaTeX Warning: Reference `def:cesaro_mean' on page 191 undefined on input line 
490.


LaTeX Warning: Reference `thm:density_nonempty' on page 191 undefined on input 
line 499.


LaTeX Warning: Reference `lem:cesaro_mean_density' on page 191 undefined on inp
ut line 499.


LaTeX Warning: Reference `thm:cesaro_telescope' on page 191 undefined on input 
line 499.


LaTeX Warning: Reference `thm:density_nonempty' on page 191 undefined on input 
line 501.


LaTeX Warning: Reference `lem:cesaro_mean_density' on page 191 undefined on inp
ut line 502.


LaTeX Warning: Reference `eq:channel_cesaro_telescope' on page 191 undefined on
 input line 505.


LaTeX Warning: Citation `Wolf2012Quantum' on page 191 undefined on input line 5
15.

) (./chapter/ch07_qpf_weighted_cesaro.tex [191]

LaTeX Warning: Citation `Wolf2012Quantum' on page 192 undefined on input line 6
4.


LaTeX Warning: Reference `def:weighted_cesaro_mean' on page 192 undefined on in
put line 72.


LaTeX Warning: Reference `lem:unit_modulus_phase_cesaro' on page 192 undefined 
on input line 85.


LaTeX Warning: Reference `lem:cesaro_mean_of_null_sequence' on page 192 undefin
ed on input line 85.


LaTeX Warning: Reference `eq:unit_modulus_phase_cesaro' on page 192 undefined o
n input line 91.


LaTeX Warning: Reference `def:peripheral_spectral_projections' on page 192 unde
fined on input line 105.


LaTeX Warning: Reference `def:weighted_cesaro_mean' on page 192 undefined on in
put line 105.

[192]

LaTeX Warning: Citation `Wolf2012Quantum' on page 193 undefined on input line 1
16.


LaTeX Warning: Reference `def:peripheral_spectral_splitting' on page 193 undefi
ned on input line 134.


LaTeX Warning: Reference `lem:non_peripheral_pow_vanishing' on page 193 undefin
ed on input line 134.


LaTeX Warning: Reference `thm:peripheral_spectral_complementarity' on page 193 
undefined on input line 134.


LaTeX Warning: Reference `thm:peripheral_jordan_trivial' on page 193 undefined 
on input line 134.


LaTeX Warning: Reference `thm:positive_trace_preserving_mean_ergodic_projection
' on page 193 undefined on input line 134.


LaTeX Warning: Reference `lem:weighted_cesaro_mean_on_splitting' on page 193 un
defined on input line 134.


LaTeX Warning: Reference `lem:tendsto_clm_of_tendsto_apply' on page 193 undefin
ed on input line 134.


LaTeX Warning: Reference `lem:weighted_cesaro_mean_on_splitting' on page 193 un
defined on input line 141.

)

LaTeX Warning: Reference `def:positive_map' on page 193 undefined on input line
 25.


LaTeX Warning: Reference `def:irreducible_cp' on page 193 undefined on input li
ne 25.


LaTeX Warning: Citation `Wolf2012Quantum' on page 193 undefined on input line 3
4.


LaTeX Warning: Reference `eq:qpf_growth_pd' on page 193 undefined on input line
 70.


LaTeX Warning: Reference `def:positive_map' on page 193 undefined on input line
 78.


LaTeX Warning: Reference `def:irreducible_cp' on page 193 undefined on input li
ne 78.

[193]

LaTeX Warning: Reference `thm:growth_pd_irred' on page 194 undefined on input l
ine 93.


LaTeX Warning: Reference `def:positive_map' on page 194 undefined on input line
 104.


LaTeX Warning: Reference `def:irreducible_cp' on page 194 undefined on input li
ne 104.


LaTeX Warning: Reference `thm:kernel_inclusion_pd_irred' on page 194 undefined 
on input line 113.


LaTeX Warning: Reference `thm:kernel_inclusion_pd_irred' on page 194 undefined 
on input line 116.


LaTeX Warning: Reference `def:kraus_map' on page 194 undefined on input line 14
2.


LaTeX Warning: Reference `def:support_proj' on page 194 undefined on input line
 142.


LaTeX Warning: Reference `def:kraus_map' on page 194 undefined on input line 16
7.


LaTeX Warning: Reference `def:kraus_map' on page 194 undefined on input line 19
0.

[194]

LaTeX Warning: Reference `def:cp_map' on page 195 undefined on input line 222.


LaTeX Warning: Reference `def:support_proj' on page 195 undefined on input line
 222.


LaTeX Warning: Reference `thm:kraus_fixed_support_lower_zero' on page 195 undef
ined on input line 237.


LaTeX Warning: Reference `thm:kraus_lower_zero_invariant_compression' on page 1
95 undefined on input line 237.


LaTeX Warning: Reference `eq:cp_fixed_support_invariant' on page 195 undefined 
on input line 240.


LaTeX Warning: Reference `def:support_proj' on page 195 undefined on input line
 247.


LaTeX Warning: Reference `def:support_proj' on page 195 undefined on input line
 260.


LaTeX Warning: Reference `def:cp_map' on page 195 undefined on input line 275.


LaTeX Warning: Reference `def:irreducible_cp' on page 195 undefined on input li
ne 275.


LaTeX Warning: Reference `thm:cp_fixed_support_invariant' on page 195 undefined
 on input line 283.


LaTeX Warning: Reference `thm:nonzero_psd_support' on page 195 undefined on inp
ut line 283.


LaTeX Warning: Reference `thm:full_support_posdef' on page 195 undefined on inp
ut line 283.


LaTeX Warning: Reference `thm:cp_fixed_support_invariant' on page 195 undefined
 on input line 285.


LaTeX Warning: Reference `thm:nonzero_psd_support' on page 195 undefined on inp
ut line 287.


LaTeX Warning: Reference `thm:full_support_posdef' on page 195 undefined on inp
ut line 288.


LaTeX Warning: Reference `def:transfer_map' on page 195 undefined on input line
 296.


LaTeX Warning: Reference `def:irreducible_cp' on page 195 undefined on input li
ne 296.


LaTeX Warning: Reference `thm:transfer_cp' on page 195 undefined on input line 
304.


LaTeX Warning: Reference `thm:psd_fp_pd_irred' on page 195 undefined on input l
ine 304.


LaTeX Warning: Reference `thm:psd_fp_pd_irred' on page 195 undefined on input l
ine 306.


LaTeX Warning: Reference `def:injective' on page 195 undefined on input line 31
3.


LaTeX Warning: Reference `def:transfer_map' on page 195 undefined on input line
 313.


LaTeX Warning: Reference `thm:injective_irreducible' on page 195 undefined on i
nput line 320.


LaTeX Warning: Reference `thm:transfer_psd_fp_pd_irred' on page 195 undefined o
n input line 320.


LaTeX Warning: Reference `thm:transfer_psd_fp_pd_irred' on page 195 undefined o
n input line 322.


LaTeX Warning: Reference `def:positive_map' on page 195 undefined on input line
 330.


LaTeX Warning: Reference `def:irreducible_cp' on page 195 undefined on input li
ne 330.

[195]

LaTeX Warning: Reference `thm:growth_pd_irred' on page 196 undefined on input l
ine 340.


LaTeX Warning: Reference `thm:growth_pd_irred' on page 196 undefined on input l
ine 341.


LaTeX Warning: Citation `Wolf2012Quantum' on page 196 undefined on input line 3
57.


LaTeX Warning: Reference `lem:critical_scalar_posdef' on page 196 undefined on 
input line 391.


LaTeX Warning: Reference `lem:critical_scalar_posdef' on page 196 undefined on 
input line 392.


LaTeX Warning: Reference `def:cp_map' on page 196 undefined on input line 402.


LaTeX Warning: Reference `def:irreducible_cp' on page 196 undefined on input li
ne 402.


LaTeX Warning: Reference `thm:psd_fp_pd_irred' on page 196 undefined on input l
ine 409.


LaTeX Warning: Reference `thm:posdef_fixedpoint_proportional' on page 196 undef
ined on input line 409.


LaTeX Warning: Reference `thm:psd_fp_pd_irred' on page 196 undefined on input l
ine 411.


LaTeX Warning: Reference `thm:posdef_fixedpoint_proportional' on page 196 undef
ined on input line 414.


LaTeX Warning: Reference `def:irreducible_cp' on page 196 undefined on input li
ne 421.


LaTeX Warning: Reference `def:transfer_map' on page 196 undefined on input line
 421.


LaTeX Warning: Reference `thm:transfer_cp' on page 196 undefined on input line 
428.


LaTeX Warning: Reference `thm:psd_fp_unique_irred_cp' on page 196 undefined on 
input line 428.


LaTeX Warning: Reference `thm:psd_fp_unique_irred_cp' on page 196 undefined on 
input line 430.


LaTeX Warning: Reference `def:injective' on page 196 undefined on input line 43
7.


LaTeX Warning: Reference `def:transfer_map' on page 196 undefined on input line
 437.

[196]

LaTeX Warning: Reference `thm:injective_irreducible' on page 197 undefined on i
nput line 443.


LaTeX Warning: Reference `thm:psd_fp_unique_irred' on page 197 undefined on inp
ut line 443.


LaTeX Warning: Reference `thm:psd_fp_unique_irred' on page 197 undefined on inp
ut line 445.


LaTeX Warning: Reference `def:irreducible_cp' on page 197 undefined on input li
ne 452.


LaTeX Warning: Reference `thm:pf_eigenvector_existence' on page 197 undefined o
n input line 463.


LaTeX Warning: Reference `thm:psd_eigenvector_pd_irred' on page 197 undefined o
n input line 463.


LaTeX Warning: Reference `thm:pf_eigenvector_existence' on page 197 undefined o
n input line 469.


LaTeX Warning: Reference `thm:psd_eigenvector_pd_irred' on page 197 undefined o
n input line 471.


LaTeX Warning: Reference `eq:schwarz_trace_adjoint_pairing' on page 197 undefin
ed on input line 475.


LaTeX Warning: Citation `Wolf2012Quantum' on page 197 undefined on input line 4
88.


LaTeX Warning: Reference `def:irreducible_cp' on page 197 undefined on input li
ne 497.


LaTeX Warning: Citation `Wolf2012Quantum' on page 197 undefined on input line 5
04.


LaTeX Warning: Reference `thm:irred_map_smul' on page 197 undefined on input li
ne 508.


LaTeX Warning: Reference `thm:psd_fp_unique_irred_cp' on page 197 undefined on 
input line 508.


LaTeX Warning: Reference `thm:psd_fp_unique_irred_cp' on page 197 undefined on 
input line 512.


LaTeX Warning: Reference `def:transfer_map' on page 197 undefined on input line
 521.


LaTeX Warning: Reference `thm:transfer_channel' on page 197 undefined on input 
line 531.


LaTeX Warning: Reference `thm:cesaro_fixedpoint' on page 197 undefined on input
 line 531.


LaTeX Warning: Reference `thm:transfer_channel' on page 197 undefined on input 
line 534.


LaTeX Warning: Reference `thm:cesaro_fixedpoint' on page 197 undefined on input
 line 536.


LaTeX Warning: Reference `def:injective' on page 197 undefined on input line 54
3.


LaTeX Warning: Reference `def:transfer_map' on page 197 undefined on input line
 543.


LaTeX Warning: Reference `thm:psd_fp_exists' on page 197 undefined on input lin
e 552.


LaTeX Warning: Reference `thm:psd_fp_pd' on page 197 undefined on input line 55
2.


LaTeX Warning: Reference `thm:psd_fp_unique' on page 197 undefined on input lin
e 552.


LaTeX Warning: Reference `thm:psd_fp_exists' on page 197 undefined on input lin
e 553.


LaTeX Warning: Reference `thm:psd_fp_pd' on page 197 undefined on input line 55
3.


LaTeX Warning: Reference `thm:psd_fp_unique' on page 197 undefined on input lin
e 554.


LaTeX Warning: Reference `def:irreducible_cp' on page 197 undefined on input li
ne 561.


LaTeX Warning: Reference `def:transfer_map' on page 197 undefined on input line
 561.


LaTeX Warning: Reference `thm:psd_fp_exists' on page 197 undefined on input lin
e 571.


LaTeX Warning: Reference `thm:transfer_psd_fp_pd_irred' on page 197 undefined o
n input line 571.


LaTeX Warning: Reference `thm:psd_fp_unique_irred' on page 197 undefined on inp
ut line 571.


LaTeX Warning: Reference `thm:psd_fp_exists' on page 197 undefined on input lin
e 573.


LaTeX Warning: Reference `thm:psd_fp_unique_irred' on page 197 undefined on inp
ut line 574.

[197]

LaTeX Warning: Reference `sec:app_qpf_gauge' on page 198 undefined on input lin
e 597.


LaTeX Warning: Reference `def:tp_kraus' on page 198 undefined on input line 603
.


LaTeX Warning: Reference `sec:app_qpf_gauge' on page 198 undefined on input lin
e 620.


LaTeX Warning: Reference `def:irreducible_cp' on page 198 undefined on input li
ne 630.


LaTeX Warning: Reference `def:irreducible_cp' on page 198 undefined on input li
ne 645.


LaTeX Warning: Citation `Wolf2012Quantum' on page 198 undefined on input line 6
54.


LaTeX Warning: Reference `def:irreducible_cp' on page 198 undefined on input li
ne 664.


LaTeX Warning: Citation `Wolf2012Quantum' on page 198 undefined on input line 6
68.


LaTeX Warning: Citation `Wolf2012Quantum' on page 198 undefined on input line 6
84.


LaTeX Warning: Citation `Evans1978Spectral' on page 198 undefined on input line
 685.


LaTeX Warning: Citation `Wolf2012Quantum' on page 198 undefined on input line 6
86.


LaTeX Warning: Citation `Cirac2016MPDO_arXiv' on page 198 undefined on input li
ne 687.

[198]

LaTeX Warning: Reference `def:positive_map' on page 199 undefined on input line
 693.


LaTeX Warning: Citation `Wolf2012Quantum' on page 199 undefined on input line 7
03.


LaTeX Warning: Reference `thm:pf_eigenvector_existence' on page 199 undefined o
n input line 708.


LaTeX Warning: Reference `thm:pf_eigenvector_existence' on page 199 undefined o
n input line 711.


LaTeX Warning: Reference `eq:qpf_general_psd_eigenvector' on page 199 undefined
 on input line 712.


LaTeX Warning: Reference `def:positive_map' on page 199 undefined on input line
 719.


LaTeX Warning: Reference `thm:brouwer_density_matrices' on page 199 undefined o
n input line 727.


LaTeX Warning: Reference `thm:brouwer_density_matrices' on page 199 undefined o
n input line 735.


LaTeX Warning: Reference `thm:pf_eigenvector_existence_general' on page 199 und
efined on input line 739.


LaTeX Warning: Reference `def:positive_map' on page 199 undefined on input line
 747.


LaTeX Warning: Reference `def:trace_preserving' on page 199 undefined on input 
line 747.


LaTeX Warning: Reference `def:unital_linear_map' on page 199 undefined on input
 line 747.


LaTeX Warning: Citation `Wolf2012Quantum' on page 199 undefined on input line 7
51.


LaTeX Warning: Reference `thm:positive_trace_nonincreasing_bounded_orbits' on p
age 199 undefined on input line 756.


LaTeX Warning: Reference `thm:positive_unital_bounded_orbits' on page 199 undef
ined on input line 756.


LaTeX Warning: Reference `def:density_matrices' on page 199 undefined on input 
line 776.


LaTeX Warning: Reference `eq:qpf_cw_values' on page 199 undefined on input line
 792.


LaTeX Warning: Citation `Wolf2012Quantum' on page 199 undefined on input line 7
94.

[199]

LaTeX Warning: Reference `def:collatz_wielandt_feasible' on page 200 undefined 
on input line 816.


LaTeX Warning: Reference `eq:qpf_cw_sets' on page 200 undefined on input line 8
23.


LaTeX Warning: Reference `def:collatz_wielandt_feasible' on page 200 undefined 
on input line 832.


LaTeX Warning: Reference `eq:qpf_cw_pointwise_order' on page 200 undefined on i
nput line 846.


LaTeX Warning: Reference `def:collatz_wielandt_feasible' on page 200 undefined 
on input line 854.


LaTeX Warning: Reference `thm:collatz_wielandt_pointwise_order' on page 200 und
efined on input line 865.


LaTeX Warning: Reference `eq:qpf_cw_sets' on page 200 undefined on input line 8
66.


LaTeX Warning: Reference `thm:collatz_wielandt_pointwise_order' on page 200 und
efined on input line 868.


LaTeX Warning: Reference `def:positive_map' on page 200 undefined on input line
 876.


LaTeX Warning: Reference `def:irreducible_cp' on page 200 undefined on input li
ne 876.


LaTeX Warning: Citation `Wolf2012Quantum' on page 200 undefined on input line 8
80.


LaTeX Warning: Reference `def:positive_map' on page 200 undefined on input line
 909.


LaTeX Warning: Reference `def:irreducible_cp' on page 200 undefined on input li
ne 909.


LaTeX Warning: Reference `def:collatz_wielandt_feasible' on page 200 undefined 
on input line 909.

[200]

LaTeX Warning: Citation `Wolf2012Quantum' on page 201 undefined on input line 9
26.


LaTeX Warning: Reference `thm:growth_pd_irred' on page 201 undefined on input l
ine 939.


LaTeX Warning: Reference `thm:collatz_wielandt_eigenvector' on page 201 undefin
ed on input line 939.


LaTeX Warning: Reference `thm:trace_adjoint_irreducible_positive' on page 201 u
ndefined on input line 939.


LaTeX Warning: Reference `thm:spectral_radius_pf_irred' on page 201 undefined o
n input line 939.


LaTeX Warning: Reference `thm:growth_pd_irred' on page 201 undefined on input l
ine 956.


LaTeX Warning: Reference `thm:trace_adjoint_irreducible_positive' on page 201 u
ndefined on input line 978.


LaTeX Warning: Reference `eq:qpf_cw_sets' on page 201 undefined on input line 9
91.


LaTeX Warning: Reference `thm:positive_unital_spectral_radius' on page 201 unde
fined on input line 1003.

[201]

LaTeX Warning: Reference `def:positive_map' on page 202 undefined on input line
 1019.


LaTeX Warning: Citation `Wolf2012Quantum' on page 202 undefined on input line 1
024.


LaTeX Warning: Reference `thm:positive_unital_spectral_radius' on page 202 unde
fined on input line 1028.


LaTeX Warning: Reference `eq:qpf_cw_unital_similarity' on page 202 undefined on
 input line 1029.


LaTeX Warning: Reference `thm:positive_unital_spectral_radius' on page 202 unde
fined on input line 1031.


LaTeX Warning: Reference `def:positive_map' on page 202 undefined on input line
 1038.


LaTeX Warning: Reference `def:trace_preserving' on page 202 undefined on input 
line 1038.


LaTeX Warning: Citation `Wolf2012Quantum' on page 202 undefined on input line 1
042.


Overfull \hbox (2.23955pt too wide) in paragraph at lines 1037--1043
[][]\TU/lmr/bx/n/10 Theorem 8.9.8 \TU/lmr/m/n/10 (Eigenvalue $[]$ for positive 
trace-preserving maps)\TU/lmr/bx/n/10 . [][][] [][][] [][] [][][] [][]\TU/lmr/m
/it/10 Let $[] [] [][][][][] []

LaTeX Warning: Reference `thm:pf_eigenvector_existence' on page 202 undefined o
n input line 1046.


LaTeX Warning: Reference `thm:pf_eigenvector_existence' on page 202 undefined o
n input line 1048.


LaTeX Warning: Reference `def:vector_spread_span' on page 202 undefined on inpu
t line 1078.


LaTeX Warning: Reference `def:kraus_exact_word_span' on page 202 undefined on i
nput line 1078.


LaTeX Warning: Reference `def:kraus_map' on page 202 undefined on input line 10
78.


LaTeX Warning: Reference `def:choi_matrix' on page 202 undefined on input line 
1078.


LaTeX Warning: Citation `Wolf2012Quantum' on page 202 undefined on input line 1
085.


LaTeX Warning: Reference `def:wolf_6_8_explicit_thresholds' on page 202 undefin
ed on input line 1096.


LaTeX Warning: Reference `def:kraus_eventually_full_vector_spread' on page 202 
undefined on input line 1096.


LaTeX Warning: Reference `def:kraus_eventually_full_word_span' on page 202 unde
fined on input line 1096.


LaTeX Warning: Reference `def:tp_kraus' on page 202 undefined on input line 112
8.


LaTeX Warning: Reference `def:irreducible_cp' on page 202 undefined on input li
ne 1128.


LaTeX Warning: Reference `def:primitive_channel' on page 202 undefined on input
 line 1128.


LaTeX Warning: Reference `def:wolf_6_8_explicit_thresholds' on page 202 undefin
ed on input line 1128.

[202]

LaTeX Warning: Citation `Wolf2012Quantum' on page 203 undefined on input line 1
143.


LaTeX Warning: Reference `thm:wolf_6_8_eventual_thresholds' on page 203 undefin
ed on input line 1155.


LaTeX Warning: Reference `thm:kraus_primitive_irreducible_eventual_span_choi' o
n page 203 undefined on input line 1155.


LaTeX Warning: Reference `thm:kraus_iterate_choi_posdef_iff_word_span' on page 
203 undefined on input line 1155.


LaTeX Warning: Reference `thm:kraus_vector_spread_of_word_span' on page 203 und
efined on input line 1155.


LaTeX Warning: Reference `thm:kraus_irreducible_from_spreading' on page 203 und
efined on input line 1155.


LaTeX Warning: Reference `thm:kraus_primitive_from_tp_spreading' on page 203 un
defined on input line 1155.


LaTeX Warning: Citation `Wolf2012Quantum' on page 203 undefined on input line 1
183.


LaTeX Warning: Reference `thm:brouwer_compact_retract' on page 203 undefined on
 input line 1188.


LaTeX Warning: Reference `thm:brouwer_compact_retract' on page 203 undefined on
 input line 1193.


LaTeX Warning: Reference `def:density_matrices' on page 203 undefined on input 
line 1201.


LaTeX Warning: Reference `thm:brouwer_density_matrices' on page 203 undefined o
n input line 1201.


LaTeX Warning: Reference `thm:brouwer_density_matrices' on page 203 undefined o
n input line 1214.


LaTeX Warning: Reference `thm:brouwer_density_matrices' on page 203 undefined o
n input line 1218.


LaTeX Warning: Reference `thm:brouwer_density_matrices' on page 203 undefined o
n input line 1221.


LaTeX Warning: Reference `def:positive_map' on page 203 undefined on input line
 1232.


LaTeX Warning: Reference `def:channel' on page 203 undefined on input line 1232
.


Overfull \hbox (5.01353pt too wide) in paragraph at lines 1228--1243
[][]\TU/lmr/bx/n/10 Theorem 8.12.1 \TU/lmr/m/n/10 (Positive fixed-point decompo
sition)\TU/lmr/bx/n/10 . [][][] [][][] [][] [][] [][][] [][] [][] [][][] [][] [
][][] [][]\TU/lmr/m/it/10 Let $[] [] [] [][][][][] []
[203]

LaTeX Warning: Reference `def:positive_map' on page 204 undefined on input line
 1248.


LaTeX Warning: Reference `thm:positive_fixedpoint_decomp' on page 204 undefined
 on input line 1264.


LaTeX Warning: Reference `thm:positive_fixedpoint_decomp' on page 204 undefined
 on input line 1276.


LaTeX Warning: Reference `thm:positive_fixedpoint_decomp' on page 204 undefined
 on input line 1277.

(./chapter/ch07_qpf_irreducibility_and_ergodicity.tex

LaTeX Warning: Reference `def:positive_map' on page 204 undefined on input line
 9.


LaTeX Warning: Reference `def:irreducible_cp' on page 204 undefined on input li
ne 9.


LaTeX Warning: Citation `Wolf2012Quantum' on page 204 undefined on input line 1
9.


LaTeX Warning: Reference `thm:exp_truncation_pd_irred' on page 204 undefined on
 input line 26.


LaTeX Warning: Reference `thm:exp_truncation_pd_irred' on page 204 undefined on
 input line 27.


LaTeX Warning: Reference `eq:qpf_exp_positive' on page 204 undefined on input l
ine 28.


LaTeX Warning: Reference `def:positive_map' on page 204 undefined on input line
 40.


LaTeX Warning: Reference `def:irreducible_cp' on page 204 undefined on input li
ne 40.


LaTeX Warning: Citation `Wolf2012Quantum' on page 204 undefined on input line 4
5.


LaTeX Warning: Reference `thm:exp_pd_irred' on page 204 undefined on input line
 46.


LaTeX Warning: Reference `thm:exp_pd_irred' on page 204 undefined on input line
 50.


LaTeX Warning: Reference `thm:exp_pd_irred' on page 204 undefined on input line
 51.

[204]

LaTeX Warning: Reference `def:positive_map' on page 205 undefined on input line
 74.


LaTeX Warning: Reference `def:irreducible_cp' on page 205 undefined on input li
ne 74.


LaTeX Warning: Reference `thm:growth_pd_irred' on page 205 undefined on input l
ine 74.


LaTeX Warning: Reference `thm:exp_pd_irred' on page 205 undefined on input line
 74.


LaTeX Warning: Reference `thm:orthogonal_trace_cond' on page 205 undefined on i
nput line 74.


LaTeX Warning: Citation `Wolf2012Quantum' on page 205 undefined on input line 8
9.


LaTeX Warning: Reference `thm:growth_pd_irred' on page 205 undefined on input l
ine 96.


LaTeX Warning: Reference `thm:exp_pd_irred' on page 205 undefined on input line
 96.


LaTeX Warning: Reference `thm:orthogonal_trace_cond' on page 205 undefined on i
nput line 96.


LaTeX Warning: Reference `thm:growth_pd_irred' on page 205 undefined on input l
ine 98.


LaTeX Warning: Reference `thm:orthogonal_trace_cond' on page 205 undefined on i
nput line 106.


LaTeX Warning: Reference `def:channel' on page 205 undefined on input line 119.



LaTeX Warning: Reference `def:irreducible_cp' on page 205 undefined on input li
ne 119.


LaTeX Warning: Citation `Wolf2012Quantum' on page 205 undefined on input line 1
25.


LaTeX Warning: Reference `lem:cesaro_mean_density' on page 205 undefined on inp
ut line 132.


LaTeX Warning: Reference `lem:cesaro_subseq_fixed' on page 205 undefined on inp
ut line 132.


LaTeX Warning: Reference `thm:psd_eigenvector_pd_irred' on page 205 undefined o
n input line 132.


LaTeX Warning: Reference `thm:psd_eigenvector_unique_irred' on page 205 undefin
ed on input line 132.


LaTeX Warning: Reference `eq:channel_cesaro_mean' on page 205 undefined on inpu
t line 133.


LaTeX Warning: Reference `eq:channel_cesaro_telescope' on page 205 undefined on
 input line 136.


LaTeX Warning: Reference `thm:psd_eigenvector_pd_irred' on page 205 undefined o
n input line 137.


LaTeX Warning: Reference `thm:psd_eigenvector_unique_irred' on page 205 undefin
ed on input line 139.


LaTeX Warning: Reference `def:channel' on page 205 undefined on input line 147.



LaTeX Warning: Reference `def:irreducible_cp' on page 205 undefined on input li
ne 147.


LaTeX Warning: Reference `def:cesaro_mean' on page 205 undefined on input line 
147.


LaTeX Warning: Reference `eq:channel_cesaro_mean' on page 205 undefined on inpu
t line 150.


LaTeX Warning: Citation `Wolf2012Quantum' on page 205 undefined on input line 1
53.


LaTeX Warning: Reference `thm:channel_density_fp_irred' on page 205 undefined o
n input line 158.


LaTeX Warning: Reference `thm:channel_density_fp_irred' on page 205 undefined o
n input line 161.

[205]

LaTeX Warning: Reference `def:wolf_spectral_properties' on page 206 undefined o
n input line 191.


LaTeX Warning: Reference `def:positive_map' on page 206 undefined on input line
 191.


LaTeX Warning: Reference `def:irreducible_cp' on page 206 undefined on input li
ne 191.


LaTeX Warning: Reference `def:wolf_spectral_properties' on page 206 undefined o
n input line 194.


LaTeX Warning: Reference `thm:wolf_irreducible_positive_spectral_radius' on pag
e 206 undefined on input line 200.


LaTeX Warning: Reference `thm:trace_adjoint_irreducible_positive' on page 206 u
ndefined on input line 200.


LaTeX Warning: Reference `def:wolf_spectral_properties' on page 206 undefined o
n input line 212.


LaTeX Warning: Reference `def:positive_map' on page 206 undefined on input line
 212.


LaTeX Warning: Reference `def:irreducible_cp' on page 206 undefined on input li
ne 212.


LaTeX Warning: Reference `lem:similarity_irred' on page 206 undefined on input 
line 219.


LaTeX Warning: Reference `lem:cesaro_subseq_fixed' on page 206 undefined on inp
ut line 219.


LaTeX Warning: Reference `eq:qpf_wolf_spectral_eigenvectors' on page 206 undefi
ned on input line 221.


LaTeX Warning: Reference `def:wolf_spectral_properties' on page 206 undefined o
n input line 251.


LaTeX Warning: Reference `def:positive_map' on page 206 undefined on input line
 251.


LaTeX Warning: Reference `def:irreducible_cp' on page 206 undefined on input li
ne 251.


LaTeX Warning: Citation `Wolf2012Quantum' on page 206 undefined on input line 2
54.


LaTeX Warning: Reference `thm:wolf_spectral_properties_irred_positive' on page 
206 undefined on input line 263.


LaTeX Warning: Reference `thm:irred_from_wolf_spectral_properties' on page 206 
undefined on input line 263.


LaTeX Warning: Reference `def:cp_map' on page 206 undefined on input line 273.

[206]

LaTeX Warning: Citation `Wolf2012Quantum' on page 207 undefined on input line 2
89.


LaTeX Warning: Reference `def:has_spectral_properties' on page 207 undefined on
 input line 297.


LaTeX Warning: Reference `def:irreducible_cp' on page 207 undefined on input li
ne 297.


LaTeX Warning: Reference `def:has_spectral_properties' on page 207 undefined on
 input line 299.


LaTeX Warning: Reference `thm:pf_eigenvector_existence' on page 207 undefined o
n input line 305.


LaTeX Warning: Reference `thm:psd_eigenvector_unique_irred' on page 207 undefin
ed on input line 305.


LaTeX Warning: Reference `thm:spectral_radius_pf_irred' on page 207 undefined o
n input line 305.


LaTeX Warning: Reference `thm:spectral_radius_pf_irred' on page 207 undefined o
n input line 309.


LaTeX Warning: Reference `def:has_spectral_properties' on page 207 undefined on
 input line 316.


LaTeX Warning: Reference `def:has_spectral_properties' on page 207 undefined on
 input line 318.


LaTeX Warning: Reference `thm:kraus_tp_gauge_from_adjoint_fixed' on page 207 un
defined on input line 323.


LaTeX Warning: Reference `lem:cesaro_subseq_fixed' on page 207 undefined on inp
ut line 323.


LaTeX Warning: Reference `eq:qpf_spectral_eigenvectors' on page 207 undefined o
n input line 325.


LaTeX Warning: Reference `def:has_spectral_properties' on page 207 undefined on
 input line 330.


LaTeX Warning: Reference `def:has_spectral_properties' on page 207 undefined on
 input line 337.


LaTeX Warning: Reference `def:irreducible_cp' on page 207 undefined on input li
ne 337.


LaTeX Warning: Reference `def:has_spectral_properties' on page 207 undefined on
 input line 340.


LaTeX Warning: Citation `Wolf2012Quantum' on page 207 undefined on input line 3
41.


LaTeX Warning: Reference `thm:has_spectral_properties_irred' on page 207 undefi
ned on input line 349.


LaTeX Warning: Reference `thm:irred_from_spectral_properties' on page 207 undef
ined on input line 349.


LaTeX Warning: Reference `thm:has_spectral_properties_irred' on page 207 undefi
ned on input line 350.


LaTeX Warning: Reference `thm:irred_from_spectral_properties' on page 207 undef
ined on input line 351.

)) (./chapter/ch07_qpf_supporting_results.tex
Overfull \hbox (1.41978pt too wide) in paragraph at lines 6--6
[]\TU/lmr/bx/n/14.4 Density matrices, Brouwer’s theorem, and Cesàro lim-

LaTeX Warning: Reference `def:density_matrices' on page 207 undefined on input 
line 10.

[207]

LaTeX Warning: Reference `def:density_matrices' on page 208 undefined on input 
line 16.


LaTeX Warning: Reference `def:density_matrices' on page 208 undefined on input 
line 34.


LaTeX Warning: Reference `def:density_matrices' on page 208 undefined on input 
line 46.


LaTeX Warning: Reference `def:channel' on page 208 undefined on input line 57.


LaTeX Warning: Reference `def:density_matrices' on page 208 undefined on input 
line 57.


LaTeX Warning: Reference `thm:cp_is_positive' on page 208 undefined on input li
ne 62.


LaTeX Warning: Reference `thm:cp_is_positive' on page 208 undefined on input li
ne 64.


LaTeX Warning: Reference `def:density_matrices' on page 208 undefined on input 
line 90.


LaTeX Warning: Reference `thm:density_compact' on page 208 undefined on input l
ine 90.


LaTeX Warning: Reference `thm:brouwer_compact_retract' on page 208 undefined on
 input line 97.


LaTeX Warning: Reference `thm:brouwer_compact_retract' on page 208 undefined on
 input line 100.


LaTeX Warning: Reference `def:cesaro_mean' on page 208 undefined on input line 
109.


LaTeX Warning: Reference `def:positive_map' on page 208 undefined on input line
 109.


LaTeX Warning: Reference `def:trace_preserving' on page 208 undefined on input 
line 109.


LaTeX Warning: Reference `thm:density_convex' on page 208 undefined on input li
ne 109.


LaTeX Warning: Reference `eq:qpf_cesaro_density' on page 208 undefined on input
 line 122.


LaTeX Warning: Reference `lem:cesaro_mean_density' on page 208 undefined on inp
ut line 133.


LaTeX Warning: Reference `thm:density_compact' on page 208 undefined on input l
ine 133.


LaTeX Warning: Reference `thm:cesaro_telescope' on page 208 undefined on input 
line 133.

[208]

LaTeX Warning: Reference `lem:cesaro_mean_density' on page 209 undefined on inp
ut line 146.


LaTeX Warning: Reference `thm:right_canonical_gauge' on page 209 undefined on i
nput line 163.


LaTeX Warning: Reference `thm:left_canonical_gauge' on page 209 undefined on in
put line 179.


LaTeX Warning: Reference `def:kraus_map' on page 209 undefined on input line 22
0.


LaTeX Warning: Reference `thm:left_canonical_gauge' on page 209 undefined on in
put line 228.

[209]

LaTeX Warning: Reference `def:irreducible_cp' on page 210 undefined on input li
ne 279.


LaTeX Warning: Reference `lem:similarity_irred' on page 210 undefined on input 
line 279.


LaTeX Warning: Reference `lem:similarity_involution' on page 210 undefined on i
nput line 279.


LaTeX Warning: Reference `lem:similarity_irred' on page 210 undefined on input 
line 287.


LaTeX Warning: Reference `lem:similarity_involution' on page 210 undefined on i
nput line 287.


LaTeX Warning: Reference `lem:similarity_irred' on page 210 undefined on input 
line 288.


LaTeX Warning: Reference `eq:qpf_similarity_involution' on page 210 undefined o
n input line 292.


LaTeX Warning: Reference `lem:similarity_irred' on page 210 undefined on input 
line 293.


LaTeX Warning: Reference `def:kraus_map' on page 210 undefined on input line 30
3.


LaTeX Warning: Reference `def:kraus_map' on page 210 undefined on input line 32
3.


LaTeX Warning: Reference `def:kraus_map' on page 210 undefined on input line 33
6.


LaTeX Warning: Reference `def:irreducible_cp' on page 210 undefined on input li
ne 336.

[210]

LaTeX Warning: Reference `thm:kraus_lower_zero_invariant_compression' on page 2
11 undefined on input line 342.


LaTeX Warning: Reference `thm:kraus_lower_zero_invariant_compression' on page 2
11 undefined on input line 346.


LaTeX Warning: Reference `def:kraus_map' on page 211 undefined on input line 35
6.


LaTeX Warning: Reference `def:irreducible_cp' on page 211 undefined on input li
ne 356.


LaTeX Warning: Citation `Wolf2012Quantum' on page 211 undefined on input line 3
68.


LaTeX Warning: Citation `Wolf2012Quantum' on page 211 undefined on input line 3
69.


LaTeX Warning: Reference `thm:pf_eigenvector_existence' on page 211 undefined o
n input line 375.


LaTeX Warning: Reference `thm:adjoint_transfer_ne_zero' on page 211 undefined o
n input line 375.


LaTeX Warning: Reference `thm:psd_eigenvector_pd_irred' on page 211 undefined o
n input line 375.


LaTeX Warning: Reference `thm:kraus_conjTranspose_irreducible' on page 211 unde
fined on input line 375.


LaTeX Warning: Reference `thm:kraus_map_cp' on page 211 undefined on input line
 375.


LaTeX Warning: Reference `thm:kraus_map_cp' on page 211 undefined on input line
 378.


LaTeX Warning: Reference `thm:adjoint_transfer_ne_zero' on page 211 undefined o
n input line 379.


LaTeX Warning: Reference `thm:kraus_conjTranspose_irreducible' on page 211 unde
fined on input line 380.


LaTeX Warning: Reference `thm:pf_eigenvector_existence' on page 211 undefined o
n input line 383.


LaTeX Warning: Reference `thm:psd_eigenvector_pd_irred' on page 211 undefined o
n input line 386.


LaTeX Warning: Reference `thm:spectral_radius_pf_irred' on page 211 undefined o
n input line 394.


LaTeX Warning: Reference `thm:spectral_radius_pf_irred' on page 211 undefined o
n input line 395.


LaTeX Warning: Reference `thm:spectral_radius_pf_irred' on page 211 undefined o
n input line 402.


LaTeX Warning: Reference `def:positive_map' on page 211 undefined on input line
 414.


LaTeX Warning: Reference `def:irreducible_cp' on page 211 undefined on input li
ne 414.


LaTeX Warning: Reference `thm:growth_pd_irred' on page 211 undefined on input l
ine 414.


LaTeX Warning: Citation `Wolf2012Quantum' on page 211 undefined on input line 4
24.


LaTeX Warning: Reference `thm:growth_pd_irred' on page 211 undefined on input l
ine 431.


LaTeX Warning: Reference `eq:qpf_exp_truncation' on page 211 undefined on input
 line 433.


LaTeX Warning: Reference `thm:growth_pd_irred' on page 211 undefined on input l
ine 436.

) (./chapter/ch08_spectral.tex [211]
Chapter 9.

LaTeX Warning: Reference `ch:qpf' on page 212 undefined on input line 11.


LaTeX Warning: Citation `Wolf2012Quantum' on page 212 undefined on input line 1
1.

(./chapter/ch08_spectral_ft_peripheral_cyclic.tex

LaTeX Warning: Citation `Wolf2012Quantum' on page 212 undefined on input line 4
.


LaTeX Warning: Reference `thm:peripheral_cyclic_group' on page 212 undefined on
 input line 10.


LaTeX Warning: Reference `sec:app_spectral_periodicity' on page 212 undefined o
n input line 13.


LaTeX Warning: Reference `def:kraus_map' on page 212 undefined on input line 24
.


LaTeX Warning: Reference `def:kraus_adjoint_map' on page 212 undefined on input
 line 24.


LaTeX Warning: Reference `def:unital_kraus' on page 212 undefined on input line
 24.


LaTeX Warning: Reference `def:irreducible_cp' on page 212 undefined on input li
ne 24.


LaTeX Warning: Reference `def:peripheral_eigenvalues' on page 212 undefined on 
input line 24.


LaTeX Warning: Reference `thm:peripheral_finite' on page 212 undefined on input
 line 36.


LaTeX Warning: Reference `lem:peripheral_mul_closure' on page 212 undefined on 
input line 36.


LaTeX Warning: Reference `lem:peripheral_closed_powers_irred_fp' on page 212 un
defined on input line 36.


LaTeX Warning: Reference `thm:peripheral_roots_irred_fp' on page 212 undefined 
on input line 36.

[212]

LaTeX Warning: Reference `def:kraus_map' on page 213 undefined on input line 71
.


LaTeX Warning: Reference `def:unital_kraus' on page 213 undefined on input line
 71.


LaTeX Warning: Reference `def:kraus_adjoint_map' on page 213 undefined on input
 line 71.


LaTeX Warning: Reference `def:irreducible_cp' on page 213 undefined on input li
ne 71.


LaTeX Warning: Reference `def:peripheral_eigenvalues' on page 213 undefined on 
input line 71.


LaTeX Warning: Reference `thm:one_peripheral' on page 213 undefined on input li
ne 83.


LaTeX Warning: Reference `thm:peripheral_finite' on page 213 undefined on input
 line 83.


LaTeX Warning: Reference `lem:peripheral_closed_under_mul_group' on page 213 un
defined on input line 83.


LaTeX Warning: Reference `lem:peripheral_closed_under_inv_group' on page 213 un
defined on input line 83.


LaTeX Warning: Reference `def:kraus_map' on page 213 undefined on input line 96
.


LaTeX Warning: Reference `def:unital_kraus' on page 213 undefined on input line
 96.


LaTeX Warning: Reference `def:tp_kraus' on page 213 undefined on input line 96.



LaTeX Warning: Reference `def:kraus_adjoint_map' on page 213 undefined on input
 line 96.


LaTeX Warning: Reference `def:irreducible_cp' on page 213 undefined on input li
ne 96.


LaTeX Warning: Reference `def:peripheral_eigenvalues' on page 213 undefined on 
input line 96.


LaTeX Warning: Reference `thm:transfer_peripheral_cyclic_structure' on page 213
 undefined on input line 108.


LaTeX Warning: Reference `thm:cyclic_decomposition_irreducible_schwarz' on page
 213 undefined on input line 108.


LaTeX Warning: Reference `thm:transfer_peripheral_cyclic_structure' on page 213
 undefined on input line 109.


LaTeX Warning: Reference `def:kraus_map' on page 213 undefined on input line 12
2.


LaTeX Warning: Reference `def:unital_kraus' on page 213 undefined on input line
 122.


LaTeX Warning: Reference `def:tp_kraus' on page 213 undefined on input line 122
.


LaTeX Warning: Reference `def:kraus_adjoint_map' on page 213 undefined on input
 line 122.


LaTeX Warning: Reference `def:irreducible_cp' on page 213 undefined on input li
ne 122.


LaTeX Warning: Reference `def:peripheral_eigenvalues' on page 213 undefined on 
input line 122.


LaTeX Warning: Reference `thm:cyclic_decomposition_irreducible_schwarz' on page
 213 undefined on input line 133.


LaTeX Warning: Reference `sec:app_spectral_periodicity' on page 213 undefined o
n input line 152.


LaTeX Warning: Reference `def:kraus_map' on page 213 undefined on input line 15
9.


LaTeX Warning: Reference `def:unital_kraus' on page 213 undefined on input line
 159.


LaTeX Warning: Reference `def:kraus_adjoint_map' on page 213 undefined on input
 line 159.


LaTeX Warning: Reference `def:irreducible_cp' on page 213 undefined on input li
ne 159.


LaTeX Warning: Reference `def:peripheral_eigenvalues' on page 213 undefined on 
input line 159.


LaTeX Warning: Reference `lem:normalized_peripheral_unitary' on page 213 undefi
ned on input line 172.


LaTeX Warning: Reference `lem:peripheral_unitary_powers' on page 213 undefined 
on input line 172.


LaTeX Warning: Reference `lem:cyclic_projections_from_peripheral_unitary' on pa
ge 213 undefined on input line 172.

[213]

LaTeX Warning: Reference `def:kraus_map' on page 214 undefined on input line 18
3.


LaTeX Warning: Reference `def:unital_kraus' on page 214 undefined on input line
 183.


LaTeX Warning: Reference `def:kraus_adjoint_map' on page 214 undefined on input
 line 183.


LaTeX Warning: Reference `def:irreducible_cp' on page 214 undefined on input li
ne 183.


LaTeX Warning: Reference `def:peripheral_eigenvalues' on page 214 undefined on 
input line 183.


LaTeX Warning: Reference `lem:peripheral_unitary_eigenvector' on page 214 undef
ined on input line 194.


LaTeX Warning: Reference `thm:ks_equality_of_peripheral_eigenvector_of_fixedPoi
nt' on page 214 undefined on input line 194.


LaTeX Warning: Reference `thm:right_multiplicative_identity' on page 214 undefi
ned on input line 194.


LaTeX Warning: Reference `lem:irreducible_unital_fixed_points_scalar' on page 2
14 undefined on input line 194.

) (./chapter/ch08_spectral_supporting_results.tex

LaTeX Warning: Reference `sec:peripheral_refinements' on page 214 undefined on 
input line 6.

[214]

LaTeX Warning: Reference `thm:pow_decomp' on page 215 undefined on input line 8
7.


LaTeX Warning: Reference `ch:channels' on page 215 undefined on input line 87.


LaTeX Warning: Reference `def:fixed_point_proj' on page 215 undefined on input 
line 93.


LaTeX Warning: Reference `def:fixed_point_proj' on page 215 undefined on input 
line 116.


LaTeX Warning: Reference `def:irreducible_cp' on page 215 undefined on input li
ne 116.


LaTeX Warning: Reference `def:primitive_channel' on page 215 undefined on input
 line 116.


LaTeX Warning: Reference `thm:primitive_compl_lt_one' on page 215 undefined on 
input line 124.


LaTeX Warning: Reference `thm:spectralRadius_lt_one_of_eigenvalues_lt_one' on p
age 215 undefined on input line 124.


LaTeX Warning: Reference `thm:cyclic_decomposition_irreducible_schwarz' on page
 215 undefined on input line 135.


LaTeX Warning: Reference `thm:peripheral_cyclic_group' on page 215 undefined on
 input line 136.


LaTeX Warning: Reference `thm:channel_period_divides_dim' on page 215 undefined
 on input line 137.


LaTeX Warning: Reference `def:kraus_map' on page 215 undefined on input line 14
6.


LaTeX Warning: Reference `def:unital_kraus' on page 215 undefined on input line
 146.


LaTeX Warning: Reference `def:kraus_adjoint_map' on page 215 undefined on input
 line 146.


LaTeX Warning: Reference `def:irreducible_cp' on page 215 undefined on input li
ne 146.


LaTeX Warning: Reference `thm:ks_equality_of_peripheral_eigenvector_of_fixedPoi
nt' on page 215 undefined on input line 156.


LaTeX Warning: Reference `thm:psd_fp_pd_irred' on page 215 undefined on input l
ine 156.


LaTeX Warning: Reference `eq:schwarz_kadison' on page 215 undefined on input li
ne 158.


LaTeX Warning: Reference `def:kraus_map' on page 215 undefined on input line 17
3.


LaTeX Warning: Reference `def:unital_kraus' on page 215 undefined on input line
 173.


LaTeX Warning: Reference `def:kraus_adjoint_map' on page 215 undefined on input
 line 173.


LaTeX Warning: Reference `def:irreducible_cp' on page 215 undefined on input li
ne 173.


LaTeX Warning: Reference `def:peripheral_eigenvalues' on page 215 undefined on 
input line 173.

[215]

LaTeX Warning: Reference `lem:isUnit_peripheral_eigenvector' on page 216 undefi
ned on input line 183.


LaTeX Warning: Reference `thm:ks_equality_of_peripheral_eigenvector_of_fixedPoi
nt' on page 216 undefined on input line 183.


LaTeX Warning: Reference `thm:right_multiplicative_identity' on page 216 undefi
ned on input line 183.


LaTeX Warning: Reference `eq:schwarz_right_multiplicative' on page 216 undefine
d on input line 187.


LaTeX Warning: Reference `lem:isUnit_peripheral_eigenvector' on page 216 undefi
ned on input line 190.


LaTeX Warning: Reference `thm:psd_fp_unique_irred_cp' on page 216 undefined on 
input line 198.


LaTeX Warning: Reference `thm:psd_fp_unique_irred_cp' on page 216 undefined on 
input line 205.


LaTeX Warning: Reference `thm:ks_equality_of_peripheral_eigenvector_of_fixedPoi
nt' on page 216 undefined on input line 219.


LaTeX Warning: Reference `thm:psd_fp_unique_irred_cp' on page 216 undefined on 
input line 219.


LaTeX Warning: Reference `thm:ks_equality_of_peripheral_eigenvector_of_fixedPoi
nt' on page 216 undefined on input line 238.


LaTeX Warning: Reference `thm:right_multiplicative_identity' on page 216 undefi
ned on input line 238.


LaTeX Warning: Reference `eq:schwarz_right_multiplicative' on page 216 undefine
d on input line 246.


LaTeX Warning: Reference `lem:peripheral_unitary_eigenvector' on page 216 undef
ined on input line 255.


LaTeX Warning: Reference `lem:peripheral_unitary_powers' on page 216 undefined 
on input line 255.


LaTeX Warning: Reference `lem:irreducible_unital_fixed_points_scalar' on page 2
16 undefined on input line 255.


LaTeX Warning: Reference `lem:peripheral_unitary_powers' on page 216 undefined 
on input line 262.


LaTeX Warning: Reference `lem:irreducible_unital_fixed_points_scalar' on page 2
16 undefined on input line 264.


LaTeX Warning: Reference `lem:normalized_peripheral_unitary' on page 216 undefi
ned on input line 279.


LaTeX Warning: Reference `lem:peripheral_unitary_powers' on page 216 undefined 
on input line 285.


LaTeX Warning: Reference `thm:cyclic_decomposition_irreducible_schwarz' on page
 216 undefined on input line 289.


LaTeX Warning: Reference `lem:normalized_peripheral_unitary' on page 216 undefi
ned on input line 290.


LaTeX Warning: Reference `lem:cyclic_projections_from_peripheral_unitary' on pa
ge 216 undefined on input line 292.


LaTeX Warning: Reference `lem:peripheral_unitary_powers' on page 216 undefined 
on input line 294.

[216]

LaTeX Warning: Reference `def:corner_restriction' on page 217 undefined on inpu
t line 378.


LaTeX Warning: Reference `def:corner_restriction' on page 217 undefined on inpu
t line 387.

[217]

LaTeX Warning: Reference `lem:primitivity_corner_restriction' on page 218 undef
ined on input line 426.


LaTeX Warning: Reference `lem:primitivity_corner_restriction' on page 218 undef
ined on input line 429.


LaTeX Warning: Reference `lem:corner_pow_preserved' on page 218 undefined on in
put line 441.


LaTeX Warning: Reference `def:kraus_map' on page 218 undefined on input line 45
4.


LaTeX Warning: Reference `def:unital_kraus' on page 218 undefined on input line
 454.


LaTeX Warning: Reference `def:kraus_adjoint_map' on page 218 undefined on input
 line 454.


LaTeX Warning: Reference `def:irreducible_cp' on page 218 undefined on input li
ne 454.


LaTeX Warning: Reference `def:peripheral_eigenvalues' on page 218 undefined on 
input line 454.


LaTeX Warning: Reference `lem:peripheral_unitary_eigenvector' on page 218 undef
ined on input line 461.


LaTeX Warning: Reference `thm:ks_equality_of_peripheral_eigenvector_of_fixedPoi
nt' on page 218 undefined on input line 461.


LaTeX Warning: Reference `thm:right_multiplicative_identity' on page 218 undefi
ned on input line 461.


LaTeX Warning: Reference `lem:peripheral_unitary_eigenvector' on page 218 undef
ined on input line 463.


LaTeX Warning: Reference `def:kraus_map' on page 218 undefined on input line 47
5.


LaTeX Warning: Reference `def:unital_kraus' on page 218 undefined on input line
 475.


LaTeX Warning: Reference `def:kraus_adjoint_map' on page 218 undefined on input
 line 475.


LaTeX Warning: Reference `def:irreducible_cp' on page 218 undefined on input li
ne 475.


LaTeX Warning: Reference `def:peripheral_eigenvalues' on page 218 undefined on 
input line 475.


LaTeX Warning: Reference `lem:peripheral_unitary_eigenvector' on page 218 undef
ined on input line 480.


LaTeX Warning: Reference `thm:peripheral_multiplicity_one' on page 218 undefine
d on input line 487.


LaTeX Warning: Reference `lem:peripheral_unitary_eigenvector' on page 218 undef
ined on input line 489.


LaTeX Warning: Reference `lem:irreducible_unital_fixed_points_scalar' on page 2
18 undefined on input line 492.


Overfull \hbox (13.60138pt too wide) in paragraph at lines 487--494
[]\TU/lmr/m/n/10 Theorem [] follows the same pattern: given a peripheral unitar
y eigenvector $[]$ for $[]$ (Lemma []),

LaTeX Warning: Reference `thm:peripheral_cyclic_group' on page 218 undefined on
 input line 495.


LaTeX Warning: Reference `thm:channel_period_divides_dim' on page 218 undefined
 on input line 496.


LaTeX Warning: Reference `lem:cyclic_projections_from_peripheral_unitary' on pa
ge 218 undefined on input line 497.


LaTeX Warning: Reference `thm:corner_rank_eq_trace' on page 218 undefined on in
put line 498.


LaTeX Warning: Reference `thm:corner_rank_eq_trace' on page 218 undefined on in
put line 502.

)) (./chapter/ch09_channel_asymptotics.tex [218]
Chapter 10.
(./chapter/ch09_channel_asymptotics_jordan_block_power.tex

LaTeX Warning: Citation `Wolf2012Quantum' on page 219 undefined on input line 1
2.


LaTeX Warning: Reference `lem:jordan_block_power' on page 219 undefined on inpu
t line 49.


LaTeX Warning: Citation `Wolf2012Quantum' on page 219 undefined on input line 5
0.


LaTeX Warning: Reference `lem:jordan_block_power' on page 219 undefined on inpu
t line 52.


LaTeX Warning: Reference `lem:jordan_block_power' on page 219 undefined on inpu
t line 64.


LaTeX Warning: Reference `lem:jordan_block_power' on page 219 undefined on inpu
t line 65.

[219]) (./chapter/ch09_channel_asymptotics_upper_triangular_power.tex

LaTeX Warning: Reference `thm:jordan_block_power_norm' on page 220 undefined on
 input line 80.


LaTeX Warning: Citation `Wolf2012Quantum' on page 220 undefined on input line 1
11.

[220]

LaTeX Warning: Reference `thm:wolf_upper_triangular_word_bound' on page 221 und
efined on input line 131.


LaTeX Warning: Reference `thm:wolf_upper_triangular_word_bound' on page 221 und
efined on input line 132.


LaTeX Warning: Reference `thm:wolf_upper_triangular_word_bound' on page 221 und
efined on input line 146.


LaTeX Warning: Reference `thm:wolf_upper_triangular_word_bound' on page 221 und
efined on input line 147.

[221]

LaTeX Warning: Reference `thm:wolf_upper_triangular_power_estimate' on page 222
 undefined on input line 218.


LaTeX Warning: Reference `lem:l2_operator_norm_matrix_power' on page 222 undefi
ned on input line 218.


LaTeX Warning: Reference `thm:wolf_upper_triangular_power_estimate' on page 222
 undefined on input line 235.


LaTeX Warning: Reference `lem:l2_operator_norm_matrix_power' on page 222 undefi
ned on input line 235.


LaTeX Warning: Reference `thm:wolf_upper_triangular_power_estimate' on page 222
 undefined on input line 236.


LaTeX Warning: Reference `def:wolf_subperipheral_modulus' on page 222 undefined
 on input line 248.


LaTeX Warning: Reference `thm:wolf_schur_form_spectral_radius_estimate' on page
 222 undefined on input line 248.


LaTeX Warning: Reference `def:wolf_subperipheral_modulus' on page 222 undefined
 on input line 251.


LaTeX Warning: Reference `thm:wolf_schur_form_spectral_radius_estimate' on page
 222 undefined on input line 254.


LaTeX Warning: Reference `def:peripheral_spectral_projections' on page 222 unde
fined on input line 271.


LaTeX Warning: Reference `def:mpu_transfer_matrix' on page 222 undefined on inp
ut line 271.


LaTeX Warning: Reference `def:mpu_transfer_matrix' on page 222 undefined on inp
ut line 290.


LaTeX Warning: Reference `thm:peripheral_spectral_projection_properties' on pag
e 222 undefined on input line 290.


LaTeX Warning: Reference `def:wolf_subperipheral_modulus' on page 222 undefined
 on input line 315.


LaTeX Warning: Reference `thm:unitary_schur_triangularization' on page 222 unde
fined on input line 315.


LaTeX Warning: Reference `thm:wolf_schur_form_spectral_radius_estimate' on page
 222 undefined on input line 315.


LaTeX Warning: Reference `lem:wolf_positive_power_nonperipheral_identity' on pa
ge 222 undefined on input line 315.

[222]

LaTeX Warning: Reference `thm:unitary_schur_triangularization' on page 223 unde
fined on input line 358.


LaTeX Warning: Reference `thm:wolf_schur_form_spectral_radius_estimate' on page
 223 undefined on input line 358.


LaTeX Warning: Reference `lem:wolf_positive_power_nonperipheral_identity' on pa
ge 223 undefined on input line 358.

) (./chapter/ch09_channel_asymptotics_detailed_balance.tex

LaTeX Warning: Citation `Wolf2012Quantum' on page 223 undefined on input line 8
.


LaTeX Warning: Citation `Wolf2012Quantum' on page 223 undefined on input line 3
1.


LaTeX Warning: Citation `Wolf2012Quantum' on page 223 undefined on input line 5
3.

[223]

LaTeX Warning: Citation `Wolf2012Quantum' on page 224 undefined on input line 7
3.


LaTeX Warning: Reference `thm:detailed_balance_hermitian_representative' on pag
e 224 undefined on input line 97.


LaTeX Warning: Citation `Wolf2012Quantum' on page 224 undefined on input line 1
11.

) (./chapter/ch09_channel_asymptotics_mean_ergodic.tex

LaTeX Warning: Reference `def:has_bounded_orbits' on page 224 undefined on inpu
t line 17.


LaTeX Warning: Reference `def:has_bounded_orbits' on page 224 undefined on inpu
t line 23.


LaTeX Warning: Reference `def:has_bounded_orbits' on page 224 undefined on inpu
t line 34.


LaTeX Warning: Reference `lem:mean_ergodic_range_limit' on page 224 undefined o
n input line 34.


LaTeX Warning: Reference `def:has_bounded_orbits' on page 224 undefined on inpu
t line 45.


LaTeX Warning: Reference `lem:mean_ergodic_range_limit' on page 224 undefined o
n input line 45.


LaTeX Warning: Reference `lem:mean_ergodic_range_limit' on page 224 undefined o
n input line 47.


LaTeX Warning: Reference `eq:channel_mean_ergodic_decomp' on page 224 undefined
 on input line 49.

[224]

LaTeX Warning: Reference `def:has_bounded_orbits' on page 225 undefined on inpu
t line 56.


LaTeX Warning: Reference `lem:mean_ergodic_complementarity' on page 225 undefin
ed on input line 56.


LaTeX Warning: Reference `eq:channel_mean_ergodic_decomp' on page 225 undefined
 on input line 60.


LaTeX Warning: Reference `def:has_bounded_orbits' on page 225 undefined on inpu
t line 73.


LaTeX Warning: Reference `def:mean_ergodic_projection' on page 225 undefined on
 input line 73.


LaTeX Warning: Citation `Wolf2012Quantum' on page 225 undefined on input line 9
1.


LaTeX Warning: Reference `def:has_bounded_orbits' on page 225 undefined on inpu
t line 96.


LaTeX Warning: Reference `lem:mean_ergodic_range_limit' on page 225 undefined o
n input line 96.


LaTeX Warning: Reference `lem:mean_ergodic_complementarity' on page 225 undefin
ed on input line 96.


LaTeX Warning: Reference `def:mean_ergodic_projection' on page 225 undefined on
 input line 96.


LaTeX Warning: Reference `lem:mean_ergodic_complementarity' on page 225 undefin
ed on input line 97.


LaTeX Warning: Reference `lem:mean_ergodic_range_limit' on page 225 undefined o
n input line 105.


LaTeX Warning: Reference `eq:channel_mean_ergodic_limit' on page 225 undefined 
on input line 106.


LaTeX Warning: Reference `eq:channel_mean_ergodic_properties' on page 225 undef
ined on input line 111.


LaTeX Warning: Reference `def:positive_map' on page 225 undefined on input line
 119.


LaTeX Warning: Reference `def:has_bounded_orbits' on page 225 undefined on inpu
t line 119.


LaTeX Warning: Citation `Wolf2012Quantum' on page 225 undefined on input line 1
23.


LaTeX Warning: Reference `def:positive_map' on page 225 undefined on input line
 142.


LaTeX Warning: Reference `def:unital_linear_map' on page 225 undefined on input
 line 142.


LaTeX Warning: Reference `def:has_bounded_orbits' on page 225 undefined on inpu
t line 142.


LaTeX Warning: Citation `Wolf2012Quantum' on page 225 undefined on input line 1
45.


LaTeX Warning: Reference `thm:positive_trace_nonincreasing_bounded_orbits' on p
age 225 undefined on input line 160.

[225]

LaTeX Warning: Reference `def:positive_map' on page 226 undefined on input line
 176.


LaTeX Warning: Reference `def:trace_preserving' on page 226 undefined on input 
line 176.


LaTeX Warning: Reference `def:mean_ergodic_projection' on page 226 undefined on
 input line 176.


LaTeX Warning: Reference `thm:positive_mean_ergodic_projection' on page 226 und
efined on input line 176.


LaTeX Warning: Reference `thm:trace_preserving_mean_ergodic_projection' on page
 226 undefined on input line 176.


LaTeX Warning: Reference `thm:unital_mean_ergodic_projection' on page 226 undef
ined on input line 176.


LaTeX Warning: Citation `Wolf2012Quantum' on page 226 undefined on input line 1
88.


LaTeX Warning: Reference `thm:mean_ergodic_bounded_orbits' on page 226 undefine
d on input line 196.


LaTeX Warning: Reference `thm:positive_trace_nonincreasing_bounded_orbits' on p
age 226 undefined on input line 196.


LaTeX Warning: Reference `thm:positive_mean_ergodic_projection' on page 226 und
efined on input line 196.


LaTeX Warning: Reference `thm:trace_preserving_mean_ergodic_projection' on page
 226 undefined on input line 196.


LaTeX Warning: Reference `thm:unital_mean_ergodic_projection' on page 226 undef
ined on input line 196.


LaTeX Warning: Reference `thm:positive_trace_nonincreasing_bounded_orbits' on p
age 226 undefined on input line 198.


LaTeX Warning: Reference `thm:mean_ergodic_bounded_orbits' on page 226 undefine
d on input line 199.


LaTeX Warning: Reference `eq:channel_positive_mean_ergodic' on page 226 undefin
ed on input line 201.


LaTeX Warning: Reference `thm:positive_mean_ergodic_projection' on page 226 und
efined on input line 202.


LaTeX Warning: Reference `thm:trace_preserving_mean_ergodic_projection' on page
 226 undefined on input line 203.


LaTeX Warning: Reference `thm:unital_mean_ergodic_projection' on page 226 undef
ined on input line 205.


LaTeX Warning: Reference `thm:positive_trace_preserving_mean_ergodic_projection
' on page 226 undefined on input line 215.


LaTeX Warning: Reference `thm:trace_preserving_iff_trace_adjoint_unital' on pag
e 226 undefined on input line 215.


LaTeX Warning: Reference `thm:adjoint_mean_ergodic_projection' on page 226 unde
fined on input line 215.


LaTeX Warning: Reference `thm:trace_pairing_adjoint_positive' on page 226 undef
ined on input line 215.


LaTeX Warning: Citation `Wolf2012Quantum' on page 226 undefined on input line 2
27.


LaTeX Warning: Reference `thm:positive_trace_preserving_mean_ergodic_projection
' on page 226 undefined on input line 231.


LaTeX Warning: Reference `thm:trace_preserving_iff_trace_adjoint_unital' on pag
e 226 undefined on input line 234.


LaTeX Warning: Reference `eq:channel_adjoint_cesaro_retraction' on page 226 und
efined on input line 236.


LaTeX Warning: Reference `thm:adjoint_mean_ergodic_projection' on page 226 unde
fined on input line 237.


LaTeX Warning: Reference `def:positive_map' on page 226 undefined on input line
 243.


LaTeX Warning: Reference `def:trace_preserving' on page 226 undefined on input 
line 243.


LaTeX Warning: Citation `Wolf2012Quantum' on page 226 undefined on input line 2
48.

[226]) (./chapter/ch09_channel_asymptotics_fixed_point_algebras.tex

LaTeX Warning: Reference `def:kraus_map' on page 227 undefined on input line 8.



LaTeX Warning: Reference `def:kraus_fixed_points' on page 227 undefined on inpu
t line 25.


LaTeX Warning: Reference `def:kraus_adjoint_map' on page 227 undefined on input
 line 25.


LaTeX Warning: Reference `def:tp_kraus' on page 227 undefined on input line 25.



LaTeX Warning: Reference `def:full_multiplicative_domain' on page 227 undefined
 on input line 25.


LaTeX Warning: Reference `def:abstract_fixed_points' on page 227 undefined on i
nput line 42.


LaTeX Warning: Reference `def:abstract_schwarz_inequality' on page 227 undefine
d on input line 42.


LaTeX Warning: Reference `lem:posDef_weighted_trace_faithful' on page 227 undef
ined on input line 42.


LaTeX Warning: Citation `Wolf2012Quantum' on page 227 undefined on input line 5
4.


LaTeX Warning: Reference `eq:channel_fixed_point_schwarz' on page 227 undefined
 on input line 55.


LaTeX Warning: Citation `Wolf2012Quantum' on page 227 undefined on input line 5
7.


LaTeX Warning: Citation `Wolf2012Quantum' on page 227 undefined on input line 6
2.


LaTeX Warning: Reference `thm:abstract_md_characterization' on page 227 undefin
ed on input line 66.


LaTeX Warning: Reference `lem:posDef_weighted_trace_faithful' on page 227 undef
ined on input line 78.


LaTeX Warning: Reference `thm:abstract_md_characterization' on page 227 undefin
ed on input line 81.


LaTeX Warning: Reference `thm:fixedPoints_in_multiplicativeDomain' on page 227 
undefined on input line 95.


LaTeX Warning: Reference `def:kraus_fixed_points' on page 227 undefined on inpu
t line 104.


LaTeX Warning: Reference `def:kraus_adjoint_map' on page 227 undefined on input
 line 104.


LaTeX Warning: Reference `def:unital_kraus' on page 227 undefined on input line
 104.


LaTeX Warning: Reference `def:full_multiplicative_domain' on page 227 undefined
 on input line 104.


LaTeX Warning: Reference `thm:fixedPointsStarSubalgebra' on page 227 undefined 
on input line 111.


LaTeX Warning: Reference `thm:fixedPointsStarSubalgebra' on page 227 undefined 
on input line 113.


LaTeX Warning: Reference `thm:fixedPointsStarSubalgebra' on page 227 undefined 
on input line 120.

[227]

LaTeX Warning: Reference `def:kraus_fixed_points' on page 228 undefined on inpu
t line 127.


LaTeX Warning: Reference `def:kraus_map' on page 228 undefined on input line 12
7.


LaTeX Warning: Reference `thm:map_mem_multiplicativeDomain_of_idempotent' on pa
ge 228 undefined on input line 133.


LaTeX Warning: Reference `thm:map_mem_multiplicativeDomain_of_idempotent' on pa
ge 228 undefined on input line 134.


LaTeX Warning: Reference `thm:choi_effros_left' on page 228 undefined on input 
line 140.


LaTeX Warning: Reference `thm:choi_effros_right' on page 228 undefined on input
 line 140.


LaTeX Warning: Reference `thm:choi_effros_left_eq_right' on page 228 undefined 
on input line 141.


LaTeX Warning: Reference `def:kraus_adjoint_map' on page 228 undefined on input
 line 145.


LaTeX Warning: Reference `def:adjoint_fixed_points' on page 228 undefined on in
put line 154.


LaTeX Warning: Reference `def:tp_kraus' on page 228 undefined on input line 154
.


LaTeX Warning: Reference `thm:fixedPointsStarSubalgebra' on page 228 undefined 
on input line 161.


LaTeX Warning: Reference `thm:fixedPointsStarSubalgebra' on page 228 undefined 
on input line 162.


LaTeX Warning: Reference `def:kraus_map' on page 228 undefined on input line 16
8.


LaTeX Warning: Reference `def:adjoint_fixed_points' on page 228 undefined on in
put line 181.


LaTeX Warning: Reference `def:kraus_commutant' on page 228 undefined on input l
ine 181.


LaTeX Warning: Reference `def:tp_kraus' on page 228 undefined on input line 181
.


LaTeX Warning: Reference `thm:adjointFixedPointsStarSubalgebra' on page 228 und
efined on input line 182.


LaTeX Warning: Citation `Wolf2012Quantum' on page 228 undefined on input line 1
89.


LaTeX Warning: Reference `thm:adjointFixedPointsStarSubalgebra' on page 228 und
efined on input line 193.


LaTeX Warning: Reference `thm:adjointFixedPoints_eq_krausCommutant' on page 228
 undefined on input line 209.


LaTeX Warning: Reference `thm:adjointFixedPoints_eq_krausCommutant' on page 228
 undefined on input line 215.

) (./chapter/ch09_channel_asymptotics_fixed_points_and_wedderburn_i.tex

LaTeX Warning: Citation `Wolf2012Quantum' on page 228 undefined on input line 3
.


LaTeX Warning: Citation `Wolf2012Quantum' on page 228 undefined on input line 5
.


LaTeX Warning: Citation `Wolf2012Quantum' on page 228 undefined on input line 6
.

[228]

LaTeX Warning: Reference `def:is_conditional_expectation' on page 229 undefined
 on input line 26.


LaTeX Warning: Reference `def:scalar_conditional_expectation' on page 229 undef
ined on input line 34.


LaTeX Warning: Reference `def:scalar_conditional_expectation' on page 229 undef
ined on input line 41.


LaTeX Warning: Reference `def:scalar_conditional_expectation' on page 229 undef
ined on input line 48.


LaTeX Warning: Reference `def:scalar_conditional_expectation' on page 229 undef
ined on input line 55.


LaTeX Warning: Reference `def:scalar_conditional_expectation' on page 229 undef
ined on input line 63.


LaTeX Warning: Reference `def:scalar_conditional_expectation' on page 229 undef
ined on input line 70.


LaTeX Warning: Reference `def:scalar_conditional_expectation' on page 229 undef
ined on input line 78.


LaTeX Warning: Reference `def:tp_kraus' on page 229 undefined on input line 78.



LaTeX Warning: Reference `thm:adjointMap_absorbs_scalarConditionalExpectation' 
on page 229 undefined on input line 87.


LaTeX Warning: Reference `def:scalar_conditional_expectation' on page 229 undef
ined on input line 95.


LaTeX Warning: Reference `eq:spectral_scalar_ce_kraus' on page 229 undefined on
 input line 114.


LaTeX Warning: Reference `def:is_conditional_expectation' on page 229 undefined
 on input line 123.


LaTeX Warning: Reference `def:scalar_conditional_expectation' on page 229 undef
ined on input line 123.


LaTeX Warning: Reference `def:tp_kraus' on page 229 undefined on input line 123
.


LaTeX Warning: Reference `thm:scalar_conditional_expectation_isCPMap' on page 2
29 undefined on input line 136.


LaTeX Warning: Reference `thm:scalar_conditional_expectation_unital' on page 22
9 undefined on input line 136.


LaTeX Warning: Reference `thm:scalar_conditional_expectation_idempotent' on pag
e 229 undefined on input line 136.


LaTeX Warning: Reference `lem:scalar_conditional_expectation_mem_adjointFixedPo
ints' on page 229 undefined on input line 136.


LaTeX Warning: Reference `lem:scalar_conditional_expectation_fixes_scalar' on p
age 229 undefined on input line 136.


LaTeX Warning: Reference `def:is_conditional_expectation' on page 229 undefined
 on input line 147.

[229]

LaTeX Warning: Reference `thm:positive_unital_adjoint_mean_ergodic_retraction' 
on page 230 undefined on input line 159.


LaTeX Warning: Reference `thm:fixedPointsStarSubalgebra' on page 230 undefined 
on input line 159.


LaTeX Warning: Reference `def:scalar_conditional_expectation' on page 230 undef
ined on input line 171.


LaTeX Warning: Citation `Wolf2012Quantum' on page 230 undefined on input line 1
89.


LaTeX Warning: Reference `def:channel' on page 230 undefined on input line 197.



LaTeX Warning: Reference `thm:kraus_lower_zero_invariant_compression' on page 2
30 undefined on input line 205.


LaTeX Warning: Reference `thm:kraus_lower_zero_invariant_compression' on page 2
30 undefined on input line 209.


LaTeX Warning: Reference `def:channel' on page 230 undefined on input line 215.



LaTeX Warning: Reference `def:irreducible_cp' on page 230 undefined on input li
ne 215.


LaTeX Warning: Reference `thm:channel_density_fp_irred' on page 230 undefined o
n input line 221.


LaTeX Warning: Reference `def:stationaryState' on page 230 undefined on input l
ine 227.


LaTeX Warning: Reference `def:stationaryState' on page 230 undefined on input l
ine 230.


LaTeX Warning: Reference `def:stationarySupport' on page 230 undefined on input
 line 237.


LaTeX Warning: Reference `def:irreducible_cp' on page 230 undefined on input li
ne 237.


LaTeX Warning: Reference `thm:support_proj_fixed' on page 230 undefined on inpu
t line 244.


LaTeX Warning: Reference `thm:support_proj_fixed' on page 230 undefined on inpu
t line 247.


LaTeX Warning: Reference `thm:maximalSupport_fixedPoint' on page 230 undefined 
on input line 257.


LaTeX Warning: Reference `thm:wolf_stationary_subspaces' on page 230 undefined 
on input line 258.


LaTeX Warning: Reference `thm:wolf_stationary_subspaces_ii' on page 230 undefin
ed on input line 259.


LaTeX Warning: Citation `Wolf2012Quantum' on page 230 undefined on input line 2
68.

[230]

LaTeX Warning: Reference `eq:spectral_supported_kraus_intertwining' on page 231
 undefined on input line 381.

[231]

LaTeX Warning: Reference `lem:supportProj_mulVec_eq_zero_of_mulVec_eq_zero' on 
page 232 undefined on input line 388.


LaTeX Warning: Reference `lem:supportProj_mulVec_eq_zero_of_mulVec_eq_zero' on 
page 232 undefined on input line 396.


LaTeX Warning: Reference `lem:supportProj_mulVec_eq_zero_of_mulVec_eq_zero' on 
page 232 undefined on input line 403.


LaTeX Warning: Reference `rem:corner_algebra_star_instances' on page 232 undefi
ned on input line 412.


LaTeX Warning: Citation `Wolf2012Quantum' on page 232 undefined on input line 4
24.


LaTeX Warning: Reference `thm:stationarySupport_compression' on page 232 undefi
ned on input line 430.


LaTeX Warning: Reference `thm:fixedPointsStarSubalgebra' on page 232 undefined 
on input line 430.


LaTeX Warning: Reference `eq:spectral_corner_fixed_set' on page 232 undefined o
n input line 431.


LaTeX Warning: Reference `thm:fixedPointsStarSubalgebra' on page 232 undefined 
on input line 435.


LaTeX Warning: Citation `Wolf2012Quantum' on page 232 undefined on input line 4
46.


LaTeX Warning: Reference `lem:starSubalgebra_isSemisimpleRing' on page 232 unde
fined on input line 477.

[232]

LaTeX Warning: Reference `lem:starSubalgebra_isSemisimpleRing' on page 233 unde
fined on input line 485.


LaTeX Warning: Reference `lem:starSubalgebra_isSemisimpleRing' on page 233 unde
fined on input line 487.


LaTeX Warning: Citation `Wolf2012Quantum' on page 233 undefined on input line 4
94.


LaTeX Warning: Reference `lem:starSubalgebra_orthogonal_reducibility' on page 2
33 undefined on input line 525.


LaTeX Warning: Reference `lem:starSubalgebra_orthogonal_reducibility' on page 2
33 undefined on input line 527.


LaTeX Warning: Reference `lem:starSubalgebra_orthogonal_reducibility' on page 2
33 undefined on input line 535.


LaTeX Warning: Reference `lem:starSubalgebra_orthogonal_reducibility' on page 2
33 undefined on input line 538.


LaTeX Warning: Reference `lem:starSubalgebra_isCompl_orthogonal' on page 233 un
defined on input line 562.


LaTeX Warning: Reference `def:starSubalgebra_irreducibleSubspace' on page 233 u
ndefined on input line 562.


LaTeX Warning: Reference `lem:starSubalgebra_isCompl_orthogonal' on page 233 un
defined on input line 571.


LaTeX Warning: Reference `lem:starSubalgebra_isCompl_orthogonal' on page 233 un
defined on input line 575.


LaTeX Warning: Reference `lem:starSubalgebra_orthogonal_irreducible_invariant' 
on page 233 undefined on input line 585.


LaTeX Warning: Reference `lem:starSubalgebra_orthogonal_irreducible_invariant' 
on page 233 undefined on input line 594.


LaTeX Warning: Reference `lem:starSubalgebra_orthogonal_irreducible_invariant' 
on page 233 undefined on input line 596.

[233]

LaTeX Warning: Reference `def:starSubalgebra_irreducibleSubspace' on page 234 u
ndefined on input line 609.


LaTeX Warning: Reference `def:starSubalgebra_irreducibleSubspace' on page 234 u
ndefined on input line 619.


LaTeX Warning: Reference `lem:starSubalgebra_isSemisimpleRing' on page 234 unde
fined on input line 634.


LaTeX Warning: Reference `lem:starSubalgebra_isSemisimpleRing' on page 234 unde
fined on input line 642.


LaTeX Warning: Reference `lem:starSubalgebra_isSemisimpleRing' on page 234 unde
fined on input line 644.


LaTeX Warning: Reference `def:starSubalgebra_irreducibleSubspace' on page 234 u
ndefined on input line 657.


LaTeX Warning: Reference `def:starSubalgebra_irreducibleSubspace' on page 234 u
ndefined on input line 667.


LaTeX Warning: Reference `def:starSubalgebra_irreducibleSubspace' on page 234 u
ndefined on input line 679.


LaTeX Warning: Reference `def:starSubalgebra_irreducibleSubspace' on page 234 u
ndefined on input line 689.

[234]

LaTeX Warning: Reference `def:starSubalgebra_intertwiner' on page 235 undefined
 on input line 726.


LaTeX Warning: Reference `def:starSubalgebra_irreducibleSubspace' on page 235 u
ndefined on input line 726.


LaTeX Warning: Reference `lem:starSubalgebra_scalar_commutant_irreducible' on p
age 235 undefined on input line 726.


LaTeX Warning: Reference `def:starSubalgebra_intertwiner' on page 235 undefined
 on input line 741.


LaTeX Warning: Reference `def:starSubalgebra_irreducibleSubspace' on page 235 u
ndefined on input line 741.


LaTeX Warning: Reference `lem:starSubalgebra_scalar_commutant_irreducible' on p
age 235 undefined on input line 741.


LaTeX Warning: Reference `lem:starSubalgebra_scalar_commutant_irreducible' on p
age 235 undefined on input line 747.


LaTeX Warning: Reference `eq:spectral_intertwiner_inner_scale' on page 235 unde
fined on input line 754.


LaTeX Warning: Reference `lem:starSubalgebra_intertwiner_inner_scale' on page 2
35 undefined on input line 761.


LaTeX Warning: Reference `lem:starSubalgebra_intertwiner_inner_scale' on page 2
35 undefined on input line 763.


LaTeX Warning: Reference `eq:spectral_intertwiner_inner_scale' on page 235 unde
fined on input line 765.


LaTeX Warning: Reference `lem:starSubalgebra_intertwiner_inner_scale' on page 2
35 undefined on input line 770.


LaTeX Warning: Reference `def:starSubalgebra_intertwiner' on page 235 undefined
 on input line 780.


LaTeX Warning: Reference `def:starSubalgebra_sameIsotype' on page 235 undefined
 on input line 791.


LaTeX Warning: Reference `lem:starSubalgebra_intertwiner_irreducible' on page 2
35 undefined on input line 791.


LaTeX Warning: Reference `def:starSubalgebra_sameIsotype' on page 235 undefined
 on input line 800.


LaTeX Warning: Reference `lem:starSubalgebra_intertwiner_irreducible' on page 2
35 undefined on input line 800.


LaTeX Warning: Reference `lem:starSubalgebra_intertwiner_irreducible' on page 2
35 undefined on input line 803.


LaTeX Warning: Reference `lem:starSubalgebra_sameIsotype_iso' on page 235 undef
ined on input line 812.


LaTeX Warning: Reference `lem:starSubalgebra_intertwiner_inner_scale_pos' on pa
ge 235 undefined on input line 812.


LaTeX Warning: Reference `lem:starSubalgebra_sameIsotype_iso' on page 235 undef
ined on input line 822.


LaTeX Warning: Reference `lem:starSubalgebra_intertwiner_inner_scale_pos' on pa
ge 235 undefined on input line 822.


LaTeX Warning: Reference `lem:starSubalgebra_sameIsotype_iso' on page 235 undef
ined on input line 823.


LaTeX Warning: Reference `lem:starSubalgebra_intertwiner_inner_scale_pos' on pa
ge 235 undefined on input line 826.


LaTeX Warning: Reference `def:starSubalgebra_sameIsotype' on page 235 undefined
 on input line 838.


LaTeX Warning: Reference `def:starSubalgebra_irreducibleSubspace' on page 235 u
ndefined on input line 838.


LaTeX Warning: Reference `def:starSubalgebra_sameIsotype' on page 235 undefined
 on input line 846.

[235]

LaTeX Warning: Reference `lem:starSubalgebra_sameIsotype_iso' on page 236 undef
ined on input line 855.


LaTeX Warning: Reference `lem:starSubalgebra_sameIsotype_iso' on page 236 undef
ined on input line 863.


LaTeX Warning: Reference `lem:starSubalgebra_sameIsotype_iso' on page 236 undef
ined on input line 882.


LaTeX Warning: Reference `lem:starSubalgebra_sameIsotype_iso' on page 236 undef
ined on input line 891.


LaTeX Warning: Reference `lem:starSubalgebra_orthogonal_reducibility' on page 2
36 undefined on input line 909.


LaTeX Warning: Reference `lem:starSubalgebra_orthogonal_reducibility' on page 2
36 undefined on input line 918.


LaTeX Warning: Reference `lem:starSubalgebra_orthogonal_reducibility' on page 2
36 undefined on input line 921.


LaTeX Warning: Reference `lem:starSubalgebra_intertwiner_irreducible' on page 2
36 undefined on input line 935.


LaTeX Warning: Reference `lem:starSubalgebra_projection_commutant' on page 236 
undefined on input line 935.


LaTeX Warning: Reference `lem:starSubalgebra_sameIsotype_iso' on page 236 undef
ined on input line 935.


LaTeX Warning: Reference `lem:starSubalgebra_intertwiner_irreducible' on page 2
36 undefined on input line 944.


LaTeX Warning: Reference `lem:starSubalgebra_projection_commutant' on page 236 
undefined on input line 944.


LaTeX Warning: Reference `lem:starSubalgebra_sameIsotype_iso' on page 236 undef
ined on input line 944.


LaTeX Warning: Reference `lem:starSubalgebra_projection_commutant' on page 236 
undefined on input line 946.


LaTeX Warning: Reference `lem:starSubalgebra_intertwiner_irreducible' on page 2
36 undefined on input line 948.


LaTeX Warning: Reference `lem:starSubalgebra_isOrtho_not_sameIsotype' on page 2
36 undefined on input line 968.

[236]

LaTeX Warning: Reference `lem:starSubalgebra_isOrtho_not_sameIsotype' on page 2
37 undefined on input line 983.


LaTeX Warning: Reference `lem:starSubalgebra_isOrtho_not_sameIsotype' on page 2
37 undefined on input line 986.


LaTeX Warning: Reference `def:starSubalgebra_irreducibleSubspace' on page 237 u
ndefined on input line 998.


LaTeX Warning: Reference `def:starSubalgebra_sameIsotype' on page 237 undefined
 on input line 998.


LaTeX Warning: Reference `lem:starSubalgebra_isOrtho_not_sameIsotype' on page 2
37 undefined on input line 1007.


LaTeX Warning: Reference `lem:starSubalgebra_isOrtho_not_sameIsotype' on page 2
37 undefined on input line 1009.

) (./chapter/ch09_channel_asymptotics_wedderburn_ii.tex

LaTeX Warning: Reference `thm:starSubalgebra_orthogonal_irreducible_decompositi
on' on page 237 undefined on input line 9.


LaTeX Warning: Reference `lem:starSubalgebra_isOrtho_sSup_not_sameIsotype' on p
age 237 undefined on input line 9.


LaTeX Warning: Reference `lem:starSubalgebra_sameIsotype_of_le_sSup' on page 23
7 undefined on input line 9.


LaTeX Warning: Reference `lem:starSubalgebra_sameIsotype_refl' on page 237 unde
fined on input line 9.


LaTeX Warning: Reference `lem:starSubalgebra_sameIsotype_symm' on page 237 unde
fined on input line 9.


LaTeX Warning: Reference `lem:starSubalgebra_sameIsotype_trans' on page 237 und
efined on input line 9.


LaTeX Warning: Reference `thm:starSubalgebra_orthogonal_irreducible_decompositi
on' on page 237 undefined on input line 20.


LaTeX Warning: Reference `lem:starSubalgebra_isOrtho_sSup_not_sameIsotype' on p
age 237 undefined on input line 20.


LaTeX Warning: Reference `lem:starSubalgebra_sameIsotype_of_le_sSup' on page 23
7 undefined on input line 20.


LaTeX Warning: Reference `lem:starSubalgebra_sameIsotype_refl' on page 237 unde
fined on input line 20.


LaTeX Warning: Reference `lem:starSubalgebra_sameIsotype_symm' on page 237 unde
fined on input line 20.


LaTeX Warning: Reference `lem:starSubalgebra_sameIsotype_trans' on page 237 und
efined on input line 20.


LaTeX Warning: Reference `thm:starSubalgebra_orthogonal_irreducible_decompositi
on' on page 237 undefined on input line 21.


LaTeX Warning: Reference `lem:starSubalgebra_sameIsotype_refl' on page 237 unde
fined on input line 23.


LaTeX Warning: Reference `lem:starSubalgebra_sameIsotype_symm' on page 237 unde
fined on input line 26.


LaTeX Warning: Reference `lem:starSubalgebra_sameIsotype_trans' on page 237 und
efined on input line 26.


LaTeX Warning: Reference `lem:starSubalgebra_isOrtho_sSup_not_sameIsotype' on p
age 237 undefined on input line 32.


LaTeX Warning: Reference `lem:starSubalgebra_sameIsotype_of_le_sSup' on page 23
7 undefined on input line 36.


LaTeX Warning: Citation `Wolf2012Quantum' on page 237 undefined on input line 4
5.

[237]

LaTeX Warning: Reference `def:starSubalgebra_irreducibleSubspace' on page 238 u
ndefined on input line 51.


LaTeX Warning: Reference `def:starSubalgebra_sameIsotype' on page 238 undefined
 on input line 51.


LaTeX Warning: Citation `Wolf2012Quantum' on page 238 undefined on input line 6
2.


LaTeX Warning: Reference `lem:starSubalgebra_sameIsotype_isometry' on page 238 
undefined on input line 68.


LaTeX Warning: Reference `lem:starSubalgebra_sameIsotype_refl' on page 238 unde
fined on input line 68.


LaTeX Warning: Reference `lem:starSubalgebra_sameIsotype_refl' on page 238 unde
fined on input line 71.


LaTeX Warning: Reference `lem:starSubalgebra_sameIsotype_isometry' on page 238 
undefined on input line 71.


LaTeX Warning: Reference `eq:spectral_adapted_action' on page 238 undefined on 
input line 88.


LaTeX Warning: Reference `thm:starSubalgebra_orthogonal_isotypic_decomposition'
 on page 238 undefined on input line 96.


LaTeX Warning: Reference `thm:starSubalgebra_adapted_orthonormal_basis' on page
 238 undefined on input line 96.


LaTeX Warning: Citation `Wolf2012Quantum' on page 238 undefined on input line 1
05.


LaTeX Warning: Reference `thm:starSubalgebra_orthogonal_isotypic_decomposition'
 on page 238 undefined on input line 111.


LaTeX Warning: Reference `thm:starSubalgebra_adapted_orthonormal_basis' on page
 238 undefined on input line 111.


LaTeX Warning: Reference `thm:starSubalgebra_orthogonal_isotypic_decomposition'
 on page 238 undefined on input line 111.


LaTeX Warning: Reference `thm:starSubalgebra_adapted_orthonormal_basis' on page
 238 undefined on input line 113.


LaTeX Warning: Citation `Wolf2012Quantum' on page 238 undefined on input line 1
20.

[238]

LaTeX Warning: Reference `def:starSubalgebra_irreducibleSubspace' on page 239 u
ndefined on input line 126.


LaTeX Warning: Reference `def:starSubalgebra_sameIsotype' on page 239 undefined
 on input line 126.


LaTeX Warning: Reference `thm:starSubalgebra_unitary_block_diagonal_iff' on pag
e 239 undefined on input line 139.


LaTeX Warning: Reference `thm:starSubalgebra_orthogonal_isotypic_decomposition'
 on page 239 undefined on input line 145.


LaTeX Warning: Reference `thm:starSubalgebra_adapted_orthonormal_basis' on page
 239 undefined on input line 145.


LaTeX Warning: Reference `thm:starSubalgebra_orthogonal_isotypic_decomposition'
 on page 239 undefined on input line 146.


LaTeX Warning: Reference `thm:starSubalgebra_adapted_orthonormal_basis' on page
 239 undefined on input line 150.


LaTeX Warning: Reference `eq:spectral_global_action' on page 239 undefined on i
nput line 162.


LaTeX Warning: Reference `thm:starSubalgebra_orthogonal_isotypic_decomposition'
 on page 239 undefined on input line 165.


Overfull \hbox (27.08902pt too wide) in paragraph at lines 176--184
[][]\TU/lmr/bx/n/10 Lemma 10.6.5 \TU/lmr/m/n/10 (Unitary change of basis to blo
ck-diagonal form)\TU/lmr/bx/n/10 . [][][] [][][] [][] [][][] \TU/lmr/m/it/10 Le
t $[][][][][]$
[239]

LaTeX Warning: Reference `eq:spectral_basis_block' on page 240 undefined on inp
ut line 214.


LaTeX Warning: Citation `Wolf2012Quantum' on page 240 undefined on input line 2
34.


LaTeX Warning: Reference `thm:starSubalgebra_unitary_block_diagonal_iff' on pag
e 240 undefined on input line 237.


LaTeX Warning: Reference `thm:starSubalgebra_global_adapted_orthonormal_basis' 
on page 240 undefined on input line 243.


LaTeX Warning: Reference `lem:starSubalgebra_unitary_change_of_basis_block' on 
page 240 undefined on input line 243.


LaTeX Warning: Reference `thm:starSubalgebra_global_adapted_orthonormal_basis' 
on page 240 undefined on input line 245.


LaTeX Warning: Reference `lem:starSubalgebra_unitary_change_of_basis_block' on 
page 240 undefined on input line 247.


LaTeX Warning: Reference `eq:spectral_basis_block' on page 240 undefined on inp
ut line 250.


LaTeX Warning: Reference `eq:spectral_subalg_containment' on page 240 undefined
 on input line 251.


LaTeX Warning: Reference `lem:starSubalgebra_isSemisimpleModule' on page 240 un
defined on input line 271.


LaTeX Warning: Reference `lem:starSubalgebra_isSemisimpleModule' on page 240 un
defined on input line 273.

[240]

LaTeX Warning: Citation `Beigi2012Classification' on page 241 undefined on inpu
t line 304.


LaTeX Warning: Reference `thm:starSubalgebra_global_adapted_orthonormal_basis' 
on page 241 undefined on input line 309.


LaTeX Warning: Reference `eq:spec_subalgebra_action' on page 241 undefined on i
nput line 311.


LaTeX Warning: Reference `eq:spec_commutant_action' on page 241 undefined on in
put line 322.


LaTeX Warning: Citation `Wolf2012Quantum' on page 241 undefined on input line 3
29.


LaTeX Warning: Citation `Wolf2012Quantum' on page 241 undefined on input line 3
30.


LaTeX Warning: Citation `Wolf2012Quantum' on page 241 undefined on input line 3
56.


LaTeX Warning: Citation `Wolf2012Quantum' on page 241 undefined on input line 3
57.


LaTeX Warning: Reference `thm:starSubalgebra_global_adapted_orthonormal_basis' 
on page 241 undefined on input line 367.


LaTeX Warning: Reference `lem:starSubalgebra_unitary_change_of_basis_block' on 
page 241 undefined on input line 367.


LaTeX Warning: Reference `lem:starSubalgebra_double_commutant' on page 241 unde
fined on input line 367.


LaTeX Warning: Reference `lem:starSubalgebra_scalar_commutant_irreducible' on p
age 241 undefined on input line 367.


LaTeX Warning: Reference `def:starSubalgebra_intertwiner' on page 241 undefined
 on input line 367.


LaTeX Warning: Reference `def:starSubalgebra_sameIsotype' on page 241 undefined
 on input line 367.


LaTeX Warning: Reference `thm:starSubalgebra_global_adapted_orthonormal_basis' 
on page 241 undefined on input line 369.


LaTeX Warning: Reference `lem:starSubalgebra_unitary_change_of_basis_block' on 
page 241 undefined on input line 372.


LaTeX Warning: Reference `eq:spectral_full_block' on page 241 undefined on inpu
t line 373.


LaTeX Warning: Reference `lem:starSubalgebra_double_commutant' on page 241 unde
fined on input line 379.


LaTeX Warning: Reference `lem:starSubalgebra_scalar_commutant_irreducible' on p
age 241 undefined on input line 391.

[241]

LaTeX Warning: Reference `thm:starSubalgebra_global_adapted_orthonormal_basis' 
on page 242 undefined on input line 406.


LaTeX Warning: Reference `eq:spectral_commutant_coeff' on page 242 undefined on
 input line 408.


LaTeX Warning: Reference `lem:starSubalgebra_double_commutant' on page 242 unde
fined on input line 417.


LaTeX Warning: Reference `eq:spectral_full_block' on page 242 undefined on inpu
t line 419.


LaTeX Warning: Reference `thm:adjointFixedPointsStarSubalgebra' on page 242 und
efined on input line 428.


LaTeX Warning: Reference `thm:adjointFixedPointsStarSubalgebra' on page 242 und
efined on input line 435.


LaTeX Warning: Citation `Wolf2012Quantum' on page 242 undefined on input line 4
37.


LaTeX Warning: Reference `thm:fixedPointAlgebra_isSemisimpleRing' on page 242 u
ndefined on input line 450.


LaTeX Warning: Reference `thm:fixedPointAlgebra_isSemisimpleRing' on page 242 u
ndefined on input line 458.


LaTeX Warning: Reference `thm:fixedPointAlgebra_isSemisimpleRing' on page 242 u
ndefined on input line 460.


LaTeX Warning: Reference `thm:starSubalgebra_wedderburnArtin' on page 242 undef
ined on input line 469.


LaTeX Warning: Reference `thm:fixedPointsStarSubalgebra' on page 242 undefined 
on input line 469.


LaTeX Warning: Reference `thm:starSubalgebra_wedderburnArtin' on page 242 undef
ined on input line 479.


LaTeX Warning: Reference `thm:fixedPointsStarSubalgebra' on page 242 undefined 
on input line 479.


LaTeX Warning: Reference `thm:fixedPointsStarSubalgebra' on page 242 undefined 
on input line 480.


LaTeX Warning: Reference `thm:starSubalgebra_wedderburnArtin' on page 242 undef
ined on input line 482.


LaTeX Warning: Reference `thm:fixedPointAlgebra_wedderburnArtin' on page 242 un
defined on input line 490.


LaTeX Warning: Reference `thm:fixedPointAlgebra_wedderburnArtin' on page 242 un
defined on input line 500.


LaTeX Warning: Reference `thm:fixedPointAlgebra_wedderburnArtin' on page 242 un
defined on input line 502.


LaTeX Warning: Reference `thm:adjointFixedPoints_wedderburnDecomp' on page 242 
undefined on input line 513.


LaTeX Warning: Reference `thm:adjointFixedPoints_block_form' on page 242 undefi
ned on input line 516.

[242]

LaTeX Warning: Reference `def:adjoint_fixed_points' on page 243 undefined on in
put line 523.


LaTeX Warning: Reference `def:tp_kraus' on page 243 undefined on input line 523
.


LaTeX Warning: Citation `Wolf2012Quantum' on page 243 undefined on input line 5
45.


LaTeX Warning: Citation `Wolf2012Quantum' on page 243 undefined on input line 5
46.


LaTeX Warning: Citation `Wolf2012Quantum' on page 243 undefined on input line 5
47.


LaTeX Warning: Reference `thm:adjointFixedPointsStarSubalgebra' on page 243 und
efined on input line 555.


LaTeX Warning: Reference `thm:starSubalgebra_unitary_block_diagonal_iff' on pag
e 243 undefined on input line 555.


LaTeX Warning: Reference `thm:adjointFixedPointsStarSubalgebra' on page 243 und
efined on input line 558.


LaTeX Warning: Reference `thm:starSubalgebra_unitary_block_diagonal_iff' on pag
e 243 undefined on input line 559.


LaTeX Warning: Reference `eq:spectral_adjoint_fixed_blocks' on page 243 undefin
ed on input line 562.


LaTeX Warning: Reference `def:kraus_fixed_points' on page 243 undefined on inpu
t line 569.


LaTeX Warning: Reference `def:kraus_adjoint_map' on page 243 undefined on input
 line 569.


LaTeX Warning: Reference `def:unital_kraus' on page 243 undefined on input line
 569.


LaTeX Warning: Reference `thm:adjointFixedPoints_block_form' on page 243 undefi
ned on input line 581.


LaTeX Warning: Reference `thm:fixedPointsStarSubalgebra' on page 243 undefined 
on input line 588.


LaTeX Warning: Reference `thm:starSubalgebra_unitary_block_diagonal_iff' on pag
e 243 undefined on input line 588.


LaTeX Warning: Reference `thm:fixedPointsStarSubalgebra' on page 243 undefined 
on input line 590.


LaTeX Warning: Reference `thm:starSubalgebra_unitary_block_diagonal_iff' on pag
e 243 undefined on input line 591.

[243]

LaTeX Warning: Citation `Cirac2016MPDO_arXiv' on page 244 undefined on input li
ne 632.


LaTeX Warning: Reference `def:direct_sum_full_matrix_extension' on page 244 und
efined on input line 642.


LaTeX Warning: Reference `def:direct_sum_full_matrix_extension' on page 244 und
efined on input line 664.


LaTeX Warning: Reference `def:direct_sum_full_matrix_extension' on page 244 und
efined on input line 678.


LaTeX Warning: Reference `thm:direct_sum_extension_embedding_compression' on pa
ge 244 undefined on input line 689.


LaTeX Warning: Reference `def:direct_sum_full_matrix_extension' on page 244 und
efined on input line 701.


LaTeX Warning: Reference `lem:direct_sum_rectangular_trace_adjoint' on page 244
 undefined on input line 702.


LaTeX Warning: Reference `thm:direct_sum_inverse_cptp_star_equiv' on page 244 u
ndefined on input line 705.


LaTeX Warning: Reference `def:direct_sum_full_matrix_extension' on page 244 und
efined on input line 723.

[244]

LaTeX Warning: Reference `def:direct_sum_full_matrix_extension' on page 245 und
efined on input line 748.


LaTeX Warning: Reference `eq:spectral_direct_sum_adjoint' on page 245 undefined
 on input line 750.


LaTeX Warning: Reference `eq:spectral_direct_sum_adjoint_laws' on page 245 unde
fined on input line 752.


LaTeX Warning: Reference `lem:direct_sum_rectangular_trace_adjoint' on page 245
 undefined on input line 778.


LaTeX Warning: Reference `def:direct_sum_full_matrix_extension' on page 245 und
efined on input line 799.


LaTeX Warning: Reference `def:direct_sum_full_matrix_extension' on page 245 und
efined on input line 827.


LaTeX Warning: Reference `eq:spectral_direct_sum_extension' on page 245 undefin
ed on input line 844.


LaTeX Warning: Reference `eq:spectral_direct_sum_adjoint' on page 245 undefined
 on input line 845.

[245]

LaTeX Warning: Reference `eq:spectral_extension_fixed_points' on page 246 undef
ined on input line 868.


LaTeX Warning: Citation `SchumacherWerner2004' on page 246 undefined on input l
ine 884.


LaTeX Warning: Citation `GrossNesmeVogtsWerner2012' on page 246 undefined on in
put line 888.


LaTeX Warning: Reference `lem:matrix_defining_module_simple' on page 246 undefi
ned on input line 941.


LaTeX Warning: Reference `lem:simple_artinian_simple_modules_isomorphic' on pag
e 246 undefined on input line 941.


LaTeX Warning: Reference `lem:matrix_defining_module_simple' on page 246 undefi
ned on input line 958.


LaTeX Warning: Reference `lem:simple_artinian_simple_modules_isomorphic' on pag
e 246 undefined on input line 960.

[246]

LaTeX Warning: Reference `thm:matrix_alg_hom_size_eq_of_scalar_relative_commuta
nt' on page 247 undefined on input line 975.


LaTeX Warning: Reference `thm:matrix_alg_hom_size_eq_of_scalar_relative_commuta
nt' on page 247 undefined on input line 979.


LaTeX Warning: Reference `thm:matrix_alg_hom_surjective_of_scalar_relative_comm
utant' on page 247 undefined on input line 995.


LaTeX Warning: Reference `thm:matrix_alg_hom_surjective_of_scalar_relative_comm
utant' on page 247 undefined on input line 998.


LaTeX Warning: Reference `thm:matrix_alg_hom_surjective_of_scalar_relative_comm
utant' on page 247 undefined on input line 1013.


LaTeX Warning: Reference `eq:spectral_relative_commutant' on page 247 undefined
 on input line 1015.


LaTeX Warning: Reference `thm:matrix_alg_hom_surjective_of_scalar_relative_comm
utant' on page 247 undefined on input line 1017.

) (./chapter/ch09_channel_asymptotics_corner_and_overlap_decompositions.tex
[247]

LaTeX Warning: Reference `thm:corner_compression_partial_isometry_transport' on
 page 248 undefined on input line 57.


LaTeX Warning: Reference `thm:corner_compression_partial_isometry_transport' on
 page 248 undefined on input line 69.


LaTeX Warning: Citation `Beigi2012Classification' on page 248 undefined on inpu
t line 98.


LaTeX Warning: Reference `eq:spectral_overlap_commute' on page 248 undefined on
 input line 103.


LaTeX Warning: Reference `thm:commuting_overlapping_middle_coefficients' on pag
e 248 undefined on input line 129.

[248]

LaTeX Warning: Citation `Beigi2012Classification' on page 249 undefined on inpu
t line 175.


LaTeX Warning: Reference `thm:commuting_overlapping_middle_coefficients' on pag
e 249 undefined on input line 180.


LaTeX Warning: Reference `thm:commuting_overlapping_middle_coefficients' on pag
e 249 undefined on input line 183.


LaTeX Warning: Reference `thm:starSubalgebra_complementary_spatial_actions' on 
page 249 undefined on input line 186.


LaTeX Warning: Reference `eq:spectral_overlap_coeff_actions' on page 249 undefi
ned on input line 188.


LaTeX Warning: Citation `Beigi2012Classification' on page 249 undefined on inpu
t line 214.


LaTeX Warning: Reference `thm:commuting_overlapping_coefficient_spatial_decompo
sition' on page 249 undefined on input line 219.


LaTeX Warning: Reference `thm:commuting_overlapping_coefficient_spatial_decompo
sition' on page 249 undefined on input line 221.


LaTeX Warning: Reference `eq:spectral_overlap_coeff_actions' on page 249 undefi
ned on input line 227.


LaTeX Warning: Reference `eq:spectral_overlap_block_actions' on page 249 undefi
ned on input line 228.


LaTeX Warning: Reference `thm:commuting_overlapping_unitary_block_actions' on p
age 249 undefined on input line 238.

[249]

LaTeX Warning: Citation `Beigi2012Classification' on page 250 undefined on inpu
t line 262.


LaTeX Warning: Reference `thm:commuting_overlapping_unitary_block_actions' on p
age 250 undefined on input line 270.


LaTeX Warning: Reference `eq:spectral_overlap_block_sums' on page 250 undefined
 on input line 280.

) (./chapter/ch09_channel_asymptotics_direct_sum_schwarz_maps.tex

LaTeX Warning: Reference `def:direct_sum_density_matrices' on page 250 undefine
d on input line 26.


LaTeX Warning: Reference `thm:extreme_density_matrices' on page 250 undefined o
n input line 26.


LaTeX Warning: Reference `thm:extreme_density_matrices' on page 250 undefined o
n input line 39.


LaTeX Warning: Reference `def:kraus_map_between_direct_sums' on page 250 undefi
ned on input line 76.

[250]

LaTeX Warning: Reference `thm:kadison_schwarz' on page 251 undefined on input l
ine 98.


LaTeX Warning: Reference `eq:spectral_ds_extension_schwarz' on page 251 undefin
ed on input line 126.


LaTeX Warning: Reference `eq:spectral_ds_adjoint_schwarz' on page 251 undefined
 on input line 152.


LaTeX Warning: Reference `def:kraus_map_between_direct_sums' on page 251 undefi
ned on input line 173.


LaTeX Warning: Reference `lem:direct_sum_rectangular_trace_adjoint' on page 251
 undefined on input line 173.


LaTeX Warning: Reference `eq:spectral_ds_adjoint_multiplicative' on page 251 un
defined on input line 193.


LaTeX Warning: Citation `Cirac2016MPDO_arXiv' on page 251 undefined on input li
ne 197.


LaTeX Warning: Citation `WolfPerezGarcia2010Inverse' on page 251 undefined on i
nput line 198.


Overfull \hbox (3.03027pt too wide) in paragraph at lines 188--201
[] [][][] \TU/lmr/m/n/10 Complete positivity and trace preservation make both t
race adjoints unital Schwarz
[251]

LaTeX Warning: Reference `def:block_ideal' on page 252 undefined on input line 
219.


LaTeX Warning: Reference `def:block_ideal' on page 252 undefined on input line 
254.


LaTeX Warning: Reference `thm:direct_sum_inverse_cptp_star_equiv' on page 252 u
ndefined on input line 281.


LaTeX Warning: Reference `thm:dim_preserved' on page 252 undefined on input lin
e 281.

[252]

LaTeX Warning: Citation `Cirac2016MPDO_arXiv' on page 253 undefined on input li
ne 308.


LaTeX Warning: Reference `thm:direct_sum_inverse_cptp_star_equiv' on page 253 u
ndefined on input line 314.


LaTeX Warning: Reference `thm:dim_preserved' on page 253 undefined on input lin
e 314.


LaTeX Warning: Reference `thm:direct_sum_inverse_cptp_star_equiv' on page 253 u
ndefined on input line 315.


LaTeX Warning: Reference `thm:dim_preserved' on page 253 undefined on input lin
e 317.


LaTeX Warning: Reference `eq:spectral_ds_block_matching' on page 253 undefined 
on input line 319.


LaTeX Warning: Reference `thm:skolem_noether' on page 253 undefined on input li
ne 351.


LaTeX Warning: Citation `Cirac2016MPDO_arXiv' on page 253 undefined on input li
ne 382.


LaTeX Warning: Reference `thm:unitary_skolem_noether_matrix' on page 253 undefi
ned on input line 388.


LaTeX Warning: Reference `thm:dim_preserved' on page 253 undefined on input lin
e 388.


LaTeX Warning: Reference `thm:direct_sum_inverse_cptp_star_equiv' on page 253 u
ndefined on input line 388.


LaTeX Warning: Reference `eq:spectral_ds_block_unitary' on page 253 undefined o
n input line 396.

[253]

LaTeX Warning: Reference `eq:spectral_ds_forward_unitary' on page 254 undefined
 on input line 443.


LaTeX Warning: Reference `eq:spectral_ds_inverse_unitary' on page 254 undefined
 on input line 445.


LaTeX Warning: Reference `thm:direct_sum_inverse_cptp_star_equiv' on page 254 u
ndefined on input line 455.


LaTeX Warning: Reference `thm:direct_sum_star_equiv_block_unitary' on page 254 
undefined on input line 455.


LaTeX Warning: Reference `lem:direct_sum_block_unitary_trace_preserving' on pag
e 254 undefined on input line 455.


LaTeX Warning: Reference `lem:direct_sum_trace_adjoint_star_equiv_inverse' on p
age 254 undefined on input line 455.


LaTeX Warning: Reference `lem:direct_sum_rectangular_trace_adjoint' on page 254
 undefined on input line 455.


LaTeX Warning: Reference `thm:direct_sum_star_equiv_block_unitary' on page 254 
undefined on input line 458.


LaTeX Warning: Reference `lem:direct_sum_block_unitary_trace_preserving' on pag
e 254 undefined on input line 460.


LaTeX Warning: Reference `lem:direct_sum_trace_adjoint_star_equiv_inverse' on p
age 254 undefined on input line 462.


LaTeX Warning: Reference `eq:spectral_ds_forward_unitary' on page 254 undefined
 on input line 466.


LaTeX Warning: Reference `eq:spectral_ds_inverse_unitary' on page 254 undefined
 on input line 467.


LaTeX Warning: Reference `thm:positive_unital_adjoint_mean_ergodic_retraction' 
on page 254 undefined on input line 479.


LaTeX Warning: Reference `thm:fixedPointsStarSubalgebra' on page 254 undefined 
on input line 479.


LaTeX Warning: Reference `thm:positive_retraction_finite_star_algebra' on page 
254 undefined on input line 479.


LaTeX Warning: Citation `Wolf2012Quantum' on page 254 undefined on input line 4
97.


LaTeX Warning: Reference `thm:positive_unital_adjoint_mean_ergodic_retraction' 
on page 254 undefined on input line 504.


LaTeX Warning: Reference `thm:fixedPointsStarSubalgebra' on page 254 undefined 
on input line 504.


LaTeX Warning: Reference `thm:positive_retraction_finite_star_algebra' on page 
254 undefined on input line 504.


LaTeX Warning: Reference `eq:spectral_ds_adjoint_fixed_blocks' on page 254 unde
fined on input line 519.


LaTeX Warning: Reference `eq:spectral_ds_adjoint_projection' on page 254 undefi
ned on input line 520.


LaTeX Warning: Reference `thm:adjoint_mean_ergodic_projection_weighted_block_fo
rm' on page 254 undefined on input line 529.


LaTeX Warning: Reference `thm:adjoint_mean_ergodic_projection_weighted_block_fo
rm' on page 254 undefined on input line 531.

[254]

LaTeX Warning: Citation `Wolf2012Quantum' on page 255 undefined on input line 5
48.


LaTeX Warning: Reference `thm:adjoint_mean_ergodic_projection_weighted_block_fo
rm' on page 255 undefined on input line 554.


LaTeX Warning: Reference `eq:spectral_ds_density_projection' on page 255 undefi
ned on input line 564.


LaTeX Warning: Reference `eq:spectral_ds_density_fixed_blocks' on page 255 unde
fined on input line 566.


LaTeX Warning: Reference `thm:direct_sum_full_matrix_extension_compatibility' o
n page 255 undefined on input line 577.


LaTeX Warning: Reference `thm:mean_ergodic_projection_density_block_form' on pa
ge 255 undefined on input line 577.


LaTeX Warning: Citation `Cirac2016MPDO_arXiv' on page 255 undefined on input li
ne 594.


LaTeX Warning: Reference `thm:direct_sum_full_matrix_extension_compatibility' o
n page 255 undefined on input line 603.


LaTeX Warning: Reference `thm:mean_ergodic_projection_density_block_form' on pa
ge 255 undefined on input line 603.


LaTeX Warning: Reference `eq:spectral_ds_fixed_point_form' on page 255 undefine
d on input line 613.


Package hyperref Warning: Token not allowed in a PDF string (Unicode):
(hyperref)                removing `math shift' on input line 616.


Package hyperref Warning: Token not allowed in a PDF string (Unicode):
(hyperref)                removing `math shift' on input line 616.


LaTeX Warning: Reference `thm:starSubalgebra_wedderburnArtin' on page 255 undef
ined on input line 618.


LaTeX Warning: Citation `SchumacherWerner2004' on page 255 undefined on input l
ine 621.


LaTeX Warning: Citation `GrossNesmeVogtsWerner2012' on page 255 undefined on in
put line 626.


LaTeX Warning: Citation `gap:sw04_csform_matrix_scope' on page 255 undefined on
 input line 631.

[255]

LaTeX Warning: Reference `thm:starSubalgebra_wedderburnArtin' on page 256 undef
ined on input line 648.


LaTeX Warning: Reference `eq:scalar_centre_conjugation' on page 256 undefined o
n input line 650.


LaTeX Warning: Reference `def:matrix_innerAlgEquiv' on page 256 undefined on in
put line 660.


LaTeX Warning: Reference `def:matrix_innerAlgEquiv' on page 256 undefined on in
put line 668.


LaTeX Warning: Reference `thm:skolem_noether' on page 256 undefined on input li
ne 668.


LaTeX Warning: Reference `thm:skolem_noether' on page 256 undefined on input li
ne 672.


LaTeX Warning: Reference `eq:scalar_centre_transported_adjoint' on page 256 und
efined on input line 680.


LaTeX Warning: Reference `eq:scalar_centre_transported_adjoint' on page 256 und
efined on input line 688.


LaTeX Warning: Reference `eq:scalar_centre_positive_pairing' on page 256 undefi
ned on input line 704.


LaTeX Warning: Reference `eq:scalar_centre_positive_pairing' on page 256 undefi
ned on input line 706.


LaTeX Warning: Reference `eq:scalar_centre_transported_adjoint' on page 256 und
efined on input line 710.


LaTeX Warning: Reference `eq:scalar_centre_transported_adjoint' on page 256 und
efined on input line 713.


LaTeX Warning: Reference `thm:starSubalgebra_wedderburnArtin' on page 256 undef
ined on input line 733.


LaTeX Warning: Reference `thm:starSubalgebra_wedderburnArtin' on page 256 undef
ined on input line 734.

[256]

LaTeX Warning: Reference `thm:starSubalgebra_isSimpleRing_of_isCentral' on page
 257 undefined on input line 748.


LaTeX Warning: Reference `thm:starSubalgebra_isSimpleRing_of_isCentral' on page
 257 undefined on input line 757.


LaTeX Warning: Reference `thm:starSubalgebra_starAlgEquiv_of_algEquiv_matrix' o
n page 257 undefined on input line 757.


LaTeX Warning: Reference `thm:starSubalgebra_isSimpleRing_of_isCentral' on page
 257 undefined on input line 758.


LaTeX Warning: Reference `thm:starSubalgebra_starAlgEquiv_of_algEquiv_matrix' o
n page 257 undefined on input line 762.

)
(./chapter/ch09_channel_asymptotics_direct_sum_corners_and_maximal_support.tex

LaTeX Warning: Reference `thm:cornerFixedPointsStarSubalgebra' on page 257 unde
fined on input line 3.


LaTeX Warning: Citation `Wolf2012Quantum' on page 257 undefined on input line 6
.


LaTeX Warning: Citation `Wolf2012Quantum' on page 257 undefined on input line 7
.


LaTeX Warning: Reference `def:support_proj' on page 257 undefined on input line
 17.


LaTeX Warning: Reference `def:kraus_map' on page 257 undefined on input line 17
.


LaTeX Warning: Reference `def:kraus_adjoint_map' on page 257 undefined on input
 line 17.


LaTeX Warning: Reference `def:tp_kraus' on page 257 undefined on input line 17.



LaTeX Warning: Citation `Wolf2012Quantum' on page 257 undefined on input line 4
3.


LaTeX Warning: Reference `thm:support_proj_fixed' on page 257 undefined on inpu
t line 50.


LaTeX Warning: Reference `thm:supported_kraus_corner_compression' on page 257 u
ndefined on input line 50.


LaTeX Warning: Reference `thm:compression_on_support_posDef' on page 257 undefi
ned on input line 50.


LaTeX Warning: Reference `thm:adjointFixedPoints_block_form' on page 257 undefi
ned on input line 50.


LaTeX Warning: Reference `thm:support_proj_fixed' on page 257 undefined on inpu
t line 52.


LaTeX Warning: Reference `thm:supported_kraus_corner_compression' on page 257 u
ndefined on input line 54.


LaTeX Warning: Reference `thm:compression_on_support_posDef' on page 257 undefi
ned on input line 60.


LaTeX Warning: Reference `thm:adjointFixedPoints_block_form' on page 257 undefi
ned on input line 62.

[257]

LaTeX Warning: Reference `eq:spectral_ds_corner_element' on page 258 undefined 
on input line 77.


LaTeX Warning: Reference `eq:spectral_ds_corner_blocks' on page 258 undefined o
n input line 78.


LaTeX Warning: Reference `def:tp_kraus' on page 258 undefined on input line 86.



LaTeX Warning: Reference `thm:fixedPointsStarSubalgebra' on page 258 undefined 
on input line 86.


LaTeX Warning: Reference `thm:fixedPointsStarSubalgebra' on page 258 undefined 
on input line 95.


LaTeX Warning: Reference `thm:fixedPointsStarSubalgebra' on page 258 undefined 
on input line 100.


LaTeX Warning: Citation `Wolf2012Quantum' on page 258 undefined on input line 1
13.


LaTeX Warning: Reference `thm:maximalSupport_fixedPoint' on page 258 undefined 
on input line 118.


LaTeX Warning: Reference `thm:maximalSupport_weightedCorner' on page 258 undefi
ned on input line 121.


LaTeX Warning: Reference `def:tp_kraus' on page 258 undefined on input line 129
.


LaTeX Warning: Reference `def:support_proj' on page 258 undefined on input line
 129.


LaTeX Warning: Reference `rem:corner_algebra_star_instances' on page 258 undefi
ned on input line 129.


LaTeX Warning: Reference `thm:weightedFixedPointsStarSubalgebra' on page 258 un
defined on input line 141.


LaTeX Warning: Reference `thm:supported_kraus_corner_compression' on page 258 u
ndefined on input line 141.


LaTeX Warning: Reference `thm:compression_on_support_posDef' on page 258 undefi
ned on input line 141.


LaTeX Warning: Reference `thm:support_proj_fixed' on page 258 undefined on inpu
t line 141.


LaTeX Warning: Reference `thm:support_proj_fixed' on page 258 undefined on inpu
t line 157.


LaTeX Warning: Reference `thm:supported_kraus_corner_compression' on page 258 u
ndefined on input line 159.


LaTeX Warning: Reference `thm:compression_on_support_posDef' on page 258 undefi
ned on input line 164.

[258]

LaTeX Warning: Reference `thm:weightedFixedPointsStarSubalgebra' on page 259 un
defined on input line 192.


Overfull \hbox (1.70528pt too wide) in paragraph at lines 194--196
[]\TU/lmr/m/n/10 Closure under multiplication transports back through the corre
spondence. A corner-supported

LaTeX Warning: Reference `thm:weightedCorner_sqrt_surjective' on page 259 undef
ined on input line 209.


Overfull \hbox (0.70833pt too wide) in paragraph at lines 208--211
[]\TU/lmr/m/n/10 Combined with the conjugation correspondence of Theorem [], th
e carrier of this $[]$-subalgebra

LaTeX Warning: Citation `Wolf2012Quantum' on page 259 undefined on input line 2
18.


LaTeX Warning: Reference `def:tp_kraus' on page 259 undefined on input line 226
.


LaTeX Warning: Reference `def:support_proj' on page 259 undefined on input line
 226.


LaTeX Warning: Reference `thm:weightedCornerFixedPointsStarSubalgebra' on page 
259 undefined on input line 228.


LaTeX Warning: Reference `thm:supported_kraus_corner_compression' on page 259 u
ndefined on input line 237.


LaTeX Warning: Reference `thm:compression_on_support_posDef' on page 259 undefi
ned on input line 237.


LaTeX Warning: Reference `thm:support_proj_fixed' on page 259 undefined on inpu
t line 237.


LaTeX Warning: Reference `thm:supported_kraus_corner_compression' on page 259 u
ndefined on input line 238.


LaTeX Warning: Reference `thm:weightedCornerFixedPointsStarSubalgebra' on page 
259 undefined on input line 240.


LaTeX Warning: Reference `eq:spectral_ds_weighted_transport' on page 259 undefi
ned on input line 250.


LaTeX Warning: Reference `def:channel' on page 259 undefined on input line 272.



LaTeX Warning: Reference `def:tp_kraus' on page 259 undefined on input line 272
.


LaTeX Warning: Reference `def:support_proj' on page 259 undefined on input line
 288.

[259]

LaTeX Warning: Reference `def:support_proj' on page 260 undefined on input line
 295.


LaTeX Warning: Reference `def:positive_map' on page 260 undefined on input line
 321.


LaTeX Warning: Reference `def:has_bounded_orbits' on page 260 undefined on inpu
t line 321.


LaTeX Warning: Reference `def:mean_ergodic_projection' on page 260 undefined on
 input line 321.


LaTeX Warning: Reference `def:support_proj' on page 260 undefined on input line
 321.


LaTeX Warning: Citation `Wolf2012Quantum' on page 260 undefined on input line 3
28.


LaTeX Warning: Reference `thm:positive_mean_ergodic_projection' on page 260 und
efined on input line 336.


LaTeX Warning: Reference `thm:mean_ergodic_bounded_orbits' on page 260 undefine
d on input line 336.


LaTeX Warning: Reference `thm:positive_map_conjTranspose' on page 260 undefined
 on input line 336.


LaTeX Warning: Reference `thm:psd_le_trace_smul_one' on page 260 undefined on i
nput line 336.


LaTeX Warning: Reference `lem:stationaryProj_absorb_of_le' on page 260 undefine
d on input line 336.


LaTeX Warning: Reference `def:positive_map' on page 260 undefined on input line
 366.


LaTeX Warning: Reference `def:trace_preserving' on page 260 undefined on input 
line 366.


LaTeX Warning: Reference `def:mean_ergodic_projection' on page 260 undefined on
 input line 366.


LaTeX Warning: Reference `def:support_proj' on page 260 undefined on input line
 366.


LaTeX Warning: Citation `Wolf2012Quantum' on page 260 undefined on input line 3
72.


LaTeX Warning: Reference `thm:positive_trace_preserving_mean_ergodic_projection
' on page 260 undefined on input line 378.


LaTeX Warning: Reference `thm:maximalSupport_fixedPoint_of_bounded_orbits' on p
age 260 undefined on input line 378.


LaTeX Warning: Reference `thm:positive_trace_preserving_mean_ergodic_projection
' on page 260 undefined on input line 379.


LaTeX Warning: Reference `thm:maximalSupport_fixedPoint_of_bounded_orbits' on p
age 260 undefined on input line 381.


LaTeX Warning: Reference `def:positive_map' on page 260 undefined on input line
 389.


LaTeX Warning: Reference `def:support_proj' on page 260 undefined on input line
 389.


LaTeX Warning: Reference `lem:stationaryProj_absorb_of_le' on page 260 undefine
d on input line 389.


LaTeX Warning: Reference `lem:stationaryProj_absorb_of_le' on page 260 undefine
d on input line 402.

[260]

LaTeX Warning: Reference `eq:spectral_ds_support_invariance' on page 261 undefi
ned on input line 426.


LaTeX Warning: Citation `Wolf2012Quantum' on page 261 undefined on input line 4
44.


LaTeX Warning: Reference `thm:stationarySupport_restriction' on page 261 undefi
ned on input line 449.


LaTeX Warning: Reference `thm:stationarySupport_restriction' on page 261 undefi
ned on input line 451.


LaTeX Warning: Reference `eq:wolf_stationary_subspace_trace' on page 261 undefi
ned on input line 453.


LaTeX Warning: Reference `eq:wolf_stationary_subspace_order' on page 261 undefi
ned on input line 458.


LaTeX Warning: Reference `def:positive_map' on page 261 undefined on input line
 465.


LaTeX Warning: Reference `def:trace_preserving' on page 261 undefined on input 
line 465.


LaTeX Warning: Citation `Wolf2012Quantum' on page 261 undefined on input line 4
74.


LaTeX Warning: Reference `thm:maximalSupport_fixedPoint' on page 261 undefined 
on input line 506.


LaTeX Warning: Reference `thm:stationarySupport_restriction' on page 261 undefi
ned on input line 506.

[261]

LaTeX Warning: Citation `Wolf2012Quantum' on page 262 undefined on input line 5
30.


LaTeX Warning: Reference `thm:maximalSupport_fixedPoint' on page 262 undefined 
on input line 536.


LaTeX Warning: Reference `thm:stationarySupport_restriction' on page 262 undefi
ned on input line 536.


LaTeX Warning: Reference `thm:maximalSupport_fixedPoint' on page 262 undefined 
on input line 537.


LaTeX Warning: Reference `thm:stationarySupport_restriction' on page 262 undefi
ned on input line 541.


LaTeX Warning: Reference `eq:spectral_ds_compression_intertwining' on page 262 
undefined on input line 550.


LaTeX Warning: Reference `eq:spectral_ds_compression_intertwining' on page 262 
undefined on input line 581.


LaTeX Warning: Reference `eq:spectral_ds_compression_fixed' on page 262 undefin
ed on input line 583.


LaTeX Warning: Citation `Wolf2012Quantum' on page 262 undefined on input line 5
87.

) (./chapter/ch09_channel_asymptotics_fixed_point_structure_and_cycles.tex
[262]

LaTeX Warning: Reference `thm:posdef_partial_trace_left' on page 263 undefined 
on input line 51.


LaTeX Warning: Reference `thm:posdef_partial_trace_right' on page 263 undefined
 on input line 51.


LaTeX Warning: Reference `thm:posdef_partial_trace_left' on page 263 undefined 
on input line 52.


LaTeX Warning: Reference `thm:posdef_partial_trace_right' on page 263 undefined
 on input line 54.


LaTeX Warning: Citation `Wolf2012Quantum' on page 263 undefined on input line 7
3.


LaTeX Warning: Reference `thm:stationarySupport_restriction' on page 263 undefi
ned on input line 78.


LaTeX Warning: Reference `eq:wolf_stationary_support_adjoint_fixed' on page 263
 undefined on input line 90.


LaTeX Warning: Reference `thm:stationarySupport_compression' on page 263 undefi
ned on input line 101.


LaTeX Warning: Reference `thm:mean_ergodic_projection_density_block_form' on pa
ge 263 undefined on input line 101.


LaTeX Warning: Citation `Wolf2012Quantum' on page 263 undefined on input line 1
17.


LaTeX Warning: Reference `thm:wolf_6_14' on page 263 undefined on input line 12
0.


LaTeX Warning: Reference `thm:stationarySupport_compression' on page 263 undefi
ned on input line 128.


LaTeX Warning: Reference `lem:trace_adjoint_stationary_support_compression_fixe
d' on page 263 undefined on input line 128.


LaTeX Warning: Reference `thm:mean_ergodic_projection_density_block_form' on pa
ge 263 undefined on input line 128.


LaTeX Warning: Reference `thm:posdef_left_kronecker_trace_one' on page 263 unde
fined on input line 128.


LaTeX Warning: Reference `thm:stationarySupport_compression' on page 263 undefi
ned on input line 129.


LaTeX Warning: Reference `thm:mean_ergodic_projection_density_block_form' on pa
ge 263 undefined on input line 136.


LaTeX Warning: Reference `eq:spectral_max_support_blocks' on page 263 undefined
 on input line 137.

[263]

LaTeX Warning: Reference `thm:posdef_left_kronecker_trace_one' on page 264 unde
fined on input line 150.


LaTeX Warning: Reference `thm:maximal_support_compression_density_blocks' on pa
ge 264 undefined on input line 158.


LaTeX Warning: Citation `Wolf2012Quantum' on page 264 undefined on input line 1
74.


LaTeX Warning: Reference `thm:maximal_support_compression_density_blocks' on pa
ge 264 undefined on input line 183.


LaTeX Warning: Reference `thm:isometric_inclusion_zero_extension' on page 264 u
ndefined on input line 183.


LaTeX Warning: Reference `eq:spectral_max_support_blocks' on page 264 undefined
 on input line 187.


LaTeX Warning: Reference `thm:isometric_inclusion_zero_extension' on page 264 u
ndefined on input line 197.


LaTeX Warning: Reference `eq:spectral_zero_extension' on page 264 undefined on 
input line 206.


LaTeX Warning: Reference `eq:spectral_fixed_density_blocks' on page 264 undefin
ed on input line 207.


LaTeX Warning: Reference `thm:maximal_support_compression_density_blocks' on pa
ge 264 undefined on input line 211.


LaTeX Warning: Reference `thm:wolf_6_14' on page 264 undefined on input line 22
2.


LaTeX Warning: Reference `thm:compression_on_support_posDef' on page 264 undefi
ned on input line 222.


LaTeX Warning: Reference `thm:wolf_6_14' on page 264 undefined on input line 23
7.


LaTeX Warning: Reference `thm:compression_on_support_posDef' on page 264 undefi
ned on input line 237.


LaTeX Warning: Reference `thm:wolf_6_14' on page 264 undefined on input line 23
9.


LaTeX Warning: Reference `eq:spectral_weighted_corner_fixed_points' on page 264
 undefined on input line 252.

[264]

LaTeX Warning: Reference `thm:abstract_weighted_corner_fixed_points' on page 26
5 undefined on input line 265.


LaTeX Warning: Reference `thm:maximalSupport_of_maximalRank' on page 265 undefi
ned on input line 265.


LaTeX Warning: Citation `Wolf2012Quantum' on page 265 undefined on input line 2
74.


LaTeX Warning: Reference `thm:wolf_6_14' on page 265 undefined on input line 27
9.


LaTeX Warning: Reference `thm:abstract_weighted_corner_fixed_points' on page 26
5 undefined on input line 279.


LaTeX Warning: Reference `thm:maximalSupport_of_maximalRank' on page 265 undefi
ned on input line 279.


LaTeX Warning: Reference `thm:maximalSupport_of_maximalRank' on page 265 undefi
ned on input line 280.


LaTeX Warning: Reference `eq:spectral_weighted_corner_fixed_points' on page 265
 undefined on input line 290.


LaTeX Warning: Reference `eq:spectral_wolf_corollary_6_7' on page 265 undefined
 on input line 291.


LaTeX Warning: Reference `thm:wolf_6_14' on page 265 undefined on input line 29
2.


LaTeX Warning: Reference `def:tp_kraus' on page 265 undefined on input line 300
.


LaTeX Warning: Reference `def:support_proj' on page 265 undefined on input line
 300.


LaTeX Warning: Reference `thm:maximalSupport_fixedPoint' on page 265 undefined 
on input line 310.


LaTeX Warning: Reference `thm:weightedCorner_sqrt_surjective' on page 265 undef
ined on input line 310.


LaTeX Warning: Reference `thm:maximalSupport_fixedPoint' on page 265 undefined 
on input line 312.


LaTeX Warning: Reference `thm:weightedCorner_sqrt_surjective' on page 265 undef
ined on input line 314.


LaTeX Warning: Reference `thm:weightedCornerFixedPointsStarSubalgebra' on page 
265 undefined on input line 320.


LaTeX Warning: Citation `Wolf2012Quantum' on page 265 undefined on input line 3
27.


LaTeX Warning: Citation `Wolf2012Quantum' on page 265 undefined on input line 3
31.


LaTeX Warning: Reference `def:support_proj' on page 265 undefined on input line
 340.


LaTeX Warning: Reference `def:support_proj' on page 265 undefined on input line
 347.


Overfull \hbox (31.08292pt too wide) in paragraph at lines 346--352
[] [][][] []\TU/lmr/m/n/10 In the spectral decomposition $[] [] [] [][][][][][]
$, the support projection is $[] [][][][][][][]$.

LaTeX Warning: Reference `def:support_proj' on page 265 undefined on input line
 367.

[265]

LaTeX Warning: Reference `def:support_proj' on page 266 undefined on input line
 374.


LaTeX Warning: Reference `def:support_proj' on page 266 undefined on input line
 393.


LaTeX Warning: Reference `thm:maximalSupport_fixedPoint' on page 266 undefined 
on input line 408.


LaTeX Warning: Reference `lem:rank_stationaryProj' on page 266 undefined on inp
ut line 408.


LaTeX Warning: Reference `lem:trace_stationaryProj' on page 266 undefined on in
put line 408.


LaTeX Warning: Reference `thm:maximalSupport_fixedPoint' on page 266 undefined 
on input line 410.


LaTeX Warning: Reference `lem:rank_stationaryProj' on page 266 undefined on inp
ut line 425.


LaTeX Warning: Reference `lem:trace_stationaryProj' on page 266 undefined on in
put line 445.


LaTeX Warning: Reference `def:support_proj' on page 266 undefined on input line
 456.


LaTeX Warning: Reference `thm:maximalSupport_of_maximalRank' on page 266 undefi
ned on input line 466.


LaTeX Warning: Reference `thm:weightedCorner_sqrt_surjective' on page 266 undef
ined on input line 466.


LaTeX Warning: Reference `thm:maximalSupport_of_maximalRank' on page 266 undefi
ned on input line 467.


LaTeX Warning: Reference `thm:weightedCorner_sqrt_surjective' on page 266 undef
ined on input line 469.


LaTeX Warning: Reference `thm:weightedCornerFixedPointsStarSubalgebra' on page 
266 undefined on input line 475.


LaTeX Warning: Citation `Wolf2012Quantum' on page 266 undefined on input line 4
83.


Overfull \hbox (137.52632pt too wide) in paragraph at lines 485--490
[]\TU/lmr/m/n/10 The declarations \TU/lmtt/m/n/10 Kraus.maximalSupport_of_maxim
alRank \TU/lmr/m/n/10 and \TU/lmtt/m/n/10 Kraus.exists_weightedCorner_sqrt_eq_o
f_maximalRank
[266]

LaTeX Warning: Citation `Wolf2012Quantum' on page 267 undefined on input line 4
94.


LaTeX Warning: Reference `thm:wolf_6_2' on page 267 undefined on input line 496
.


LaTeX Warning: Reference `thm:wolf_6_2_item_3' on page 267 undefined on input l
ine 497.


Overfull \hbox (15.73227pt too wide) in paragraph at lines 501--505
[][]\TU/lmr/bx/n/10 Definition 10.12.1 \TU/lmr/m/n/10 (Exact Kraus word spans)\
TU/lmr/bx/n/10 . [][][] [][][] [][] [][][] \TU/lmr/m/n/10 For a finite Kraus fa
mily $[][][] [] [] [][] []

LaTeX Warning: Reference `def:kraus_exact_word_span' on page 267 undefined on i
nput line 525.


LaTeX Warning: Reference `def:kraus_eventually_full_word_span' on page 267 unde
fined on input line 525.


LaTeX Warning: Citation `Wolf2012Quantum' on page 267 undefined on input line 5
68.


LaTeX Warning: Citation `gap:wolf_theorem6_16_schwarz_orientation' on page 267 
undefined on input line 578.

[267]

LaTeX Warning: Reference `def:positive_map' on page 268 undefined on input line
 598.


LaTeX Warning: Reference `def:trace_preserving' on page 268 undefined on input 
line 598.


LaTeX Warning: Reference `def:abstract_schwarz_inequality' on page 268 undefine
d on input line 598.


LaTeX Warning: Reference `def:positive_map' on page 268 undefined on input line
 626.


LaTeX Warning: Reference `def:trace_preserving' on page 268 undefined on input 
line 626.


LaTeX Warning: Reference `def:abstract_schwarz_inequality' on page 268 undefine
d on input line 626.


LaTeX Warning: Reference `def:positive_map' on page 268 undefined on input line
 664.


LaTeX Warning: Reference `def:trace_preserving' on page 268 undefined on input 
line 664.


LaTeX Warning: Reference `def:abstract_schwarz_inequality' on page 268 undefine
d on input line 664.


LaTeX Warning: Reference `def:peripheral_spectral_projections' on page 268 unde
fined on input line 664.


LaTeX Warning: Reference `cor:peripheral_projection_channel' on page 268 undefi
ned on input line 664.


LaTeX Warning: Reference `thm:peripheral_asymptotic_image' on page 268 undefine
d on input line 664.


LaTeX Warning: Citation `Wolf2012Quantum' on page 268 undefined on input line 6
82.


LaTeX Warning: Reference `lem:positive_trace_schwarz_limit_closure' on page 268
 undefined on input line 691.


LaTeX Warning: Reference `thm:peripheral_projection_recurrent_subsequence' on p
age 268 undefined on input line 691.


LaTeX Warning: Reference `lem:non_peripheral_pow_vanishing' on page 268 undefin
ed on input line 691.


LaTeX Warning: Reference `thm:peripheral_spectral_projection_properties' on pag
e 268 undefined on input line 691.

[268]

LaTeX Warning: Reference `thm:wolf_6_14' on page 269 undefined on input line 74
9.


LaTeX Warning: Reference `thm:wolf_cycle_recurrent_peripheral_inverse' on page 
269 undefined on input line 749.


LaTeX Warning: Reference `thm:extreme_direct_sum_density_matrices' on page 269 
undefined on input line 749.


LaTeX Warning: Reference `thm:wolf_connected_pure_state_proj_image' on page 269
 undefined on input line 749.


LaTeX Warning: Reference `thm:linear_map_eq_of_eq_on_pure_state_matrix' on page
 269 undefined on input line 749.


LaTeX Warning: Reference `thm:wolf_6_14' on page 269 undefined on input line 75
2.


LaTeX Warning: Reference `thm:wolf_cycle_recurrent_peripheral_inverse' on page 
269 undefined on input line 755.


LaTeX Warning: Reference `thm:wolf_6_16' on page 269 undefined on input line 78
5.

[269]

LaTeX Warning: Reference `def:positive_map' on page 270 undefined on input line
 847.


LaTeX Warning: Reference `def:trace_preserving' on page 270 undefined on input 
line 847.


LaTeX Warning: Reference `def:abstract_schwarz_inequality' on page 270 undefine
d on input line 847.


LaTeX Warning: Reference `thm:wolf_cycle_density_block_face_permutation' on pag
e 270 undefined on input line 847.


LaTeX Warning: Reference `thm:wolf_cycle_density_block_face_permutation' on pag
e 270 undefined on input line 851.


LaTeX Warning: Reference `thm:wolf_cycle_density_block_face_permutation' on pag
e 270 undefined on input line 871.


LaTeX Warning: Reference `eq:cycle_matched_multiplicity' on page 270 undefined 
on input line 884.


LaTeX Warning: Reference `thm:wolf_cycle_schwarz_unital_kronecker' on page 270 
undefined on input line 890.


LaTeX Warning: Reference `thm:wolf_cycle_density_block_face_permutation' on pag
e 270 undefined on input line 890.


LaTeX Warning: Reference `eq:cycle_mixed_weights' on page 270 undefined on inpu
t line 894.


LaTeX Warning: Reference `eq:cycle_matched_multiplicity' on page 270 undefined 
on input line 900.


LaTeX Warning: Reference `eq:cycle_weighted_defect' on page 270 undefined on in
put line 918.


LaTeX Warning: Reference `eq:cycle_raw_schwarz' on page 270 undefined on input 
line 920.


LaTeX Warning: Reference `def:inverse_of_bijective_matrix_endomorphism' on page
 270 undefined on input line 935.


LaTeX Warning: Reference `def:positive_map' on page 270 undefined on input line
 935.


LaTeX Warning: Reference `def:trace_preserving' on page 270 undefined on input 
line 935.


LaTeX Warning: Reference `def:unitary_channel' on page 270 undefined on input l
ine 935.


LaTeX Warning: Reference `def:abstract_schwarz_inequality' on page 270 undefine
d on input line 935.


LaTeX Warning: Reference `eq:schwarz_abstract_inequality' on page 270 undefined
 on input line 938.

[270]

LaTeX Warning: Reference `thm:wolf_positive_invertible_maps' on page 271 undefi
ned on input line 949.


LaTeX Warning: Reference `thm:wolf_cycle_density_block_schwarz' on page 271 und
efined on input line 966.


LaTeX Warning: Reference `thm:wolf_cycle_schwarz_excludes_transpose' on page 27
1 undefined on input line 966.


Overfull \hbox (26.44983pt too wide) in paragraph at lines 1006--1012
[]\TU/lmr/m/it/10 The compiled statement retains the equivalence $[][]$ and the
 literal zero extension $[][][][] [][] [][] [][]$

LaTeX Warning: Reference `thm:wolf_cycle_density_block_schwarz' on page 271 und
efined on input line 1016.


LaTeX Warning: Reference `thm:wolf_cycle_schwarz_excludes_transpose' on page 27
1 undefined on input line 1022.

[271]

LaTeX Warning: Reference `def:multi_cycle_decomposition' on page 272 undefined 
on input line 1072.


LaTeX Warning: Reference `def:multi_cycle_decomposition' on page 272 undefined 
on input line 1079.


LaTeX Warning: Reference `thm:multi_cycle_preserves_corner_pow_period' on page 
272 undefined on input line 1091.


LaTeX Warning: Reference `thm:multi_cycle_preserves_corner_pow_period' on page 
272 undefined on input line 1098.


LaTeX Warning: Reference `thm:multi_cycle_preserves_corner_pow_period' on page 
272 undefined on input line 1101.


LaTeX Warning: Reference `def:multi_cycle_decomposition' on page 272 undefined 
on input line 1108.


LaTeX Warning: Reference `def:cycle_structure' on page 272 undefined on input l
ine 1108.

)) (./chapter/ch09_channel_asymptotics_supporting_results.tex

LaTeX Warning: Reference `thm:positive_trace_preserving_mean_ergodic_projection
' on page 272 undefined on input line 13.


LaTeX Warning: Reference `def:mean_ergodic_projection' on page 272 undefined on
 input line 15.

[272]

LaTeX Warning: Reference `def:positive_map' on page 273 undefined on input line
 22.


LaTeX Warning: Reference `def:mean_ergodic_projection' on page 273 undefined on
 input line 22.


LaTeX Warning: Reference `thm:mean_ergodic_bounded_orbits' on page 273 undefine
d on input line 22.


LaTeX Warning: Reference `eq:channel_mean_ergodic_limit' on page 273 undefined 
on input line 30.


LaTeX Warning: Reference `def:trace_preserving' on page 273 undefined on input 
line 38.


LaTeX Warning: Reference `def:mean_ergodic_projection' on page 273 undefined on
 input line 38.


LaTeX Warning: Reference `thm:mean_ergodic_bounded_orbits' on page 273 undefine
d on input line 38.


LaTeX Warning: Reference `def:mean_ergodic_projection' on page 273 undefined on
 input line 53.


LaTeX Warning: Reference `thm:mean_ergodic_bounded_orbits' on page 273 undefine
d on input line 53.


LaTeX Warning: Reference `thm:positive_trace_preserving_mean_ergodic_projection
' on page 273 undefined on input line 65.


LaTeX Warning: Reference `thm:positive_unital_adjoint_mean_ergodic_retraction' 
on page 273 undefined on input line 70.


LaTeX Warning: Reference `def:trace_preserving' on page 273 undefined on input 
line 78.


LaTeX Warning: Reference `def:trace_pairing_adjoint' on page 273 undefined on i
nput line 78.


LaTeX Warning: Reference `thm:trace_pairing_adjoint_identity' on page 273 undef
ined on input line 90.


LaTeX Warning: Reference `thm:trace_nondeg' on page 273 undefined on input line
 90.


LaTeX Warning: Reference `eq:channel_tp_adjoint_unital' on page 273 undefined o
n input line 93.


LaTeX Warning: Reference `def:mean_ergodic_projection' on page 273 undefined on
 input line 103.


LaTeX Warning: Reference `thm:mean_ergodic_bounded_orbits' on page 273 undefine
d on input line 103.


LaTeX Warning: Reference `thm:trace_pairing_adjoint_identity' on page 273 undef
ined on input line 117.


LaTeX Warning: Reference `thm:trace_nondeg' on page 273 undefined on input line
 117.


LaTeX Warning: Reference `thm:mean_ergodic_bounded_orbits' on page 273 undefine
d on input line 117.

[273]

LaTeX Warning: Reference `eq:channel_adjoint_mean_ergodic' on page 274 undefine
d on input line 145.


LaTeX Warning: Reference `thm:positive_unital_adjoint_mean_ergodic_retraction' 
on page 274 undefined on input line 151.


LaTeX Warning: Reference `thm:fixedPointsStarSubalgebra' on page 274 undefined 
on input line 156.


LaTeX Warning: Reference `thm:choi_effros_sandwich' on page 274 undefined on in
put line 157.


LaTeX Warning: Reference `thm:map_mem_multiplicativeDomain_of_idempotent' on pa
ge 274 undefined on input line 160.


LaTeX Warning: Reference `def:kraus_fixed_points' on page 274 undefined on inpu
t line 180.


LaTeX Warning: Reference `def:kraus_map' on page 274 undefined on input line 18
0.


LaTeX Warning: Reference `thm:map_mem_multiplicativeDomain_of_idempotent' on pa
ge 274 undefined on input line 186.


LaTeX Warning: Reference `thm:map_mem_multiplicativeDomain_of_idempotent' on pa
ge 274 undefined on input line 187.


Overfull \hbox (29.18623pt too wide) in paragraph at lines 185--192
[] [][][] []\TU/lmr/m/n/10 Theorem [] places $[][][][]$ in the multiplicative d
omain, so $[][][][][][][][] [] [][][][][][][][][][][] []

LaTeX Warning: Reference `def:kraus_fixed_points' on page 274 undefined on inpu
t line 197.


LaTeX Warning: Reference `def:kraus_map' on page 274 undefined on input line 19
7.


LaTeX Warning: Reference `thm:map_mem_multiplicativeDomain_of_idempotent' on pa
ge 274 undefined on input line 203.


LaTeX Warning: Reference `thm:map_mem_multiplicativeDomain_of_idempotent' on pa
ge 274 undefined on input line 204.


Overfull \hbox (28.29623pt too wide) in paragraph at lines 202--209
[] [][][] []\TU/lmr/m/n/10 Theorem [] places $[][][][]$ in the multiplicative d
omain, so $[][][][][][][][] [] [][][][][][][][][][][] []

LaTeX Warning: Reference `def:kraus_fixed_points' on page 274 undefined on inpu
t line 214.


LaTeX Warning: Reference `def:kraus_map' on page 274 undefined on input line 21
4.


LaTeX Warning: Reference `thm:choi_effros_left' on page 274 undefined on input 
line 220.


LaTeX Warning: Reference `thm:choi_effros_right' on page 274 undefined on input
 line 220.


LaTeX Warning: Reference `thm:choi_effros_left' on page 274 undefined on input 
line 221.


LaTeX Warning: Reference `thm:choi_effros_right' on page 274 undefined on input
 line 222.


LaTeX Warning: Reference `lem:exists_unitary_mul_eq_of_gram_eq' on page 274 und
efined on input line 233.


LaTeX Warning: Reference `ch:channel_representations' on page 274 undefined on 
input line 235.


LaTeX Warning: Reference `thm:channel_exists_stinespring_open_system_unitary' o
n page 274 undefined on input line 236.


LaTeX Warning: Reference `thm:wolf_6_14' on page 274 undefined on input line 23
8.

[274]

LaTeX Warning: Reference `lem:exists_unitary_mul_eq_of_gram_eq' on page 275 und
efined on input line 278.


LaTeX Warning: Reference `lem:exists_unitary_mul_eq_of_gram_eq' on page 275 und
efined on input line 291.


LaTeX Warning: Reference `lem:exists_unitary_mul_eq_of_gram_eq' on page 275 und
efined on input line 295.


LaTeX Warning: Reference `eq:representations_unitary_completion' on page 275 un
defined on input line 297.


LaTeX Warning: Reference `thm:wolf_6_14' on page 275 undefined on input line 30
3.

) (./chapter/ch10_wielandt.tex [275]
Chapter 11.

LaTeX Warning: Citation `Sanz2010Quantum' on page 276 undefined on input line 4
.

(./chapter/ch10_wielandt_cumulative_bound.tex

LaTeX Warning: Reference `sec:app_wielandt_exact_word_support' on page 276 unde
fined on input line 4.


LaTeX Warning: Reference `sec:app_wielandt_cumulative_support' on page 276 unde
fined on input line 6.


LaTeX Warning: Reference `def:kraus_eval_word' on page 276 undefined on input l
ine 24.


LaTeX Warning: Citation `Sanz2010Quantum' on page 276 undefined on input line 3
2.


LaTeX Warning: Citation `Sanz2010Quantum' on page 276 undefined on input line 3
9.


LaTeX Warning: Reference `def:kraus_map' on page 276 undefined on input line 50
.


LaTeX Warning: Reference `thm:kraus_map_iterate_word_expansion' on page 276 und
efined on input line 61.


Overfull \hbox (35.38342pt too wide) in paragraph at lines 60--65
[] [][][] []\TU/lmr/m/n/10 Expand the Kraus representation of the $[]$-fold ite
rate. Each summand is $[][][][][] [][][][][][][][] []
[276]

LaTeX Warning: Reference `def:kraus_map' on page 277 undefined on input line 71
.


LaTeX Warning: Reference `def:vector_spread_span' on page 277 undefined on inpu
t line 71.


LaTeX Warning: Reference `thm:kraus_iterate_rank_one_sum' on page 277 undefined
 on input line 80.


LaTeX Warning: Reference `thm:finite_frame_posdef' on page 277 undefined on inp
ut line 80.


LaTeX Warning: Reference `def:kraus_map' on page 277 undefined on input line 90
.


LaTeX Warning: Reference `thm:kraus_iterate_rank_one_sum' on page 277 undefined
 on input line 97.


LaTeX Warning: Reference `thm:kraus_iterate_rank_one_sum' on page 277 undefined
 on input line 99.


LaTeX Warning: Reference `def:kraus_map' on page 277 undefined on input line 10
7.


LaTeX Warning: Reference `def:vector_spread_span' on page 277 undefined on inpu
t line 107.


LaTeX Warning: Reference `thm:kraus_rank_one_posdef_from_spreading' on page 277
 undefined on input line 115.


LaTeX Warning: Reference `thm:kraus_iterate_psd' on page 277 undefined on input
 line 115.


LaTeX Warning: Reference `thm:kraus_rank_one_posdef_from_spreading' on page 277
 undefined on input line 118.


LaTeX Warning: Reference `thm:kraus_iterate_psd' on page 277 undefined on input
 line 119.


LaTeX Warning: Reference `def:kraus_map' on page 277 undefined on input line 12
6.


LaTeX Warning: Reference `def:vector_spread_span' on page 277 undefined on inpu
t line 126.


LaTeX Warning: Reference `thm:kraus_positivity_improving_from_spreading' on pag
e 277 undefined on input line 133.


LaTeX Warning: Reference `def:kraus_map' on page 277 undefined on input line 14
2.


LaTeX Warning: Reference `def:vector_spread_span' on page 277 undefined on inpu
t line 142.


LaTeX Warning: Reference `thm:kraus_positivity_improving_from_spreading' on pag
e 277 undefined on input line 150.


LaTeX Warning: Reference `thm:kraus_iterate_psd' on page 277 undefined on input
 line 150.


LaTeX Warning: Reference `def:kraus_map' on page 277 undefined on input line 16
0.


LaTeX Warning: Reference `def:vector_spread_span' on page 277 undefined on inpu
t line 160.


LaTeX Warning: Reference `def:irreducible_cp' on page 277 undefined on input li
ne 160.


LaTeX Warning: Reference `thm:kraus_invariant_compression_lower_zero' on page 2
77 undefined on input line 167.


LaTeX Warning: Reference `def:positive_map' on page 277 undefined on input line
 178.


LaTeX Warning: Reference `thm:positive_map_conjTranspose' on page 277 undefined
 on input line 184.


LaTeX Warning: Reference `thm:pow-on-eigenspace' on page 277 undefined on input
 line 198.


LaTeX Warning: Reference `thm:pow-on-eigenspace' on page 277 undefined on input
 line 199.

[277]

LaTeX Warning: Reference `def:positive_map' on page 278 undefined on input line
 206.


LaTeX Warning: Reference `thm:positive-map-conj-eigenvector' on page 278 undefi
ned on input line 213.


LaTeX Warning: Reference `thm:root-eigenvector-power-fixed' on page 278 undefin
ed on input line 213.


LaTeX Warning: Reference `def:trace_preserving' on page 278 undefined on input 
line 222.


LaTeX Warning: Reference `def:channel' on page 278 undefined on input line 236.



LaTeX Warning: Reference `thm:root-eigenvector-power-fixed' on page 278 undefin
ed on input line 245.


LaTeX Warning: Reference `thm:positive-map-conj-power-fixed' on page 278 undefi
ned on input line 245.


LaTeX Warning: Reference `thm:trace-preserving-eigenvector-trace-zero' on page 
278 undefined on input line 245.


LaTeX Warning: Reference `def:kraus_map' on page 278 undefined on input line 25
4.


LaTeX Warning: Reference `def:vector_spread_span' on page 278 undefined on inpu
t line 254.


LaTeX Warning: Reference `thm:kraus_power_fixed_point_posdef_from_spreading' on
 page 278 undefined on input line 262.


LaTeX Warning: Reference `thm:posdef_fixedpoint_proportional' on page 278 undef
ined on input line 262.


LaTeX Warning: Reference `def:cp_map' on page 278 undefined on input line 272.


LaTeX Warning: Reference `def:channel' on page 278 undefined on input line 287.



LaTeX Warning: Reference `thm:cp-map-natural-power' on page 278 undefined on in
put line 292.


LaTeX Warning: Reference `def:kraus_map' on page 278 undefined on input line 30
1.


LaTeX Warning: Reference `def:vector_spread_span' on page 278 undefined on inpu
t line 301.


LaTeX Warning: Reference `thm:channel-natural-power' on page 278 undefined on i
nput line 311.


LaTeX Warning: Reference `thm:cesaro_fixedpoint' on page 278 undefined on input
 line 311.


LaTeX Warning: Reference `thm:kraus-power-fixed-point-unique-from-spreading' on
 page 278 undefined on input line 311.


LaTeX Warning: Reference `thm:positive_fixedpoint_decomp' on page 278 undefined
 on input line 311.


LaTeX Warning: Reference `def:kraus_map' on page 278 undefined on input line 32
1.


LaTeX Warning: Reference `def:vector_spread_span' on page 278 undefined on inpu
t line 321.


LaTeX Warning: Reference `thm:cesaro_fixedpoint' on page 278 undefined on input
 line 337.


LaTeX Warning: Reference `thm:kraus_fixed_point_posdef_from_spreading' on page 
278 undefined on input line 337.


LaTeX Warning: Reference `thm:cesaro_fixedpoint' on page 278 undefined on input
 line 339.


LaTeX Warning: Reference `thm:kraus_fixed_point_posdef_from_spreading' on page 
278 undefined on input line 342.

[278]

LaTeX Warning: Reference `def:kraus_map' on page 279 undefined on input line 34
9.


LaTeX Warning: Reference `def:vector_spread_span' on page 279 undefined on inpu
t line 349.


LaTeX Warning: Reference `def:primitive_channel' on page 279 undefined on input
 line 349.


LaTeX Warning: Reference `thm:cesaro_fixedpoint' on page 279 undefined on input
 line 367.


LaTeX Warning: Reference `thm:kraus_irreducible_from_spreading' on page 279 und
efined on input line 367.


LaTeX Warning: Reference `thm:peripheral_roots_irreducible_channel' on page 279
 undefined on input line 367.


LaTeX Warning: Reference `thm:kraus-hermitian-power-fixed-point' on page 279 un
defined on input line 367.


LaTeX Warning: Reference `thm:kraus-hermitian-power-fixed-point-zero' on page 2
79 undefined on input line 367.


LaTeX Warning: Reference `thm:cesaro_fixedpoint' on page 279 undefined on input
 line 369.


LaTeX Warning: Reference `thm:kraus_irreducible_from_spreading' on page 279 und
efined on input line 371.


LaTeX Warning: Reference `thm:peripheral_roots_irreducible_channel' on page 279
 undefined on input line 373.


LaTeX Warning: Reference `thm:kraus-hermitian-power-fixed-point' on page 279 un
defined on input line 377.


LaTeX Warning: Reference `thm:kraus-hermitian-power-fixed-point-zero' on page 2
79 undefined on input line 379.


LaTeX Warning: Reference `thm:eigenvector_from_trace' on page 279 undefined on 
input line 401.


LaTeX Warning: Reference `thm:eigenvector_from_trace' on page 279 undefined on 
input line 405.


LaTeX Warning: Reference `def:kraus_eval_word' on page 279 undefined on input l
ine 414.


LaTeX Warning: Reference `def:kraus_eval_word' on page 279 undefined on input l
ine 433.


LaTeX Warning: Reference `def:vector_spread_span' on page 279 undefined on inpu
t line 433.

[279]

LaTeX Warning: Reference `def:kraus_eventually_full_word_span' on page 280 unde
fined on input line 451.


LaTeX Warning: Reference `def:vector_spread_span' on page 280 undefined on inpu
t line 451.


LaTeX Warning: Reference `thm:kraus_cumulative_eigenvector_spreading' on page 2
80 undefined on input line 461.


LaTeX Warning: Reference `lem:kraus_eigenvector_padding' on page 280 undefined 
on input line 461.


LaTeX Warning: Reference `sec:app_wielandt_augmentation' on page 280 undefined 
on input line 470.


LaTeX Warning: Reference `sec:app_wielandt_blocking_support' on page 280 undefi
ned on input line 472.


LaTeX Warning: Citation `Wolf2012Quantum' on page 280 undefined on input line 4
75.


LaTeX Warning: Reference `def:wolf_6_8_explicit_thresholds' on page 280 undefin
ed on input line 483.


LaTeX Warning: Reference `def:kraus_exact_word_span' on page 280 undefined on i
nput line 483.


LaTeX Warning: Reference `thm:wolf_6_8_kraus_equivalences' on page 280 undefine
d on input line 491.


LaTeX Warning: Reference `def:wolf_kraus_rank_wielandt_index' on page 280 undef
ined on input line 500.


LaTeX Warning: Reference `def:wolf_kraus_rank_wielandt_index' on page 280 undef
ined on input line 517.


LaTeX Warning: Reference `thm:wolf_6_8_kraus_equivalences' on page 280 undefine
d on input line 529.


LaTeX Warning: Reference `def:kraus_exact_word_span' on page 280 undefined on i
nput line 544.


LaTeX Warning: Reference `def:vector_spread_span' on page 280 undefined on inpu
t line 544.


LaTeX Warning: Reference `thm:wolf_6_8_kraus_equivalences' on page 280 undefine
d on input line 559.


LaTeX Warning: Reference `thm:eigenvector_spreading_eventually_full' on page 28
0 undefined on input line 559.


LaTeX Warning: Reference `thm:eigenvector_spreading_eventually_full' on page 28
0 undefined on input line 560.

[280]

LaTeX Warning: Reference `def:wolf_kraus_rank_wielandt_index' on page 281 undef
ined on input line 579.


LaTeX Warning: Reference `lem:wolf_6_2_nonzero_trace_word' on page 281 undefine
d on input line 594.


LaTeX Warning: Reference `lem:wolf_6_3_eigenvector_spreading' on page 281 undef
ined on input line 594.


LaTeX Warning: Reference `thm:kraus_word_span_upward_tp' on page 281 undefined 
on input line 594.


LaTeX Warning: Reference `lem:wolf_6_2_nonzero_trace_word' on page 281 undefine
d on input line 600.


LaTeX Warning: Reference `lem:wolf_6_3_eigenvector_spreading' on page 281 undef
ined on input line 603.

)) (./chapter/ch10_wielandt_supporting_results.tex

LaTeX Warning: Citation `PerezGarcia2007Matrix' on page 281 undefined on input 
line 21.


LaTeX Warning: Reference `eq:wld_two_sided_nonzero_span' on page 281 undefined 
on input line 27.


LaTeX Warning: Reference `ch:wielandt' on page 281 undefined on input line 34.

[281]

LaTeX Warning: Reference `def:fitting_decomp' on page 282 undefined on input li
ne 54.


LaTeX Warning: Citation `Sanz2010Quantum' on page 282 undefined on input line 6
8.


LaTeX Warning: Citation `Wolf2012Quantum' on page 282 undefined on input line 6
8.


LaTeX Warning: Reference `def:kraus_eval_word' on page 282 undefined on input l
ine 114.

[282]) (./chapter/ch11_semigroup.tex [283]
Chapter 12.

LaTeX Warning: Citation `Wolf2012Quantum' on page 284 undefined on input line 1
2.


LaTeX Warning: Reference `sec:semigroup_defs' on page 284 undefined on input li
ne 14.


LaTeX Warning: Reference `thm:continuousDynSemigroup_eq_exp_ch12' on page 284 u
ndefined on input line 16.


LaTeX Warning: Reference `sec:perturbation' on page 284 undefined on input line
 17.


LaTeX Warning: Reference `sec:gksl_generators' on page 284 undefined on input l
ine 19.

(./chapter/ch11_semigroup_hermitian_paths.tex

LaTeX Warning: Reference `def:hermitian_exponential_path' on page 284 undefined
 on input line 19.


LaTeX Warning: Reference `def:hermitian_exponential_path' on page 284 undefined
 on input line 37.


LaTeX Warning: Reference `def:hermitian_exponential_path' on page 284 undefined
 on input line 58.

[284]

LaTeX Warning: Reference `eq:semigroup_doubled_exponential' on page 285 undefin
ed on input line 81.


LaTeX Warning: Reference `def:matrix_unit_conjugator' on page 285 undefined on 
input line 100.


LaTeX Warning: Reference `def:matrix_unit_conjugator' on page 285 undefined on 
input line 114.


LaTeX Warning: Reference `thm:matrix_unit_conjugator_intertwines' on page 285 u
ndefined on input line 128.


LaTeX Warning: Reference `eq:inner_action_derivative' on page 285 undefined on 
input line 136.

) (./chapter/ch11_semigroup_dynamics_and_gksl.tex

LaTeX Warning: Citation `Wolf2012Quantum' on page 285 undefined on input line 1
5.


LaTeX Warning: Reference `def:dyn_semigroup_ch12' on page 285 undefined on inpu
t line 20.

[285]
Overfull \hbox (20.50978pt too wide) in paragraph at lines 27--30
[][]\TU/lmr/bx/n/10 Definition 12.3.3 \TU/lmr/m/n/10 (Exponential semigroup)\TU
/lmr/bx/n/10 . [][][] [][][] [][][][] [][][] [][] [][][] \TU/lmr/m/n/10 Given a
 generator $[] [] [][][][][][][][][]$,

LaTeX Warning: Reference `def:exp_semigroup_ch12' on page 286 undefined on inpu
t line 40.


LaTeX Warning: Reference `def:exp_semigroup_ch12' on page 286 undefined on inpu
t line 54.


LaTeX Warning: Reference `def:exp_semigroup_ch12' on page 286 undefined on inpu
t line 65.


LaTeX Warning: Reference `def:exp_semigroup_ch12' on page 286 undefined on inpu
t line 77.


LaTeX Warning: Citation `Wolf2012Quantum' on page 286 undefined on input line 8
0.


LaTeX Warning: Reference `thm:hasDerivAt_expSemigroupCLM_ch12' on page 286 unde
fined on input line 93.


LaTeX Warning: Reference `thm:expSemigroupCLM_zero_ch12' on page 286 undefined 
on input line 93.


LaTeX Warning: Reference `thm:hasDerivAt_expSemigroupCLM_ch12' on page 286 unde
fined on input line 99.


LaTeX Warning: Reference `thm:expSemigroupCLM_zero_ch12' on page 286 undefined 
on input line 100.


LaTeX Warning: Reference `def:exp_semigroup_ch12' on page 286 undefined on inpu
t line 105.


LaTeX Warning: Reference `def:exp_semigroup_ch12' on page 286 undefined on inpu
t line 119.


LaTeX Warning: Reference `thm:hasDerivAt_expSemigroupCLM_ch12' on page 286 unde
fined on input line 134.


LaTeX Warning: Reference `thm:expSemigroup_toCLM_ch12' on page 286 undefined on
 input line 134.


LaTeX Warning: Reference `thm:expSemigroup_toCLM_ch12' on page 286 undefined on
 input line 143.


LaTeX Warning: Reference `thm:expSemigroup_toCLM_ch12' on page 286 undefined on
 input line 149.


LaTeX Warning: Reference `thm:expSemigroupCLM_zero_ch12' on page 286 undefined 
on input line 149.


LaTeX Warning: Reference `thm:expSemigroupCLM_zero_ch12' on page 286 undefined 
on input line 155.


LaTeX Warning: Reference `thm:expSemigroup_toCLM_ch12' on page 286 undefined on
 input line 156.

[286]

LaTeX Warning: Reference `def:dyn_semigroup_ch12' on page 287 undefined on inpu
t line 163.


LaTeX Warning: Reference `thm:expSemigroup_toCLM_ch12' on page 287 undefined on
 input line 163.


LaTeX Warning: Reference `thm:expSemigroup_zero_ch12' on page 287 undefined on 
input line 163.


LaTeX Warning: Reference `thm:expSemigroupCLM_add_ch12' on page 287 undefined o
n input line 163.


LaTeX Warning: Reference `thm:expSemigroupCLM_add_ch12' on page 287 undefined o
n input line 171.


LaTeX Warning: Reference `thm:expSemigroup_toCLM_ch12' on page 287 undefined on
 input line 172.


LaTeX Warning: Reference `thm:expSemigroup_zero_ch12' on page 287 undefined on 
input line 173.


LaTeX Warning: Reference `def:continuous_dyn_semigroup_ch12' on page 287 undefi
ned on input line 185.


LaTeX Warning: Reference `def:exp_semigroup_ch12' on page 287 undefined on inpu
t line 185.


LaTeX Warning: Citation `Wolf2012Quantum' on page 287 undefined on input line 1
96.


LaTeX Warning: Reference `eq:semigroup_real_complex_extension' on page 287 unde
fined on input line 210.


LaTeX Warning: Reference `def:exp_semigroup_ch12' on page 287 undefined on inpu
t line 222.


LaTeX Warning: Reference `thm:hasDerivAt_expSemigroupCLM_ch12' on page 287 unde
fined on input line 222.


LaTeX Warning: Citation `Wolf2012Quantum' on page 287 undefined on input line 2
29.


LaTeX Warning: Reference `thm:hasDerivAt_expSemigroupCLM_ch12' on page 287 unde
fined on input line 236.


LaTeX Warning: Reference `eq:semigroup_duhamel' on page 287 undefined on input 
line 238.


LaTeX Warning: Reference `thm:duhamel_formula_ch12' on page 287 undefined on in
put line 243.


LaTeX Warning: Citation `Wolf2012Quantum' on page 287 undefined on input line 2
54.


LaTeX Warning: Reference `eq:semigroup_duhamel' on page 287 undefined on input 
line 261.


LaTeX Warning: Reference `thm:perturbation_bound_ch12' on page 287 undefined on
 input line 267.


LaTeX Warning: Reference `eq:semigroup_perturbation_bound' on page 287 undefine
d on input line 275.

[287]

LaTeX Warning: Reference `def:exp_semigroup_ch12' on page 288 undefined on inpu
t line 300.


LaTeX Warning: Reference `def:exp_semigroup_ch12' on page 288 undefined on inpu
t line 311.


LaTeX Warning: Reference `thm:norm_dysonTerm_le_ch12' on page 288 undefined on 
input line 321.


LaTeX Warning: Reference `thm:norm_dysonTerm_le_ch12' on page 288 undefined on 
input line 328.


LaTeX Warning: Reference `lem:summable_dyson_factorial_ch12' on page 288 undefi
ned on input line 328.


LaTeX Warning: Reference `eq:semigroup_dyson_iterate' on page 288 undefined on 
input line 329.


LaTeX Warning: Reference `lem:summable_dyson_factorial_ch12' on page 288 undefi
ned on input line 330.


LaTeX Warning: Reference `thm:norm_dysonTerm_le_ch12' on page 288 undefined on 
input line 337.


LaTeX Warning: Reference `eq:semigroup_dyson_iterate' on page 288 undefined on 
input line 339.


LaTeX Warning: Reference `eq:semigroup_dyson_iterate' on page 288 undefined on 
input line 351.


LaTeX Warning: Reference `def:exp_semigroup_ch12' on page 288 undefined on inpu
t line 357.


LaTeX Warning: Reference `def:exp_semigroup_ch12' on page 288 undefined on inpu
t line 364.


LaTeX Warning: Reference `thm:duhamel_formula_ch12' on page 288 undefined on in
put line 376.


LaTeX Warning: Reference `thm:norm_dysonTerm_le_ch12' on page 288 undefined on 
input line 376.


LaTeX Warning: Reference `thm:duhamel_formula_ch12' on page 288 undefined on in
put line 389.


LaTeX Warning: Reference `thm:norm_dysonTerm_le_ch12' on page 288 undefined on 
input line 389.


LaTeX Warning: Reference `thm:dysonTerm_continuous_ch12' on page 288 undefined 
on input line 389.


LaTeX Warning: Reference `eq:semigroup_duhamel' on page 288 undefined on input 
line 393.


LaTeX Warning: Citation `Wolf2012Quantum' on page 288 undefined on input line 3
97.


LaTeX Warning: Reference `thm:norm_dysonRemainder_le_ch12' on page 288 undefine
d on input line 400.


LaTeX Warning: Reference `cor:summable_dysonTerm_ch12' on page 288 undefined on
 input line 400.

[288]

LaTeX Warning: Reference `thm:norm_dysonRemainder_le_ch12' on page 289 undefine
d on input line 412.


LaTeX Warning: Reference `cor:summable_dysonTerm_ch12' on page 289 undefined on
 input line 412.


LaTeX Warning: Reference `eq:semigroup_dyson_remainder' on page 289 undefined o
n input line 413.


LaTeX Warning: Reference `cor:summable_dysonTerm_ch12' on page 289 undefined on
 input line 418.


LaTeX Warning: Reference `thm:dyson_series_eq_ch12' on page 289 undefined on in
put line 425.


LaTeX Warning: Reference `thm:dyson_series_eq_ch12' on page 289 undefined on in
put line 432.


LaTeX Warning: Reference `eq:semigroup_dyson_series' on page 289 undefined on i
nput line 433.


LaTeX Warning: Reference `thm:gksl_iff_lindblad' on page 289 undefined on input
 line 444.


LaTeX Warning: Citation `Wolf2012Quantum' on page 289 undefined on input line 4
59.


LaTeX Warning: Reference `def:generator_decomp' on page 289 undefined on input 
line 464.


LaTeX Warning: Citation `Wolf2012Quantum' on page 289 undefined on input line 4
69.


LaTeX Warning: Reference `def:generator_decomp' on page 289 undefined on input 
line 481.


LaTeX Warning: Citation `Wolf2012Quantum' on page 289 undefined on input line 4
85.


LaTeX Warning: Reference `def:generator_decomp' on page 289 undefined on input 
line 492.


LaTeX Warning: Reference `def:is_trace_annihilating' on page 289 undefined on i
nput line 492.


LaTeX Warning: Reference `def:is_trace_constraint' on page 289 undefined on inp
ut line 492.


Overfull \hbox (8.99596pt too wide) in paragraph at lines 499--508
[] [][][] \TU/lmr/m/n/10 Let $[][][][] [] [][] [][][][][]$. By the cyclic prope
rty of trace, $[][][][][][][] [] [][][][][] [][][][][][][] []
[289]

LaTeX Warning: Citation `Wolf2012Quantum' on page 290 undefined on input line 5
26.


LaTeX Warning: Reference `def:lindblad_form' on page 290 undefined on input lin
e 532.


LaTeX Warning: Reference `def:is_trace_annihilating' on page 290 undefined on i
nput line 532.


LaTeX Warning: Reference `def:lindblad_form' on page 290 undefined on input lin
e 550.


LaTeX Warning: Reference `def:generator_decomp' on page 290 undefined on input 
line 550.


LaTeX Warning: Citation `Wolf2012Quantum' on page 290 undefined on input line 5
55.


LaTeX Warning: Reference `def:lindblad_form' on page 290 undefined on input lin
e 575.


LaTeX Warning: Reference `def:is_ccp' on page 290 undefined on input line 575.


LaTeX Warning: Reference `thm:lindbladForm_eq_generatorDecomp' on page 290 unde
fined on input line 581.


LaTeX Warning: Reference `thm:lindbladForm_eq_generatorDecomp' on page 290 unde
fined on input line 582.


LaTeX Warning: Reference `def:lindblad_form' on page 290 undefined on input lin
e 588.


LaTeX Warning: Citation `Wolf2012Quantum' on page 290 undefined on input line 6
00.


LaTeX Warning: Reference `def:commutator_form' on page 290 undefined on input l
ine 606.


LaTeX Warning: Reference `def:lindblad_form' on page 290 undefined on input lin
e 606.


LaTeX Warning: Reference `def:commutator_form' on page 290 undefined on input l
ine 607.


LaTeX Warning: Reference `def:lindblad_form' on page 290 undefined on input lin
e 609.


LaTeX Warning: Reference `eq:semigroup_commutator_form' on page 290 undefined o
n input line 615.


LaTeX Warning: Reference `eq:semigroup_lindblad_form' on page 290 undefined on 
input line 616.


LaTeX Warning: Reference `def:is_ccp' on page 290 undefined on input line 624.


LaTeX Warning: Citation `Wolf2012Quantum' on page 290 undefined on input line 6
31.

[290]

LaTeX Warning: Reference `def:is_ccp' on page 291 undefined on input line 645.


LaTeX Warning: Citation `Wolf2012Quantum' on page 291 undefined on input line 6
50.


LaTeX Warning: Reference `def:cp_map' on page 291 undefined on input line 668.


LaTeX Warning: Reference `def:is_ccp' on page 291 undefined on input line 668.


LaTeX Warning: Reference `def:exp_semigroup_ch12' on page 291 undefined on inpu
t line 668.


LaTeX Warning: Citation `Wolf2012Quantum' on page 291 undefined on input line 6
70.


LaTeX Warning: Reference `thm:choi_projected_implies_ccp' on page 291 undefined
 on input line 675.


LaTeX Warning: Reference `thm:choi_projected_implies_ccp' on page 291 undefined
 on input line 679.


LaTeX Warning: Reference `def:cp_map' on page 291 undefined on input line 685.


LaTeX Warning: Reference `def:is_ccp' on page 291 undefined on input line 685.


LaTeX Warning: Reference `def:exp_semigroup_ch12' on page 291 undefined on inpu
t line 685.


LaTeX Warning: Citation `Wolf2012Quantum' on page 291 undefined on input line 6
87.


LaTeX Warning: Reference `def:cp_map' on page 291 undefined on input line 706.


LaTeX Warning: Reference `def:is_ccp' on page 291 undefined on input line 706.


LaTeX Warning: Reference `def:exp_semigroup_ch12' on page 291 undefined on inpu
t line 706.


LaTeX Warning: Reference `thm:cp_semigroup_implies_ccp' on page 291 undefined o
n input line 712.


LaTeX Warning: Reference `thm:ccp_implies_cp_semigroup' on page 291 undefined o
n input line 712.


LaTeX Warning: Reference `thm:cp_semigroup_implies_ccp' on page 291 undefined o
n input line 713.


LaTeX Warning: Reference `thm:ccp_implies_cp_semigroup' on page 291 undefined o
n input line 714.


LaTeX Warning: Citation `Wolf2012Quantum' on page 291 undefined on input line 7
28.


LaTeX Warning: Citation `Wolf2012Quantum' on page 291 undefined on input line 7
48.


LaTeX Warning: Reference `eq:semigroup_kraus_shift' on page 291 undefined on in
put line 753.


LaTeX Warning: Reference `eq:semigroup_drift_shift' on page 291 undefined on in
put line 754.


LaTeX Warning: Reference `def:lindblad_form' on page 291 undefined on input lin
e 762.

[291]

LaTeX Warning: Reference `def:lindblad_form' on page 292 undefined on input lin
e 770.


LaTeX Warning: Reference `def:has_traceless_kraus' on page 292 undefined on inp
ut line 770.


LaTeX Warning: Reference `def:generator_decomp' on page 292 undefined on input 
line 770.


LaTeX Warning: Citation `Wolf2012Quantum' on page 292 undefined on input line 7
74.


LaTeX Warning: Reference `def:lindblad_form' on page 292 undefined on input lin
e 785.


LaTeX Warning: Reference `def:has_traceless_kraus' on page 292 undefined on inp
ut line 785.


LaTeX Warning: Reference `def:generator_decomp' on page 292 undefined on input 
line 785.


LaTeX Warning: Reference `thm:generatorDecomp_traceless_unique_phi' on page 292
 undefined on input line 785.


LaTeX Warning: Citation `Wolf2012Quantum' on page 292 undefined on input line 7
90.


LaTeX Warning: Reference `thm:generatorDecomp_traceless_unique_phi' on page 292
 undefined on input line 794.


LaTeX Warning: Reference `thm:generatorDecomp_traceless_unique_phi' on page 292
 undefined on input line 796.


LaTeX Warning: Reference `def:generator_decomp' on page 292 undefined on input 
line 813.


LaTeX Warning: Reference `thm:kraus_rect_freedom' on page 292 undefined on inpu
t line 813.


LaTeX Warning: Citation `Wolf2012Quantum' on page 292 undefined on input line 8
31.


LaTeX Warning: Reference `thm:kraus_rect_freedom' on page 292 undefined on inpu
t line 835.


LaTeX Warning: Reference `eq:semigroup_drift_unique' on page 292 undefined on i
nput line 841.


LaTeX Warning: Reference `thm:kraus_rect_freedom' on page 292 undefined on inpu
t line 841.


LaTeX Warning: Reference `eq:semigroup_kraus_unitary' on page 292 undefined on 
input line 843.


LaTeX Warning: Reference `def:is_trace_annihilating' on page 292 undefined on i
nput line 851.


LaTeX Warning: Reference `def:trace_preserving' on page 292 undefined on input 
line 851.


LaTeX Warning: Reference `def:exp_semigroup_ch12' on page 292 undefined on inpu
t line 851.


LaTeX Warning: Reference `def:is_trace_annihilating' on page 292 undefined on i
nput line 866.


LaTeX Warning: Reference `def:trace_preserving' on page 292 undefined on input 
line 866.


LaTeX Warning: Reference `def:exp_semigroup_ch12' on page 292 undefined on inpu
t line 866.


LaTeX Warning: Reference `def:channel' on page 292 undefined on input line 881.



LaTeX Warning: Reference `def:exp_semigroup_ch12' on page 292 undefined on inpu
t line 881.

[292]

LaTeX Warning: Reference `def:cp_map' on page 293 undefined on input line 890.


LaTeX Warning: Reference `def:is_gksl_generator' on page 293 undefined on input
 line 890.


LaTeX Warning: Reference `def:generator_decomp' on page 293 undefined on input 
line 890.


LaTeX Warning: Reference `def:is_trace_constraint' on page 293 undefined on inp
ut line 890.


LaTeX Warning: Citation `Wolf2012Quantum' on page 293 undefined on input line 8
94.


LaTeX Warning: Reference `thm:ccp_implies_cp_semigroup' on page 293 undefined o
n input line 900.


LaTeX Warning: Reference `thm:traceAnnihilating_of_traceConstraint' on page 293
 undefined on input line 900.


LaTeX Warning: Reference `thm:ta_implies_tp_semigroup' on page 293 undefined on
 input line 900.


LaTeX Warning: Reference `thm:ccp_implies_cp_semigroup' on page 293 undefined o
n input line 901.


LaTeX Warning: Reference `thm:traceAnnihilating_of_traceConstraint' on page 293
 undefined on input line 903.


LaTeX Warning: Reference `thm:ta_implies_tp_semigroup' on page 293 undefined on
 input line 904.


LaTeX Warning: Reference `def:cp_map' on page 293 undefined on input line 910.


LaTeX Warning: Reference `def:is_gksl_generator' on page 293 undefined on input
 line 910.


LaTeX Warning: Reference `def:generator_decomp' on page 293 undefined on input 
line 910.


LaTeX Warning: Reference `def:is_trace_constraint' on page 293 undefined on inp
ut line 910.


LaTeX Warning: Reference `thm:cp_semigroup_implies_ccp' on page 293 undefined o
n input line 924.


LaTeX Warning: Reference `thm:tp_semigroup_implies_ta' on page 293 undefined on
 input line 924.


LaTeX Warning: Reference `thm:cp_semigroup_implies_ccp' on page 293 undefined o
n input line 925.


LaTeX Warning: Reference `thm:tp_semigroup_implies_ta' on page 293 undefined on
 input line 926.


LaTeX Warning: Reference `eq:semigroup_gksl_constraint' on page 293 undefined o
n input line 928.


LaTeX Warning: Reference `def:is_gksl_generator' on page 293 undefined on input
 line 934.


LaTeX Warning: Reference `def:is_ccp' on page 293 undefined on input line 934.


LaTeX Warning: Reference `def:is_trace_annihilating' on page 293 undefined on i
nput line 934.


LaTeX Warning: Reference `thm:cp_semigroup_implies_ccp' on page 293 undefined o
n input line 941.


LaTeX Warning: Reference `thm:ccp_implies_cp_semigroup' on page 293 undefined o
n input line 941.


LaTeX Warning: Reference `thm:ta_implies_tp_semigroup' on page 293 undefined on
 input line 941.


LaTeX Warning: Reference `thm:tp_semigroup_implies_ta' on page 293 undefined on
 input line 941.


LaTeX Warning: Reference `thm:cp_semigroup_implies_ccp' on page 293 undefined o
n input line 942.


LaTeX Warning: Reference `thm:tp_semigroup_implies_ta' on page 293 undefined on
 input line 943.


LaTeX Warning: Reference `thm:ccp_implies_cp_semigroup' on page 293 undefined o
n input line 944.


LaTeX Warning: Reference `thm:ta_implies_tp_semigroup' on page 293 undefined on
 input line 945.


LaTeX Warning: Reference `def:is_gksl_generator' on page 293 undefined on input
 line 951.


LaTeX Warning: Reference `def:lindblad_form' on page 293 undefined on input lin
e 951.


LaTeX Warning: Citation `Wolf2012Quantum' on page 293 undefined on input line 9
62.


LaTeX Warning: Reference `thm:generatorDecomp_of_gksl' on page 293 undefined on
 input line 968.


LaTeX Warning: Reference `thm:gksl_iff_ccp_ta' on page 293 undefined on input l
ine 968.


LaTeX Warning: Reference `thm:lindbladForm_eq_generatorDecomp' on page 293 unde
fined on input line 968.


LaTeX Warning: Reference `thm:lindbladForm_isCCP' on page 293 undefined on inpu
t line 968.


LaTeX Warning: Reference `thm:lindbladForm_isTraceAnnihilating' on page 293 und
efined on input line 968.


LaTeX Warning: Reference `thm:generatorDecomp_of_gksl' on page 293 undefined on
 input line 969.


LaTeX Warning: Reference `thm:lindbladForm_eq_generatorDecomp' on page 293 unde
fined on input line 975.


LaTeX Warning: Reference `eq:semigroup_gksl_lindblad' on page 293 undefined on 
input line 976.


LaTeX Warning: Reference `thm:lindbladForm_isCCP' on page 293 undefined on inpu
t line 977.


LaTeX Warning: Reference `thm:lindbladForm_isTraceAnnihilating' on page 293 und
efined on input line 978.


LaTeX Warning: Reference `thm:gksl_iff_ccp_ta' on page 293 undefined on input l
ine 979.


LaTeX Warning: Citation `Wolf2012Quantum' on page 293 undefined on input line 1
001.


LaTeX Warning: Reference `def:kossakowski_form' on page 293 undefined on input 
line 1009.


LaTeX Warning: Reference `def:lindblad_form' on page 293 undefined on input lin
e 1009.

[293]

LaTeX Warning: Reference `def:is_gksl_generator' on page 294 undefined on input
 line 1028.


LaTeX Warning: Reference `def:kossakowski_form' on page 294 undefined on input 
line 1028.


LaTeX Warning: Reference `thm:gksl_iff_lindblad' on page 294 undefined on input
 line 1028.


LaTeX Warning: Reference `thm:kossakowski_iff_lindblad' on page 294 undefined o
n input line 1028.


LaTeX Warning: Reference `thm:exists_traceless_kraus_shift' on page 294 undefin
ed on input line 1028.


LaTeX Warning: Reference `thm:generator_shift_invariance' on page 294 undefined
 on input line 1028.


LaTeX Warning: Reference `eq:semigroup_kossakowski_form' on page 294 undefined 
on input line 1031.


LaTeX Warning: Citation `Wolf2012Quantum' on page 294 undefined on input line 1
033.


LaTeX Warning: Reference `thm:gksl_iff_lindblad' on page 294 undefined on input
 line 1039.


LaTeX Warning: Reference `thm:kossakowski_iff_lindblad' on page 294 undefined o
n input line 1039.


LaTeX Warning: Reference `thm:exists_traceless_kraus_shift' on page 294 undefin
ed on input line 1039.


LaTeX Warning: Reference `thm:generator_shift_invariance' on page 294 undefined
 on input line 1039.


LaTeX Warning: Reference `thm:gksl_iff_lindblad' on page 294 undefined on input
 line 1040.


LaTeX Warning: Reference `eq:semigroup_kossakowski_form' on page 294 undefined 
on input line 1045.


LaTeX Warning: Reference `eq:semigroup_commutator_form' on page 294 undefined o
n input line 1046.

) (./chapter/ch11_semigroup_dissipation_and_primitivity.tex

LaTeX Warning: Reference `def:two_pauli_generator' on page 294 undefined on inp
ut line 62.


LaTeX Warning: Reference `thm:pauli_conjugation_identities' on page 294 undefin
ed on input line 78.


LaTeX Warning: Reference `thm:pauli_conjugation_identities' on page 294 undefin
ed on input line 79.


LaTeX Warning: Reference `eq:semigroup_two_pauli_generator' on page 294 undefin
ed on input line 80.


LaTeX Warning: Reference `def:two_pauli_generator' on page 294 undefined on inp
ut line 89.


LaTeX Warning: Reference `thm:pauli_conjugation_identities' on page 294 undefin
ed on input line 101.


LaTeX Warning: Reference `def:two_pauli_generator' on page 294 undefined on inp
ut line 112.

[294]

LaTeX Warning: Reference `thm:two_pauli_generator_spectrum' on page 295 undefin
ed on input line 119.


LaTeX Warning: Reference `eq:semigroup_two_pauli_spectrum' on page 295 undefine
d on input line 122.


LaTeX Warning: Reference `def:two_pauli_generator' on page 295 undefined on inp
ut line 145.


LaTeX Warning: Reference `def:two_pauli_maximally_mixed' on page 295 undefined 
on input line 145.


LaTeX Warning: Reference `def:exp_semigroup_ch12' on page 295 undefined on inpu
t line 145.


LaTeX Warning: Reference `def:density_matrices' on page 295 undefined on input 
line 145.


LaTeX Warning: Reference `thm:two_pauli_generator_scalar_kernel' on page 295 un
defined on input line 164.


LaTeX Warning: Reference `thm:two_pauli_generator_scalar_kernel' on page 295 un
defined on input line 166.


LaTeX Warning: Reference `def:trace_norm' on page 295 undefined on input line 1
79.


LaTeX Warning: Reference `def:quantum_relative_entropy' on page 295 undefined o
n input line 179.


LaTeX Warning: Citation `GaoRouze2022Complete' on page 295 undefined on input l
ine 201.


LaTeX Warning: Reference `eq:semigroup_mixing_time' on page 295 undefined on in
put line 213.


LaTeX Warning: Reference `def:continuous_dyn_semigroup_ch12' on page 295 undefi
ned on input line 230.


LaTeX Warning: Reference `def:channel' on page 295 undefined on input line 230.



LaTeX Warning: Reference `def:exp_semigroup_ch12' on page 295 undefined on inpu
t line 237.

[295] [296]

LaTeX Warning: Reference `thm:peripheral_power_fixed_eigenvector_ch12' on page 
297 undefined on input line 360.


LaTeX Warning: Reference `thm:peripheral_power_fixed_eigenvector_ch12' on page 
297 undefined on input line 361.


LaTeX Warning: Reference `thm:eigenvalue_eq_one_trace_preserving_eigenvector_ch
12' on page 297 undefined on input line 386.


LaTeX Warning: Reference `thm:peripheral_trace_ne_zero_eigenvector_ch12' on pag
e 297 undefined on input line 386.


LaTeX Warning: Reference `thm:peripheral_trace_ne_zero_eigenvector_ch12' on pag
e 297 undefined on input line 387.


LaTeX Warning: Reference `thm:eigenvalue_eq_one_trace_preserving_eigenvector_ch
12' on page 297 undefined on input line 388.


LaTeX Warning: Reference `thm:peripheral_eq_one_irreducible_all_ch12' on page 2
97 undefined on input line 400.


LaTeX Warning: Reference `thm:peripheral_eq_one_irreducible_all_ch12' on page 2
97 undefined on input line 402.


LaTeX Warning: Reference `thm:irreducible_semigroup_implies_primitive' on page 
297 undefined on input line 411.


LaTeX Warning: Reference `thm:qds_irreducible_iff_primitive' on page 297 undefi
ned on input line 412.


LaTeX Warning: Reference `def:exp_semigroup_ch12' on page 297 undefined on inpu
t line 445.

[297]

LaTeX Warning: Reference `def:exp_semigroup_ch12' on page 298 undefined on inpu
t line 464.


LaTeX Warning: Reference `def:exp_semigroup_ch12' on page 298 undefined on inpu
t line 479.


LaTeX Warning: Reference `def:is_quantum_dyn_semigroup_ch12' on page 298 undefi
ned on input line 497.


LaTeX Warning: Reference `thm:fixed_density_fixed_for_all_times_ch12' on page 2
98 undefined on input line 509.


LaTeX Warning: Reference `thm:fixedPoint_eq_trace_smul_at_irreducible_time_ch12
' on page 298 undefined on input line 509.


LaTeX Warning: Reference `thm:small_time_fixed_space_eq_generator_kernel_ch12' 
on page 298 undefined on input line 509.


LaTeX Warning: Reference `thm:reverse_fixed_space_resonance_ch12' on page 298 u
ndefined on input line 509.


LaTeX Warning: Reference `thm:root_of_unity_irrational_rescaling_ch12' on page 
298 undefined on input line 509.


LaTeX Warning: Reference `thm:peripheral_roots_irreducible_channel' on page 298
 undefined on input line 509.


LaTeX Warning: Reference `thm:fixed_density_fixed_for_all_times_ch12' on page 2
98 undefined on input line 511.


LaTeX Warning: Reference `thm:fixedPoint_eq_trace_smul_at_irreducible_time_ch12
' on page 298 undefined on input line 512.


LaTeX Warning: Reference `thm:small_time_fixed_space_eq_generator_kernel_ch12' 
on page 298 undefined on input line 514.


LaTeX Warning: Reference `thm:root_of_unity_irrational_rescaling_ch12' on page 
298 undefined on input line 519.


LaTeX Warning: Reference `thm:reverse_fixed_space_resonance_ch12' on page 298 u
ndefined on input line 521.


LaTeX Warning: Reference `def:is_quantum_dyn_semigroup_ch12' on page 298 undefi
ned on input line 530.


LaTeX Warning: Citation `Wolf2012Quantum' on page 298 undefined on input line 5
34.


LaTeX Warning: Reference `thm:irreducible_all_of_irreducible_time_ch12' on page
 298 undefined on input line 539.


LaTeX Warning: Reference `thm:primitive_of_irreducible_all_ch12' on page 298 un
defined on input line 539.


LaTeX Warning: Reference `thm:irreducible_all_of_irreducible_time_ch12' on page
 298 undefined on input line 540.


LaTeX Warning: Reference `thm:primitive_of_irreducible_all_ch12' on page 298 un
defined on input line 542.


LaTeX Warning: Reference `def:is_quantum_dyn_semigroup_ch12' on page 298 undefi
ned on input line 549.


LaTeX Warning: Citation `Wolf2012Quantum' on page 298 undefined on input line 5
57.


LaTeX Warning: Reference `thm:irreducible_semigroup_implies_primitive' on page 
298 undefined on input line 561.


LaTeX Warning: Reference `thm:irreducible_semigroup_implies_primitive' on page 
298 undefined on input line 562.

[298]

LaTeX Warning: Reference `def:qds_faithful_relaxation' on page 299 undefined on
 input line 593.


LaTeX Warning: Reference `def:is_quantum_dyn_semigroup_ch12' on page 299 undefi
ned on input line 593.


LaTeX Warning: Reference `eq:qds_faithful_relaxation' on page 299 undefined on 
input line 602.


LaTeX Warning: Citation `Wolf2012Quantum' on page 299 undefined on input line 6
07.


LaTeX Warning: Reference `thm:qds_irreducible_iff_primitive' on page 299 undefi
ned on input line 611.


LaTeX Warning: Reference `thm:qds_irreducible_iff_primitive' on page 299 undefi
ned on input line 613.

) (./chapter/ch11_semigroup_adjoint_kernel_and_reducibility.tex

LaTeX Warning: Reference `def:lindblad_form' on page 299 undefined on input lin
e 17.


LaTeX Warning: Reference `def:lindblad_form' on page 299 undefined on input lin
e 31.


LaTeX Warning: Reference `def:adjoint_dissipator_ch12' on page 299 undefined on
 input line 31.


LaTeX Warning: Reference `def:adjoint_generator_ch12' on page 299 undefined on 
input line 43.


LaTeX Warning: Reference `def:lindblad_form' on page 299 undefined on input lin
e 43.

[299]

LaTeX Warning: Reference `def:lindblad_form' on page 300 undefined on input lin
e 60.


LaTeX Warning: Reference `def:adjoint_generator_ch12' on page 300 undefined on 
input line 68.


LaTeX Warning: Reference `def:adjoint_generator_ch12' on page 300 undefined on 
input line 76.


LaTeX Warning: Reference `def:commutant_ch12' on page 300 undefined on input li
ne 76.


LaTeX Warning: Reference `def:adjoint_kernel_ch12' on page 300 undefined on inp
ut line 76.


LaTeX Warning: Reference `def:lindblad_form' on page 300 undefined on input lin
e 91.


LaTeX Warning: Reference `def:has_faithful_stationary_state_ch12' on page 300 u
ndefined on input line 91.


LaTeX Warning: Reference `def:commutant_ch12' on page 300 undefined on input li
ne 91.


LaTeX Warning: Reference `def:adjoint_kernel_ch12' on page 300 undefined on inp
ut line 91.


LaTeX Warning: Reference `eq:semigroup_trace_pairing' on page 300 undefined on 
input line 95.


LaTeX Warning: Citation `Wolf2012Quantum' on page 300 undefined on input line 1
04.


LaTeX Warning: Reference `thm:adjointKernel_eq_commutant' on page 300 undefined
 on input line 121.


LaTeX Warning: Reference `def:commutant_ch12' on page 300 undefined on input li
ne 121.


LaTeX Warning: Reference `def:adjoint_kernel_ch12' on page 300 undefined on inp
ut line 121.


LaTeX Warning: Reference `thm:adjointKernel_eq_commutant' on page 300 undefined
 on input line 123.


LaTeX Warning: Citation `Wolf2012Quantum' on page 300 undefined on input line 1
31.


LaTeX Warning: Reference `thm:adjointKernel_eq_commutant' on page 300 undefined
 on input line 136.


LaTeX Warning: Reference `thm:adjointKernel_eq_commutant' on page 300 undefined
 on input line 140.


LaTeX Warning: Citation `Wolf2012Quantum' on page 300 undefined on input line 1
51.


LaTeX Warning: Reference `def:is_nontrivial_projection_ch12' on page 300 undefi
ned on input line 161.


LaTeX Warning: Reference `def:exp_semigroup_ch12' on page 300 undefined on inpu
t line 161.

[300]

LaTeX Warning: Reference `def:is_nontrivial_projection_ch12' on page 301 undefi
ned on input line 168.


LaTeX Warning: Reference `def:is_nontrivial_projection_ch12' on page 301 undefi
ned on input line 175.


LaTeX Warning: Reference `def:exp_semigroup_ch12' on page 301 undefined on inpu
t line 175.


LaTeX Warning: Reference `def:is_nontrivial_projection_ch12' on page 301 undefi
ned on input line 183.


LaTeX Warning: Reference `def:lindblad_form' on page 301 undefined on input lin
e 183.


LaTeX Warning: Reference `def:has_invariant_compression' on page 301 undefined 
on input line 193.


LaTeX Warning: Reference `def:has_invariant_compression' on page 301 undefined 
on input line 206.


LaTeX Warning: Reference `def:generator_preserves_compression_ch12' on page 301
 undefined on input line 213.


LaTeX Warning: Reference `def:has_invariant_compression' on page 301 undefined 
on input line 213.


LaTeX Warning: Reference `def:generator_preserves_compression_ch12' on page 301
 undefined on input line 227.


LaTeX Warning: Reference `def:has_invariant_compression' on page 301 undefined 
on input line 227.


LaTeX Warning: Reference `def:is_reducible_qds_ch12' on page 301 undefined on i
nput line 241.


LaTeX Warning: Reference `def:generator_preserves_compression_ch12' on page 301
 undefined on input line 241.


LaTeX Warning: Reference `thm:generator_preserves_compression_from_semigroup_ch
12' on page 301 undefined on input line 249.


LaTeX Warning: Reference `thm:semigroup_preserves_compression_from_generator_ch
12' on page 301 undefined on input line 249.


LaTeX Warning: Reference `thm:generator_preserves_compression_from_semigroup_ch
12' on page 301 undefined on input line 250.


LaTeX Warning: Reference `thm:semigroup_preserves_compression_from_generator_ch
12' on page 301 undefined on input line 251.


LaTeX Warning: Reference `def:has_rank_deficient_fixed_density' on page 301 und
efined on input line 258.


LaTeX Warning: Reference `def:has_rank_deficient_kernel_element' on page 301 un
defined on input line 258.


LaTeX Warning: Citation `Wolf2012Quantum' on page 301 undefined on input line 2
61.


LaTeX Warning: Reference `def:has_rank_deficient_fixed_density' on page 301 und
efined on input line 274.


LaTeX Warning: Reference `def:has_invariant_compression' on page 301 undefined 
on input line 274.


LaTeX Warning: Reference `def:is_gksl_generator' on page 301 undefined on input
 line 274.


LaTeX Warning: Citation `Wolf2012Quantum' on page 301 undefined on input line 2
77.

[301]

LaTeX Warning: Reference `def:has_invariant_compression' on page 302 undefined 
on input line 293.


LaTeX Warning: Reference `def:has_block_upper_triangular_lindblad' on page 302 
undefined on input line 293.


LaTeX Warning: Reference `def:is_gksl_generator' on page 302 undefined on input
 line 293.


LaTeX Warning: Reference `def:generator_preserves_compression_ch12' on page 302
 undefined on input line 293.


LaTeX Warning: Reference `thm:generator_preserves_compression_from_semigroup_ch
12' on page 302 undefined on input line 300.


LaTeX Warning: Reference `thm:generator_preserves_compression_from_semigroup_ch
12' on page 302 undefined on input line 302.


LaTeX Warning: Reference `def:has_invariant_compression' on page 302 undefined 
on input line 311.


LaTeX Warning: Reference `def:has_block_upper_triangular_lindblad' on page 302 
undefined on input line 311.


LaTeX Warning: Reference `def:generator_preserves_compression_ch12' on page 302
 undefined on input line 311.


LaTeX Warning: Reference `thm:semigroup_preserves_compression_from_generator_ch
12' on page 302 undefined on input line 318.


LaTeX Warning: Reference `thm:semigroup_preserves_compression_from_generator_ch
12' on page 302 undefined on input line 320.


LaTeX Warning: Reference `def:has_invariant_compression' on page 302 undefined 
on input line 327.


LaTeX Warning: Reference `def:has_block_upper_triangular_lindblad' on page 302 
undefined on input line 327.


LaTeX Warning: Reference `def:is_gksl_generator' on page 302 undefined on input
 line 327.


LaTeX Warning: Citation `Wolf2012Quantum' on page 302 undefined on input line 3
31.


LaTeX Warning: Reference `thm:hasBlockUpperTriangularLindblad_of_hasInvariantCo
mpression_ch12' on page 302 undefined on input line 336.


LaTeX Warning: Reference `thm:hasInvariantCompression_of_hasBlockUpperTriangula
rLindblad_ch12' on page 302 undefined on input line 336.


LaTeX Warning: Reference `thm:hasInvariantCompression_of_hasBlockUpperTriangula
rLindblad_ch12' on page 302 undefined on input line 337.


LaTeX Warning: Reference `thm:hasBlockUpperTriangularLindblad_of_hasInvariantCo
mpression_ch12' on page 302 undefined on input line 338.


LaTeX Warning: Reference `def:has_block_upper_triangular_lindblad' on page 302 
undefined on input line 346.


LaTeX Warning: Reference `def:has_rank_deficient_kernel_element' on page 302 un
defined on input line 346.


LaTeX Warning: Reference `def:is_gksl_generator' on page 302 undefined on input
 line 346.


LaTeX Warning: Citation `Wolf2012Quantum' on page 302 undefined on input line 3
51.


Overfull \hbox (13.29822pt too wide) in paragraph at lines 355--365
[] [][][] \TU/lmr/m/n/10 The block-upper-triangular structure implies $[]$ pres
erves the compression $[][][][][][][]$.

LaTeX Warning: Reference `def:is_gksl_generator' on page 302 undefined on input
 line 373.


LaTeX Warning: Reference `def:has_rank_deficient_fixed_density' on page 302 und
efined on input line 373.


LaTeX Warning: Reference `def:has_rank_deficient_kernel_element' on page 302 un
defined on input line 373.


LaTeX Warning: Reference `def:has_invariant_compression' on page 302 undefined 
on input line 373.


LaTeX Warning: Reference `def:has_block_upper_triangular_lindblad' on page 302 
undefined on input line 373.


LaTeX Warning: Citation `Wolf2012Quantum' on page 302 undefined on input line 3
82.


LaTeX Warning: Reference `thm:wolf_prop_7_6_one_iff_two' on page 302 undefined 
on input line 389.


LaTeX Warning: Reference `thm:wolf_prop_7_6_one_implies_three' on page 302 unde
fined on input line 389.


LaTeX Warning: Reference `thm:wolf_prop_7_6_three_iff_four' on page 302 undefin
ed on input line 389.


LaTeX Warning: Reference `thm:blockUpperTriangular_implies_rankDeficient' on pa
ge 302 undefined on input line 389.


LaTeX Warning: Reference `def:lindblad_form' on page 302 undefined on input lin
e 404.


LaTeX Warning: Reference `def:lindblad_span' on page 302 undefined on input lin
e 410.

[302]

LaTeX Warning: Reference `def:lindblad_form' on page 303 undefined on input lin
e 417.


LaTeX Warning: Reference `def:lindblad_form' on page 303 undefined on input lin
e 424.


LaTeX Warning: Reference `def:lindblad_form' on page 303 undefined on input lin
e 434.


LaTeX Warning: Reference `def:kossakowski_form' on page 303 undefined on input 
line 454.


LaTeX Warning: Reference `def:lindblad_span' on page 303 undefined on input lin
e 454.


LaTeX Warning: Reference `def:kossakowski_rank' on page 303 undefined on input 
line 470.


LaTeX Warning: Reference `def:kossakowski_form' on page 303 undefined on input 
line 470.


LaTeX Warning: Reference `lem:lindblad_family_rank_compression' on page 303 und
efined on input line 479.


LaTeX Warning: Reference `lem:kossakowski_sqrt_lindblad_span' on page 303 undef
ined on input line 479.


LaTeX Warning: Reference `thm:exists_traceless_kraus_shift' on page 303 undefin
ed on input line 479.


LaTeX Warning: Reference `thm:generatorDecomp_traceless_unique' on page 303 und
efined on input line 479.


LaTeX Warning: Reference `def:lindblad_form' on page 303 undefined on input lin
e 493.


LaTeX Warning: Reference `def:has_block_upper_triangular_lindblad' on page 303 
undefined on input line 493.


LaTeX Warning: Reference `def:lindblad_form' on page 303 undefined on input lin
e 502.


LaTeX Warning: Reference `def:lindblad_form' on page 303 undefined on input lin
e 513.


LaTeX Warning: Reference `def:has_block_upper_triangular_lindblad' on page 303 
undefined on input line 513.


LaTeX Warning: Reference `thm:kappa_block_generator_compression' on page 303 un
defined on input line 513.


LaTeX Warning: Reference `thm:kappa_block_generator_compression' on page 303 un
defined on input line 521.


LaTeX Warning: Reference `thm:kappa_block_generator_compression' on page 303 un
defined on input line 524.

[303]

LaTeX Warning: Reference `def:lindblad_form' on page 304 undefined on input lin
e 537.


LaTeX Warning: Reference `def:is_lindblad_span_hermitian_closed' on page 304 un
defined on input line 537.


LaTeX Warning: Reference `def:has_lindblad_span_trivial_commutant' on page 304 
undefined on input line 537.


LaTeX Warning: Reference `def:has_block_upper_triangular_lindblad' on page 304 
undefined on input line 537.


LaTeX Warning: Reference `def:kossakowski_rank' on page 304 undefined on input 
line 556.


LaTeX Warning: Reference `def:kossakowski_form' on page 304 undefined on input 
line 556.


LaTeX Warning: Reference `thm:kossakowski_rank_eq_matrix_rank' on page 304 unde
fined on input line 556.


LaTeX Warning: Reference `def:has_block_upper_triangular_lindblad' on page 304 
undefined on input line 556.


LaTeX Warning: Reference `def:is_reducible_qds_ch12' on page 304 undefined on i
nput line 571.


LaTeX Warning: Reference `def:has_block_upper_triangular_lindblad' on page 304 
undefined on input line 571.


LaTeX Warning: Reference `thm:hasBlockUpperTriangularLindblad_of_hasInvariantCo
mpression_ch12' on page 304 undefined on input line 571.


LaTeX Warning: Reference `thm:hasBlockUpperTriangularLindblad_of_hasInvariantCo
mpression_ch12' on page 304 undefined on input line 579.


LaTeX Warning: Reference `def:is_reducible_qds_ch12' on page 304 undefined on i
nput line 588.


LaTeX Warning: Reference `def:qds_faithful_relaxation' on page 304 undefined on
 input line 588.


LaTeX Warning: Reference `thm:wolf_prop_7_5_full_equivalence' on page 304 undef
ined on input line 597.


LaTeX Warning: Reference `thm:wolf_prop_7_6_full' on page 304 undefined on inpu
t line 597.


LaTeX Warning: Reference `def:is_gksl_generator' on page 304 undefined on input
 line 612.


LaTeX Warning: Reference `def:lindblad_form' on page 304 undefined on input lin
e 612.


LaTeX Warning: Reference `thm:full_algebra_gen_no_block_ut' on page 304 undefin
ed on input line 612.


LaTeX Warning: Reference `thm:not_isReducibleQDS_of_no_blockUpperTriangular_ch1
2' on page 304 undefined on input line 612.


LaTeX Warning: Citation `Wolf2012Quantum' on page 304 undefined on input line 6
15.


LaTeX Warning: Reference `thm:full_algebra_gen_no_block_ut' on page 304 undefin
ed on input line 620.


LaTeX Warning: Reference `thm:not_isReducibleQDS_of_no_blockUpperTriangular_ch1
2' on page 304 undefined on input line 620.


LaTeX Warning: Reference `thm:full_algebra_gen_no_block_ut' on page 304 undefin
ed on input line 621.


LaTeX Warning: Reference `thm:not_isReducibleQDS_of_no_blockUpperTriangular_ch1
2' on page 304 undefined on input line 623.


LaTeX Warning: Reference `def:is_gksl_generator' on page 304 undefined on input
 line 632.


LaTeX Warning: Reference `def:is_lindblad_span_hermitian_closed' on page 304 un
defined on input line 632.


LaTeX Warning: Reference `def:has_lindblad_span_trivial_commutant' on page 304 
undefined on input line 632.


LaTeX Warning: Reference `thm:herm_span_trivial_commutant_no_block_ut' on page 
304 undefined on input line 632.


LaTeX Warning: Reference `thm:not_isReducibleQDS_of_no_blockUpperTriangular_ch1
2' on page 304 undefined on input line 632.


LaTeX Warning: Citation `Wolf2012Quantum' on page 304 undefined on input line 6
35.


LaTeX Warning: Reference `thm:herm_span_trivial_commutant_no_block_ut' on page 
304 undefined on input line 640.


LaTeX Warning: Reference `thm:not_isReducibleQDS_of_no_blockUpperTriangular_ch1
2' on page 304 undefined on input line 640.


LaTeX Warning: Reference `thm:herm_span_trivial_commutant_no_block_ut' on page 
304 undefined on input line 641.


LaTeX Warning: Reference `thm:not_isReducibleQDS_of_no_blockUpperTriangular_ch1
2' on page 304 undefined on input line 643.


LaTeX Warning: Reference `def:is_gksl_generator' on page 304 undefined on input
 line 652.


LaTeX Warning: Reference `def:kossakowski_rank' on page 304 undefined on input 
line 652.


LaTeX Warning: Reference `def:kossakowski_form' on page 304 undefined on input 
line 652.


LaTeX Warning: Reference `thm:kossakowski_rank_eq_matrix_rank' on page 304 unde
fined on input line 652.


LaTeX Warning: Reference `thm:large_kossakowski_rank_no_block_ut_ch12' on page 
304 undefined on input line 652.


LaTeX Warning: Reference `thm:not_isReducibleQDS_of_no_blockUpperTriangular_ch1
2' on page 304 undefined on input line 652.


LaTeX Warning: Citation `Wolf2012Quantum' on page 304 undefined on input line 6
54.


Overfull \hbox (8.15552pt too wide) in paragraph at lines 648--655
[][]\TU/lmr/bx/n/10 Theorem 12.9.1.16 \TU/lmr/m/n/10 (Large Kossakowski rank im
plies non-reducibility)\TU/lmr/bx/n/10 . [][][] [][][] [][] [][][] [][][][][][]
\TU/lmr/m/it/10 If $[][][][] []

LaTeX Warning: Reference `thm:large_kossakowski_rank_no_block_ut_ch12' on page 
304 undefined on input line 659.


LaTeX Warning: Reference `thm:not_isReducibleQDS_of_no_blockUpperTriangular_ch1
2' on page 304 undefined on input line 660.

[304]

LaTeX Warning: Reference `def:lindblad_span' on page 305 undefined on input lin
e 671.


LaTeX Warning: Reference `def:is_lindblad_span_hermitian_closed' on page 305 un
defined on input line 671.


LaTeX Warning: Reference `def:has_lindblad_span_trivial_commutant' on page 305 
undefined on input line 671.


LaTeX Warning: Reference `def:kossakowski_form' on page 305 undefined on input 
line 671.


LaTeX Warning: Reference `def:qds_faithful_relaxation' on page 305 undefined on
 input line 671.


LaTeX Warning: Citation `Wolf2012Quantum' on page 305 undefined on input line 6
89.


LaTeX Warning: Reference `thm:not_reducible_implies_faithful_relaxation' on pag
e 305 undefined on input line 697.


LaTeX Warning: Reference `thm:not_isReducible_of_generates_full_algebra' on pag
e 305 undefined on input line 697.


LaTeX Warning: Reference `thm:not_isReducible_of_hermitian_span_trivial_commuta
nt' on page 305 undefined on input line 697.


LaTeX Warning: Reference `thm:not_isReducible_of_kossakowski_rank_ge' on page 3
05 undefined on input line 697.


LaTeX Warning: Reference `thm:kossakowski_rank_eq_matrix_rank' on page 305 unde
fined on input line 697.


LaTeX Warning: Reference `thm:not_reducible_implies_faithful_relaxation' on pag
e 305 undefined on input line 700.


LaTeX Warning: Reference `thm:kossakowski_rank_eq_matrix_rank' on page 305 unde
fined on input line 701.

)) (./chapter/ch12_entropy.tex [305]
Chapter 13.
(./chapter/ch12_entropy_trace_norm.tex

LaTeX Warning: Citation `Wolf2012Quantum' on page 306 undefined on input line 1
6.


LaTeX Warning: Reference `thm:trace_norm_elementary' on page 306 undefined on i
nput line 19.


LaTeX Warning: Reference `def:schatten_one_norm' on page 306 undefined on input
 line 25.


LaTeX Warning: Citation `Wolf2012Quantum' on page 306 undefined on input line 3
6.


LaTeX Warning: Reference `thm:trace_norm_abs' on page 306 undefined on input li
ne 37.


LaTeX Warning: Reference `def:schatten_one_norm' on page 306 undefined on input
 line 44.


LaTeX Warning: Reference `def:trace_norm' on page 306 undefined on input line 4
4.


LaTeX Warning: Reference `def:trace_norm' on page 306 undefined on input line 6
6.


LaTeX Warning: Reference `def:schatten_one_norm' on page 306 undefined on input
 line 66.


LaTeX Warning: Reference `thm:trace_norm_singular_values' on page 306 undefined
 on input line 66.

[306]

LaTeX Warning: Reference `def:trace_norm' on page 307 undefined on input line 9
1.


LaTeX Warning: Citation `Wolf2012Quantum' on page 307 undefined on input line 1
01.


LaTeX Warning: Reference `lem:trace_norm_sqrt_eigenvalues' on page 307 undefine
d on input line 106.


LaTeX Warning: Reference `def:trace_norm' on page 307 undefined on input line 1
29.


LaTeX Warning: Citation `Wolf2012Quantum' on page 307 undefined on input line 1
34.


LaTeX Warning: Reference `thm:trace_norm_abs' on page 307 undefined on input li
ne 138.


LaTeX Warning: Reference `thm:trace_norm_abs' on page 307 undefined on input li
ne 145.


LaTeX Warning: Reference `def:trace_norm' on page 307 undefined on input line 1
54.


LaTeX Warning: Citation `Wolf2012Quantum' on page 307 undefined on input line 1
64.


LaTeX Warning: Reference `thm:trace_norm_abs' on page 307 undefined on input li
ne 168.


LaTeX Warning: Reference `def:trace_norm' on page 307 undefined on input line 1
95.


LaTeX Warning: Reference `thm:trace_norm_elementary' on page 307 undefined on i
nput line 206.


LaTeX Warning: Reference `eq:entropy_trace_norm_fin' on page 307 undefined on i
nput line 209.

[307]

LaTeX Warning: Reference `def:trace_norm' on page 308 undefined on input line 2
22.


LaTeX Warning: Reference `thm:trace_norm_abs' on page 308 undefined on input li
ne 230.


LaTeX Warning: Reference `thm:trace_norm_abs' on page 308 undefined on input li
ne 234.


LaTeX Warning: Reference `lem:trace_norm_sqrt_matrix_eigenvalues' on page 308 u
ndefined on input line 242.


LaTeX Warning: Citation `Wolf2012Quantum' on page 308 undefined on input line 2
51.


LaTeX Warning: Citation `Wolf2012Quantum' on page 308 undefined on input line 2
52.


LaTeX Warning: Reference `def:trace_norm' on page 308 undefined on input line 2
72.


LaTeX Warning: Citation `Wolf2012Quantum' on page 308 undefined on input line 2
82.


LaTeX Warning: Reference `lem:trace_norm_sqrt_matrix_eigenvalues' on page 308 u
ndefined on input line 286.

[308]

LaTeX Warning: Reference `def:trace_norm' on page 309 undefined on input line 3
30.


LaTeX Warning: Reference `thm:trace_norm_homogeneous' on page 309 undefined on 
input line 334.


LaTeX Warning: Reference `thm:trace_norm_elementary' on page 309 undefined on i
nput line 335.


LaTeX Warning: Citation `Wolf2012Quantum' on page 309 undefined on input line 3
36.


LaTeX Warning: Reference `thm:trace_norm_variational' on page 309 undefined on 
input line 341.


LaTeX Warning: Reference `thm:trace_norm_variational' on page 309 undefined on 
input line 342.


LaTeX Warning: Reference `def:trace_norm' on page 309 undefined on input line 3
61.


LaTeX Warning: Reference `thm:trace_norm_abs' on page 309 undefined on input li
ne 368.


LaTeX Warning: Reference `thm:trace_norm_abs' on page 309 undefined on input li
ne 382.


LaTeX Warning: Reference `lem:psd_trace_product_nonneg' on page 309 undefined o
n input line 424.


LaTeX Warning: Reference `lem:psd_trace_product_nonneg' on page 309 undefined o
n input line 425.


LaTeX Warning: Reference `def:positive_map_rectangular' on page 309 undefined o
n input line 434.


LaTeX Warning: Reference `def:positive_map_rectangular' on page 309 undefined o
n input line 440.


LaTeX Warning: Reference `def:positive_map_rectangular' on page 309 undefined o
n input line 449.


LaTeX Warning: Reference `lem:positive_map_hermitian' on page 309 undefined on 
input line 458.


LaTeX Warning: Reference `lem:psd_trace_pairing_bounds' on page 309 undefined o
n input line 458.


LaTeX Warning: Reference `lem:positive_part_support_projection' on page 309 und
efined on input line 458.


LaTeX Warning: Reference `lem:positive_part_support_projection' on page 309 und
efined on input line 460.

[309]

LaTeX Warning: Reference `lem:psd_trace_pairing_bounds' on page 310 undefined o
n input line 469.


LaTeX Warning: Reference `lem:positive_map_hermitian' on page 310 undefined on 
input line 470.


LaTeX Warning: Reference `def:positive_map_rectangular' on page 310 undefined o
n input line 477.


LaTeX Warning: Reference `def:trace_preserving_rectangular' on page 310 undefin
ed on input line 477.


LaTeX Warning: Reference `lem:posPart_support_projection_estimate' on page 310 
undefined on input line 485.


LaTeX Warning: Reference `def:trace_preserving_rectangular' on page 310 undefin
ed on input line 485.


LaTeX Warning: Reference `lem:posPart_support_projection_estimate' on page 310 
undefined on input line 486.


LaTeX Warning: Reference `def:trace_norm' on page 310 undefined on input line 4
96.


LaTeX Warning: Reference `def:positive_map_rectangular' on page 310 undefined o
n input line 496.


LaTeX Warning: Reference `def:trace_preserving_rectangular' on page 310 undefin
ed on input line 496.


LaTeX Warning: Citation `Wolf2012Quantum' on page 310 undefined on input line 5
00.


LaTeX Warning: Reference `lem:trace_norm_jordan' on page 310 undefined on input
 line 505.


LaTeX Warning: Reference `lem:positive_part_trace_estimate' on page 310 undefin
ed on input line 505.


LaTeX Warning: Reference `lem:positive_map_hermitian' on page 310 undefined on 
input line 505.


LaTeX Warning: Reference `lem:positive_part_trace_estimate' on page 310 undefin
ed on input line 507.


LaTeX Warning: Reference `lem:trace_norm_jordan' on page 310 undefined on input
 line 510.


LaTeX Warning: Reference `def:trace_norm' on page 310 undefined on input line 5
25.


LaTeX Warning: Reference `def:positive_map_rectangular' on page 310 undefined o
n input line 525.


LaTeX Warning: Reference `def:trace_preserving_rectangular' on page 310 undefin
ed on input line 525.


LaTeX Warning: Reference `def:density_matrices' on page 310 undefined on input 
line 525.


LaTeX Warning: Citation `Wolf2012Quantum' on page 310 undefined on input line 5
30.


LaTeX Warning: Reference `thm:trace_norm_contractivity' on page 310 undefined o
n input line 534.


LaTeX Warning: Reference `thm:trace_norm_contractivity' on page 310 undefined o
n input line 537.


LaTeX Warning: Reference `def:trace_norm' on page 310 undefined on input line 5
45.


LaTeX Warning: Reference `def:density_matrices' on page 310 undefined on input 
line 545.


LaTeX Warning: Citation `Wolf2012Quantum' on page 310 undefined on input line 5
60.


LaTeX Warning: Reference `lem:trace_norm_jordan' on page 310 undefined on input
 line 565.


LaTeX Warning: Reference `thm:trace_norm_homogeneous' on page 310 undefined on 
input line 565.


LaTeX Warning: Reference `thm:trace_norm_triangle' on page 310 undefined on inp
ut line 565.

[310]

LaTeX Warning: Reference `def:trace_norm' on page 311 undefined on input line 5
95.


LaTeX Warning: Reference `def:peripheral_spectral_projections' on page 311 unde
fined on input line 595.


LaTeX Warning: Citation `Wolf2012Quantum' on page 311 undefined on input line 6
03.


LaTeX Warning: Reference `def:trace_norm_asymptotic_distance' on page 311 undef
ined on input line 615.


LaTeX Warning: Reference `thm:peripheral_spectral_projection_properties' on pag
e 311 undefined on input line 615.


LaTeX Warning: Citation `Wolf2012Quantum' on page 311 undefined on input line 6
26.


LaTeX Warning: Reference `def:trace_norm' on page 311 undefined on input line 6
44.


LaTeX Warning: Reference `def:density_matrices' on page 311 undefined on input 
line 644.


LaTeX Warning: Reference `lem:trace_norm_contraction_coefficient' on page 311 u
ndefined on input line 661.


LaTeX Warning: Reference `lem:trace_norm_contraction_coefficient' on page 311 u
ndefined on input line 663.


LaTeX Warning: Reference `def:trace_norm' on page 311 undefined on input line 6
74.


LaTeX Warning: Reference `thm:trace_norm_frobenius_comparison' on page 311 unde
fined on input line 674.

[311]

LaTeX Warning: Reference `def:trace_norm_asymptotic_distance' on page 312 undef
ined on input line 702.


LaTeX Warning: Reference `def:peripheral_spectral_projections' on page 312 unde
fined on input line 702.


LaTeX Warning: Reference `def:mpu_transfer_matrix' on page 312 undefined on inp
ut line 702.


LaTeX Warning: Citation `Wolf2012Quantum' on page 312 undefined on input line 7
19.


LaTeX Warning: Reference `lem:trace_norm_asymptotic_distance_numerator' on page
 312 undefined on input line 728.


LaTeX Warning: Reference `lem:trace_norm_contraction_pointwise' on page 312 und
efined on input line 728.


LaTeX Warning: Reference `lem:asymptotic_hilbert_schmidt_estimates' on page 312
 undefined on input line 728.


LaTeX Warning: Reference `cor:peripheral_projection_channel' on page 312 undefi
ned on input line 728.


LaTeX Warning: Reference `thm:transfer_matrix_hilbert_schmidt_operator_norm' on
 page 312 undefined on input line 728.


LaTeX Warning: Reference `lem:wolf_positive_power_nonperipheral_identity' on pa
ge 312 undefined on input line 728.


LaTeX Warning: Reference `def:positive_map_rectangular' on page 312 undefined o
n input line 746.


LaTeX Warning: Reference `lem:positive_part_trace_estimate' on page 312 undefin
ed on input line 751.


LaTeX Warning: Reference `lem:posPart_support_projection_estimate' on page 312 
undefined on input line 756.


LaTeX Warning: Reference `lem:posPart_support_projection_estimate' on page 312 
undefined on input line 757.


LaTeX Warning: Reference `def:trace_norm' on page 312 undefined on input line 7
66.


LaTeX Warning: Reference `def:positive_map_rectangular' on page 312 undefined o
n input line 766.


LaTeX Warning: Reference `thm:trace_norm_contractivity' on page 312 undefined o
n input line 771.


LaTeX Warning: Reference `lem:positive_map_hermitian' on page 312 undefined on 
input line 776.


LaTeX Warning: Reference `lem:scaled_posPart_trace_estimate' on page 312 undefi
ned on input line 776.


LaTeX Warning: Reference `lem:trace_norm_jordan' on page 312 undefined on input
 line 776.


LaTeX Warning: Reference `thm:trace_norm_contractivity' on page 312 undefined o
n input line 777.


LaTeX Warning: Reference `lem:scaled_posPart_trace_estimate' on page 312 undefi
ned on input line 778.


LaTeX Warning: Reference `def:trace_norm' on page 312 undefined on input line 7
87.


LaTeX Warning: Reference `def:positive_map_rectangular' on page 312 undefined o
n input line 787.


LaTeX Warning: Reference `def:trace_preserving_rectangular' on page 312 undefin
ed on input line 787.


LaTeX Warning: Reference `def:density_matrices' on page 312 undefined on input 
line 787.


LaTeX Warning: Citation `Wolf2012Quantum' on page 312 undefined on input line 7
98.


LaTeX Warning: Reference `thm:scaled_trace_norm_contractivity' on page 312 unde
fined on input line 802.


LaTeX Warning: Reference `thm:scaled_trace_norm_contractivity' on page 312 unde
fined on input line 808.

[312]

LaTeX Warning: Reference `def:choi_matrix_rect' on page 313 undefined on input 
line 831.


LaTeX Warning: Reference `def:trace_prepare_map' on page 313 undefined on input
 line 831.


LaTeX Warning: Citation `Wolf2012Quantum' on page 313 undefined on input line 8
38.


LaTeX Warning: Reference `def:choi_matrix_rect' on page 313 undefined on input 
line 842.


LaTeX Warning: Reference `def:trace_prepare_map' on page 313 undefined on input
 line 842.


LaTeX Warning: Reference `def:trace_norm' on page 313 undefined on input line 8
55.


LaTeX Warning: Reference `def:choi_matrix_rect' on page 313 undefined on input 
line 855.


LaTeX Warning: Reference `def:trace_preserving_rectangular' on page 313 undefin
ed on input line 855.


LaTeX Warning: Reference `def:density_matrices' on page 313 undefined on input 
line 855.


LaTeX Warning: Citation `Wolf2012Quantum' on page 313 undefined on input line 8
70.


LaTeX Warning: Reference `thm:quantum_doeblin_contraction' on page 313 undefine
d on input line 875.


LaTeX Warning: Reference `lem:choi_matrix_trace_prepare' on page 313 undefined 
on input line 875.


LaTeX Warning: Reference `thm:choi_rect_cp' on page 313 undefined on input line
 875.


LaTeX Warning: Reference `def:trace_prepare_map' on page 313 undefined on input
 line 875.


LaTeX Warning: Reference `lem:is_kraus_cp_basic' on page 313 undefined on input
 line 875.


LaTeX Warning: Reference `lem:choi_matrix_trace_prepare' on page 313 undefined 
on input line 879.


LaTeX Warning: Reference `thm:choi_rect_cp' on page 313 undefined on input line
 883.


LaTeX Warning: Reference `thm:quantum_doeblin_contraction' on page 313 undefine
d on input line 884.


LaTeX Warning: Reference `def:density_matrices' on page 313 undefined on input 
line 894.


LaTeX Warning: Reference `def:orthogonal_projection_channel' on page 313 undefi
ned on input line 894.


LaTeX Warning: Citation `Wolf2012Quantum' on page 313 undefined on input line 9
06.

) (./chapter/ch12_polar_unitary_correction.tex [313]

LaTeX Warning: Reference `eq:polar_positive_expansion' on page 314 undefined on
 input line 36.


LaTeX Warning: Reference `eq:polar_positive_expansion' on page 314 undefined on
 input line 39.


LaTeX Warning: Reference `thm:positive_two_residuals' on page 314 undefined on 
input line 60.


LaTeX Warning: Reference `thm:positive_two_residuals' on page 314 undefined on 
input line 68.


LaTeX Warning: Reference `thm:positive_two_residuals' on page 314 undefined on 
input line 101.


LaTeX Warning: Reference `thm:unitary_polar_correction' on page 314 undefined o
n input line 101.

[314]

LaTeX Warning: Reference `thm:unitary_polar_correction' on page 315 undefined o
n input line 111.

) (./chapter/ch12_rectangular_windows.tex

LaTeX Warning: Reference `def:rectangular_channel_interval' on page 315 undefin
ed on input line 30.


LaTeX Warning: Reference `def:rectangular_channel_interval' on page 315 undefin
ed on input line 49.


LaTeX Warning: Reference `thm:rectangular_channel_composition' on page 315 unde
fined on input line 57.


LaTeX Warning: Reference `thm:matrix_operator_trace_bounds' on page 315 undefin
ed on input line 90.

[315]

LaTeX Warning: Reference `thm:rectangular_scaled_trace_bound' on page 316 undef
ined on input line 116.


LaTeX Warning: Reference `lem:choi_matrix_trace_prepare' on page 316 undefined 
on input line 116.


LaTeX Warning: Reference `thm:choi_rect_cp' on page 316 undefined on input line
 116.


LaTeX Warning: Reference `def:rectangular_channel_interval' on page 316 undefin
ed on input line 130.


LaTeX Warning: Reference `thm:rectangular_channel_composition' on page 316 unde
fined on input line 146.


LaTeX Warning: Reference `thm:rectangular_choi_residual' on page 316 undefined 
on input line 146.

) (./chapter/ch12_entropy_majorization.tex

LaTeX Warning: Citation `Wolf2012Quantum' on page 316 undefined on input line 1
8.

[316]) (./chapter/ch12_entropy_von_neumann_and_relative_i.tex

LaTeX Warning: Reference `def:von_neumann_entropy' on page 317 undefined on inp
ut line 19.


LaTeX Warning: Reference `def:von_neumann_entropy' on page 317 undefined on inp
ut line 31.


LaTeX Warning: Reference `def:von_neumann_entropy' on page 317 undefined on inp
ut line 42.


LaTeX Warning: Reference `thm:density_eigenvalues_le_one' on page 317 undefined
 on input line 49.


LaTeX Warning: Reference `lem:density_eigenvalues_sum' on page 317 undefined on
 input line 65.

[317]

LaTeX Warning: Reference `def:von_neumann_entropy' on page 318 undefined on inp
ut line 77.


LaTeX Warning: Reference `lem:density_eigenvalues_sum' on page 318 undefined on
 input line 85.


LaTeX Warning: Reference `thm:density_eigenvalues_le_one' on page 318 undefined
 on input line 85.


LaTeX Warning: Reference `def:von_neumann_entropy' on page 318 undefined on inp
ut line 91.


LaTeX Warning: Reference `lem:density_eigenvalues_sum' on page 318 undefined on
 input line 104.


LaTeX Warning: Reference `thm:density_eigenvalues_le_one' on page 318 undefined
 on input line 104.


LaTeX Warning: Reference `def:von_neumann_entropy' on page 318 undefined on inp
ut line 111.


LaTeX Warning: Reference `def:von_neumann_entropy' on page 318 undefined on inp
ut line 132.


LaTeX Warning: Reference `def:von_neumann_entropy' on page 318 undefined on inp
ut line 143.

[318]

LaTeX Warning: Reference `def:quantum_relative_entropy' on page 319 undefined o
n input line 186.


LaTeX Warning: Reference `def:quantum_relative_entropy' on page 319 undefined o
n input line 204.


LaTeX Warning: Reference `def:quantum_relative_entropy' on page 319 undefined o
n input line 216.


LaTeX Warning: Reference `def:quantum_relative_entropy' on page 319 undefined o
n input line 229.


LaTeX Warning: Reference `lem:quantum_relative_entropy_trace_split' on page 319
 undefined on input line 229.


LaTeX Warning: Reference `thm:entropy_eq_neg_trace_mul_log' on page 319 undefin
ed on input line 229.


LaTeX Warning: Reference `lem:quantum_relative_entropy_trace_split' on page 319
 undefined on input line 239.


LaTeX Warning: Reference `def:quantum_relative_entropy' on page 319 undefined o
n input line 252.


LaTeX Warning: Reference `lem:quantum_relative_entropy_trace_split' on page 319
 undefined on input line 252.


LaTeX Warning: Reference `def:quantum_relative_entropy' on page 319 undefined o
n input line 291.

[319]

LaTeX Warning: Reference `thm:klein_inequality' on page 320 undefined on input 
line 299.


LaTeX Warning: Reference `thm:klein_inequality' on page 320 undefined on input 
line 303.


LaTeX Warning: Reference `thm:klein_inequality' on page 320 undefined on input 
line 325.


LaTeX Warning: Reference `lem:quantum_relative_entropy_self' on page 320 undefi
ned on input line 334.


LaTeX Warning: Reference `thm:klein_inequality' on page 320 undefined on input 
line 340.


LaTeX Warning: Reference `def:quantum_relative_entropy' on page 320 undefined o
n input line 375.


LaTeX Warning: Reference `cor:lieb_concavity_id' on page 320 undefined on input
 line 375.


LaTeX Warning: Reference `cor:lieb_concavity_id' on page 320 undefined on input
 line 381.


LaTeX Warning: Reference `cor:lieb_concavity_id' on page 320 undefined on input
 line 391.

[320]

LaTeX Warning: Reference `def:quantum_relative_entropy' on page 321 undefined o
n input line 411.


LaTeX Warning: Reference `thm:relative_entropy_joint_convexity' on page 321 und
efined on input line 411.


LaTeX Warning: Reference `thm:relative_entropy_joint_convexity' on page 321 und
efined on input line 418.


LaTeX Warning: Reference `thm:relative_entropy_joint_convexity' on page 321 und
efined on input line 433.


LaTeX Warning: Reference `lem:cfc_conj_unitary' on page 321 undefined on input 
line 490.


LaTeX Warning: Reference `lem:cfc_conj_unitary' on page 321 undefined on input 
line 491.


LaTeX Warning: Reference `def:quantum_relative_entropy' on page 321 undefined o
n input line 501.


LaTeX Warning: Reference `lem:log_conj_unitary' on page 321 undefined on input 
line 511.


LaTeX Warning: Reference `lem:log_conj_unitary' on page 321 undefined on input 
line 513.

[321]

LaTeX Warning: Reference `def:quantum_relative_entropy' on page 322 undefined o
n input line 553.


LaTeX Warning: Reference `lem:log_kronecker' on page 322 undefined on input lin
e 553.


LaTeX Warning: Reference `lem:log_kronecker' on page 322 undefined on input lin
e 564.


LaTeX Warning: Reference `lem:log_kronecker' on page 322 undefined on input lin
e 565.


LaTeX Warning: Reference `lem:root_of_unity_orthogonality' on page 322 undefine
d on input line 629.


LaTeX Warning: Reference `lem:root_of_unity_orthogonality' on page 322 undefine
d on input line 645.


LaTeX Warning: Reference `lem:root_of_unity_orthogonality' on page 322 undefine
d on input line 649.

[322]

LaTeX Warning: Reference `thm:weyl_twirl' on page 323 undefined on input line 6
61.


LaTeX Warning: Reference `thm:weyl_twirl' on page 323 undefined on input line 6
76.


LaTeX Warning: Reference `thm:weyl_twirl' on page 323 undefined on input line 6
81.


LaTeX Warning: Reference `def:quantum_relative_entropy' on page 323 undefined o
n input line 723.


LaTeX Warning: Reference `def:quantum_relative_entropy' on page 323 undefined o
n input line 734.


LaTeX Warning: Reference `thm:log_submatrix_equiv' on page 323 undefined on inp
ut line 734.

[323]

LaTeX Warning: Reference `def:quantum_relative_entropy' on page 324 undefined o
n input line 762.


LaTeX Warning: Reference `thm:relative_entropy_ancilla_additivity' on page 324 
undefined on input line 762.


LaTeX Warning: Reference `thm:relative_entropy_unitary_invariance' on page 324 
undefined on input line 762.


LaTeX Warning: Reference `thm:relative_entropy_joint_convexity' on page 324 und
efined on input line 762.


LaTeX Warning: Reference `lem:relative_entropy_submatrix_equiv' on page 324 und
efined on input line 762.


LaTeX Warning: Reference `lem:twirl_partial_trace' on page 324 undefined on inp
ut line 762.


LaTeX Warning: Reference `thm:relative_entropy_data_processing_support' on page
 324 undefined on input line 773.


LaTeX Warning: Reference `thm:relative_entropy_ancilla_additivity' on page 324 
undefined on input line 779.


LaTeX Warning: Reference `thm:relative_entropy_unitary_invariance' on page 324 
undefined on input line 779.


LaTeX Warning: Reference `thm:relative_entropy_joint_convexity' on page 324 und
efined on input line 779.


LaTeX Warning: Reference `lem:twirl_partial_trace' on page 324 undefined on inp
ut line 779.


LaTeX Warning: Reference `thm:relative_entropy_ancilla_additivity' on page 324 
undefined on input line 780.


LaTeX Warning: Reference `lem:twirl_partial_trace' on page 324 undefined on inp
ut line 784.


LaTeX Warning: Reference `thm:relative_entropy_unitary_invariance' on page 324 
undefined on input line 792.


LaTeX Warning: Reference `def:quantum_relative_entropy' on page 324 undefined o
n input line 800.


LaTeX Warning: Reference `thm:relative_entropy_data_processing' on page 324 und
efined on input line 800.


LaTeX Warning: Reference `thm:relative_entropy_data_processing' on page 324 und
efined on input line 813.


LaTeX Warning: Reference `thm:relative_entropy_data_processing' on page 324 und
efined on input line 819.


LaTeX Warning: Reference `thm:relative_entropy_joint_convexity_support' on page
 324 undefined on input line 828.

[324]) (./chapter/ch12_entropy_von_neumann_and_relative_ii.tex

LaTeX Warning: Reference `def:support_inverse_square_root' on page 325 undefine
d on input line 18.


LaTeX Warning: Reference `def:support_inverse_square_root' on page 325 undefine
d on input line 27.


LaTeX Warning: Reference `def:support_inverse_square_root' on page 325 undefine
d on input line 52.


LaTeX Warning: Reference `def:support_inverse_square_root' on page 325 undefine
d on input line 68.


LaTeX Warning: Reference `def:support_inverse_square_root' on page 325 undefine
d on input line 90.


LaTeX Warning: Reference `lem:support_inverse_square_root_sandwich' on page 325
 undefined on input line 102.


LaTeX Warning: Reference `lem:support_inverse_square_root_sandwich' on page 325
 undefined on input line 113.

[325]

LaTeX Warning: Reference `def:support_inverse_square_root' on page 326 undefine
d on input line 146.


LaTeX Warning: Reference `thm:multiplicative_functional_calculus_tensor_product
' on page 326 undefined on input line 178.


LaTeX Warning: Reference `lem:support_inverse_square_root_sandwich' on page 326
 undefined on input line 178.


LaTeX Warning: Reference `lem:support_inverse_square_root_positive_definite' on
 page 326 undefined on input line 178.


LaTeX Warning: Reference `def:support_inverse_square_root' on page 326 undefine
d on input line 197.


LaTeX Warning: Reference `eq:entropy_support_tensor' on page 326 undefined on i
nput line 234.


LaTeX Warning: Reference `eq:entropy_support_tensor_left' on page 326 undefined
 on input line 236.


LaTeX Warning: Reference `eq:entropy_support_scaling' on page 326 undefined on 
input line 237.


LaTeX Warning: Reference `eq:entropy_support_mixed' on page 326 undefined on in
put line 239.

[326]

LaTeX Warning: Reference `def:support_inverse_square_root' on page 327 undefine
d on input line 246.


LaTeX Warning: Citation `Hayden2004Structure' on page 327 undefined on input li
ne 258.


LaTeX Warning: Reference `def:partial_trace_support_petz_map' on page 327 undef
ined on input line 266.


LaTeX Warning: Reference `eq:entropy_support_petz' on page 327 undefined on inp
ut line 268.


LaTeX Warning: Reference `def:entropy_product_tensor_reference' on page 327 und
efined on input line 295.


LaTeX Warning: Reference `def:partial_trace' on page 327 undefined on input lin
e 295.


LaTeX Warning: Reference `def:support_inverse_square_root' on page 327 undefine
d on input line 295.


LaTeX Warning: Reference `def:support_proj' on page 327 undefined on input line
 295.


LaTeX Warning: Reference `thm:support_inverse_square_root_tensor_product' on pa
ge 327 undefined on input line 318.


LaTeX Warning: Citation `DeLasCuevas2019Separability' on page 327 undefined on 
input line 359.

[327]

LaTeX Warning: Reference `def:entropy_product_tensor_reference' on page 328 und
efined on input line 371.


LaTeX Warning: Reference `thm:entropy_product_reference_support_calculus' on pa
ge 328 undefined on input line 371.


LaTeX Warning: Reference `def:entropy_support_compression' on page 328 undefine
d on input line 371.


LaTeX Warning: Reference `def:partial_trace_support_petz_map' on page 328 undef
ined on input line 371.


LaTeX Warning: Reference `eq:entropy_general_product_reference' on page 328 und
efined on input line 372.


LaTeX Warning: Citation `Hayden2004Structure' on page 328 undefined on input li
ne 390.


LaTeX Warning: Reference `thm:entropy_product_reference_support_calculus' on pa
ge 328 undefined on input line 400.


LaTeX Warning: Reference `lem:partial_trace_support_petz_map_apply' on page 328
 undefined on input line 400.


LaTeX Warning: Reference `def:bipartite_operator_schmidt_rank' on page 328 unde
fined on input line 400.


LaTeX Warning: Reference `thm:entropy_petz_product_tensor' on page 328 undefine
d on input line 414.


LaTeX Warning: Reference `def:entropy_support_compression' on page 328 undefine
d on input line 414.


LaTeX Warning: Reference `def:partial_trace_petz_channel' on page 328 undefined
 on input line 434.


LaTeX Warning: Reference `thm:entropy_petz_product_tensor' on page 328 undefine
d on input line 441.


LaTeX Warning: Reference `def:entropy_maximally_mixed_tensor_reference' on page
 328 undefined on input line 468.


LaTeX Warning: Reference `def:partial_trace' on page 328 undefined on input lin
e 468.


LaTeX Warning: Reference `def:partial_trace_left' on page 328 undefined on inpu
t line 468.


LaTeX Warning: Reference `eq:entropy_hjpw_product_reference' on page 328 undefi
ned on input line 469.

[328]

LaTeX Warning: Reference `thm:entropy_maximally_mixed_tensor_marginals' on page
 329 undefined on input line 495.


LaTeX Warning: Reference `lem:support_inverse_square_root_maximally_mixed' on p
age 329 undefined on input line 495.


LaTeX Warning: Reference `def:support_inverse_square_root' on page 329 undefine
d on input line 495.


LaTeX Warning: Reference `thm:entropy_maximally_mixed_tensor_marginals' on page
 329 undefined on input line 507.


LaTeX Warning: Reference `lem:support_inverse_square_root_maximally_mixed' on p
age 329 undefined on input line 507.


LaTeX Warning: Reference `def:entropy_maximally_mixed_tensor_reference' on page
 329 undefined on input line 522.


LaTeX Warning: Reference `def:partial_trace_support_petz_map' on page 329 undef
ined on input line 522.


LaTeX Warning: Reference `thm:entropy_maximally_mixed_support_inverse' on page 
329 undefined on input line 522.


LaTeX Warning: Reference `eq:entropy_hjpw_product_reference' on page 329 undefi
ned on input line 523.


LaTeX Warning: Citation `Hayden2004Structure' on page 329 undefined on input li
ne 533.


LaTeX Warning: Reference `thm:entropy_maximally_mixed_support_inverse' on page 
329 undefined on input line 541.


LaTeX Warning: Reference `lem:partial_trace_support_petz_map_apply' on page 329
 undefined on input line 541.


LaTeX Warning: Reference `def:bipartite_operator_schmidt_rank' on page 329 unde
fined on input line 541.


LaTeX Warning: Reference `thm:entropy_maximally_mixed_support_inverse' on page 
329 undefined on input line 545.


LaTeX Warning: Reference `thm:entropy_maximally_mixed_tensor_marginals' on page
 329 undefined on input line 557.


LaTeX Warning: Reference `thm:entropy_maximally_mixed_support_inverse' on page 
329 undefined on input line 557.


LaTeX Warning: Reference `def:support_proj' on page 329 undefined on input line
 557.


LaTeX Warning: Reference `lem:support_inverse_square_root_sandwich' on page 329
 undefined on input line 569.


LaTeX Warning: Reference `thm:entropy_maximally_mixed_support_inverse' on page 
329 undefined on input line 569.


LaTeX Warning: Reference `def:partial_trace_support_petz_map' on page 329 undef
ined on input line 583.


LaTeX Warning: Reference `def:is_kraus_cp' on page 329 undefined on input line 
583.


LaTeX Warning: Reference `lem:is_kraus_cp_comp' on page 329 undefined on input 
line 589.


LaTeX Warning: Reference `lem:mpdo_single_kraus_map_cp' on page 329 undefined o
n input line 589.


LaTeX Warning: Reference `lem:mpdo_state_preparation_cp' on page 329 undefined 
on input line 589.


LaTeX Warning: Reference `def:partial_trace_support_petz_map' on page 329 undef
ined on input line 608.


LaTeX Warning: Reference `lem:support_inverse_square_root_sandwich' on page 329
 undefined on input line 608.

[329]

LaTeX Warning: Reference `lem:support_inverse_square_root_sandwich' on page 330
 undefined on input line 619.


LaTeX Warning: Reference `eq:entropy_support_sandwich' on page 330 undefined on
 input line 629.


LaTeX Warning: Reference `def:support_proj' on page 330 undefined on input line
 637.


LaTeX Warning: Reference `def:partial_trace_left' on page 330 undefined on inpu
t line 637.


LaTeX Warning: Reference `def:mpdo_state_preparation_map' on page 330 undefined
 on input line 637.


LaTeX Warning: Reference `def:partial_trace_petz_complement' on page 330 undefi
ned on input line 653.


LaTeX Warning: Reference `def:is_kraus_cp' on page 330 undefined on input line 
653.


LaTeX Warning: Reference `lem:is_kraus_cp_comp' on page 330 undefined on input 
line 660.


LaTeX Warning: Reference `lem:mpdo_single_kraus_map_cp' on page 330 undefined o
n input line 660.


LaTeX Warning: Reference `lem:mpdo_state_preparation_cp' on page 330 undefined 
on input line 660.


LaTeX Warning: Reference `def:partial_trace_petz_complement' on page 330 undefi
ned on input line 670.


LaTeX Warning: Reference `def:partial_trace_petz_complement' on page 330 undefi
ned on input line 680.


LaTeX Warning: Reference `def:partial_trace_support_petz_map' on page 330 undef
ined on input line 694.


LaTeX Warning: Reference `def:partial_trace_petz_complement' on page 330 undefi
ned on input line 694.


LaTeX Warning: Reference `def:partial_trace_petz_channel' on page 330 undefined
 on input line 711.


LaTeX Warning: Reference `thm:partial_trace_support_petz_map_cp' on page 330 un
defined on input line 711.


LaTeX Warning: Reference `lem:partial_trace_support_petz_map_trace' on page 330
 undefined on input line 711.


LaTeX Warning: Reference `thm:partial_trace_petz_complement_cp' on page 330 und
efined on input line 711.


LaTeX Warning: Reference `lem:partial_trace_petz_complement_trace' on page 330 
undefined on input line 711.


LaTeX Warning: Reference `def:is_kraus_cptp' on page 330 undefined on input lin
e 711.


LaTeX Warning: Reference `lem:is_kraus_cp_add' on page 330 undefined on input l
ine 720.


LaTeX Warning: Reference `thm:is_kraus_cptp_of_is_kraus_cp_trace_preserving' on
 page 330 undefined on input line 720.


LaTeX Warning: Reference `lem:partial_trace_support_petz_map_trace' on page 330
 undefined on input line 720.


LaTeX Warning: Reference `lem:partial_trace_petz_complement_trace' on page 330 
undefined on input line 720.


LaTeX Warning: Reference `eq:entropy_petz_complement_trace' on page 330 undefin
ed on input line 723.


LaTeX Warning: Reference `eq:entropy_petz_complement_trace' on page 330 undefin
ed on input line 724.


LaTeX Warning: Reference `eq:entropy_support_petz_trace' on page 330 undefined 
on input line 725.


LaTeX Warning: Reference `def:partial_trace_petz_complement' on page 330 undefi
ned on input line 737.


LaTeX Warning: Reference `thm:entropy_maximally_mixed_support_projector' on pag
e 330 undefined on input line 737.


LaTeX Warning: Reference `thm:entropy_maximally_mixed_tensor_marginals' on page
 330 undefined on input line 737.


LaTeX Warning: Reference `eq:entropy_hjpw_product_reference' on page 330 undefi
ned on input line 738.


LaTeX Warning: Reference `eq:entropy_petz_complement' on page 330 undefined on 
input line 747.


LaTeX Warning: Citation `Hayden2004Structure' on page 330 undefined on input li
ne 748.


LaTeX Warning: Reference `thm:entropy_maximally_mixed_support_projector' on pag
e 330 undefined on input line 754.


LaTeX Warning: Reference `thm:entropy_maximally_mixed_tensor_marginals' on page
 330 undefined on input line 754.


LaTeX Warning: Reference `def:bipartite_operator_schmidt_rank' on page 330 unde
fined on input line 754.


LaTeX Warning: Reference `eq:entropy_mixed_reference_support' on page 330 undef
ined on input line 755.


LaTeX Warning: Reference `def:partial_trace_petz_channel' on page 330 undefined
 on input line 777.


LaTeX Warning: Reference `thm:entropy_petz_maximally_mixed_tensor' on page 330 
undefined on input line 777.


LaTeX Warning: Reference `thm:entropy_petz_complement_maximally_mixed_tensor' o
n page 330 undefined on input line 777.


LaTeX Warning: Reference `eq:entropy_hjpw_product_reference' on page 330 undefi
ned on input line 778.


LaTeX Warning: Citation `Hayden2004Structure' on page 330 undefined on input li
ne 787.


LaTeX Warning: Reference `eq:entropy_petz_complement' on page 330 undefined on 
input line 789.

[330]

LaTeX Warning: Reference `thm:entropy_petz_maximally_mixed_tensor' on page 331 
undefined on input line 795.


LaTeX Warning: Reference `thm:entropy_petz_complement_maximally_mixed_tensor' o
n page 331 undefined on input line 795.


LaTeX Warning: Reference `eq:entropy_hjpw_petz_factorization' on page 331 undef
ined on input line 796.


LaTeX Warning: Reference `eq:entropy_petz_complement_factorization' on page 331
 undefined on input line 797.


LaTeX Warning: Reference `thm:partial_trace_petz_channel_cptp' on page 331 unde
fined on input line 807.


LaTeX Warning: Reference `thm:entropy_maximally_mixed_tensor_marginals' on page
 331 undefined on input line 807.


LaTeX Warning: Reference `def:is_kraus_cptp' on page 331 undefined on input lin
e 807.


LaTeX Warning: Reference `thm:partial_trace_petz_channel_cptp' on page 331 unde
fined on input line 815.


LaTeX Warning: Reference `thm:entropy_maximally_mixed_tensor_marginals' on page
 331 undefined on input line 815.


LaTeX Warning: Reference `eq:entropy_mixed_reference_trace' on page 331 undefin
ed on input line 816.


LaTeX Warning: Reference `def:partial_trace_petz_channel' on page 331 undefined
 on input line 825.


LaTeX Warning: Reference `def:partial_trace_petz_channel' on page 331 undefined
 on input line 832.


LaTeX Warning: Reference `def:partial_trace_petz_complement' on page 331 undefi
ned on input line 832.


LaTeX Warning: Reference `def:hermitian_support_projection' on page 331 undefin
ed on input line 862.


LaTeX Warning: Reference `def:hermitian_support_projection' on page 331 undefin
ed on input line 877.


LaTeX Warning: Reference `lem:cfc_conj_unitary' on page 331 undefined on input 
line 877.


LaTeX Warning: Reference `eq:mpdo_support_log_tensor_product' on page 331 undef
ined on input line 879.


LaTeX Warning: Reference `def:hermitian_support_projection' on page 331 undefin
ed on input line 895.


LaTeX Warning: Reference `def:hermitian_support_projection' on page 331 undefin
ed on input line 902.

[331]

LaTeX Warning: Reference `def:single_basis_vector_lift' on page 332 undefined o
n input line 922.


LaTeX Warning: Reference `def:single_basis_vector_lift' on page 332 undefined o
n input line 932.


LaTeX Warning: Reference `def:partial_trace' on page 332 undefined on input lin
e 947.


LaTeX Warning: Reference `def:single_basis_vector_lift' on page 332 undefined o
n input line 947.


LaTeX Warning: Reference `thm:matrix_action_single_basis_vector_lift' on page 3
32 undefined on input line 958.


LaTeX Warning: Reference `def:partial_trace' on page 332 undefined on input lin
e 958.


LaTeX Warning: Reference `def:partial_trace' on page 332 undefined on input lin
e 967.


LaTeX Warning: Reference `thm:partial_trace_quadratic_form_split' on page 332 u
ndefined on input line 980.


LaTeX Warning: Reference `thm:matrix_action_single_basis_vector_lift' on page 3
32 undefined on input line 980.


LaTeX Warning: Reference `def:partial_trace_petz_channel' on page 332 undefined
 on input line 1000.


LaTeX Warning: Reference `def:partial_trace_support_petz_map' on page 332 undef
ined on input line 1000.


LaTeX Warning: Reference `def:partial_trace' on page 332 undefined on input lin
e 1000.


LaTeX Warning: Reference `thm:partial_trace_kernel_inclusion' on page 332 undef
ined on input line 1013.


LaTeX Warning: Reference `thm:support_projection_absorption_kernel_inclusion' o
n page 332 undefined on input line 1013.


LaTeX Warning: Reference `thm:partial_trace_petz_channel_supported_agreement' o
n page 332 undefined on input line 1013.


LaTeX Warning: Reference `thm:support_projection_absorption_kernel_inclusion' o
n page 332 undefined on input line 1016.


LaTeX Warning: Reference `thm:partial_trace_petz_channel_supported_agreement' o
n page 332 undefined on input line 1019.


Overfull \hbox (0.6799pt too wide) in paragraph at lines 1010--1020
[] [][][] [][][]\TU/lmr/m/n/10 Kernel inclusion descends through the partial tr
ace, giving $[][][][] [][] [] [][][][] [][]$.

LaTeX Warning: Reference `def:partial_trace_support_petz_map' on page 332 undef
ined on input line 1036.


LaTeX Warning: Reference `lem:partial_trace_support_petz_map_apply' on page 332
 undefined on input line 1036.


LaTeX Warning: Reference `lem:support_inverse_square_root_sandwich' on page 332
 undefined on input line 1036.


LaTeX Warning: Reference `thm:marginal_support_left_absorption' on page 332 und
efined on input line 1036.


LaTeX Warning: Reference `eq:entropy_support_sandwich' on page 332 undefined on
 input line 1046.

[332]

LaTeX Warning: Reference `thm:partial_trace_support_petz_map_reference_recovery
' on page 333 undefined on input line 1063.


LaTeX Warning: Reference `thm:partial_trace_petz_channel_supported_agreement' o
n page 333 undefined on input line 1063.


LaTeX Warning: Reference `thm:partial_trace_support_petz_map_reference_recovery
' on page 333 undefined on input line 1074.


LaTeX Warning: Reference `thm:partial_trace_petz_channel_supported_agreement' o
n page 333 undefined on input line 1074.


LaTeX Warning: Reference `thm:partial_trace_support_petz_map_reference_recovery
' on page 333 undefined on input line 1077.


LaTeX Warning: Reference `def:von_neumann_entropy' on page 333 undefined on inp
ut line 1085.


LaTeX Warning: Reference `lem:entropy_charpoly_roots' on page 333 undefined on 
input line 1085.


LaTeX Warning: Reference `lem:entropy_charpoly_roots' on page 333 undefined on 
input line 1093.


LaTeX Warning: Reference `lem:entropy_charpoly_roots' on page 333 undefined on 
input line 1094.


LaTeX Warning: Reference `lem:entropy_charpoly_roots' on page 333 undefined on 
input line 1129.


LaTeX Warning: Reference `lem:charpoly_root_entropy_cyclic_swap' on page 333 un
defined on input line 1129.


LaTeX Warning: Reference `lem:entropy_charpoly_roots' on page 333 undefined on 
input line 1136.


LaTeX Warning: Reference `lem:charpoly_root_entropy_cyclic_swap' on page 333 un
defined on input line 1136.


LaTeX Warning: Reference `lem:entropy_charpoly_roots' on page 333 undefined on 
input line 1137.


LaTeX Warning: Reference `lem:charpoly_root_entropy_cyclic_swap' on page 333 un
defined on input line 1139.


LaTeX Warning: Reference `def:von_neumann_entropy' on page 333 undefined on inp
ut line 1147.


LaTeX Warning: Reference `def:von_neumann_entropy' on page 333 undefined on inp
ut line 1169.

[333]

LaTeX Warning: Reference `def:von_neumann_entropy' on page 334 undefined on inp
ut line 1197.


LaTeX Warning: Reference `def:von_neumann_entropy' on page 334 undefined on inp
ut line 1227.


LaTeX Warning: Citation `Cirac2016MPDO_arXiv' on page 334 undefined on input li
ne 1242.


LaTeX Warning: Reference `thm:entropy_mul_comm' on page 334 undefined on input 
line 1246.


LaTeX Warning: Reference `thm:entropy_block_diagonal' on page 334 undefined on 
input line 1246.


LaTeX Warning: Reference `thm:entropy_smul' on page 334 undefined on input line
 1260.


LaTeX Warning: Reference `thm:entropy_block_diagonal' on page 334 undefined on 
input line 1260.

[334]

LaTeX Warning: Citation `Cirac2016MPDO_arXiv' on page 335 undefined on input li
ne 1274.


LaTeX Warning: Citation `Cirac2016MPDO_arXiv' on page 335 undefined on input li
ne 1291.

) (./chapter/ch12_entropy_tripartite_and_ssa_i.tex

LaTeX Warning: Reference `def:traceA_ABC' on page 335 undefined on input line 4
4.


LaTeX Warning: Reference `def:traceC_ABC' on page 335 undefined on input line 4
4.


LaTeX Warning: Reference `def:traceAC_ABC' on page 335 undefined on input line 
44.


LaTeX Warning: Reference `def:quantum_relative_entropy' on page 335 undefined o
n input line 62.


LaTeX Warning: Reference `def:von_neumann_entropy' on page 335 undefined on inp
ut line 62.


LaTeX Warning: Reference `def:quantum_relative_entropy' on page 335 undefined o
n input line 75.

[335]

LaTeX Warning: Reference `def:traceA_ABC' on page 336 undefined on input line 1
19.


LaTeX Warning: Reference `def:traceC_ABC' on page 336 undefined on input line 1
19.


LaTeX Warning: Reference `def:traceAC_ABC' on page 336 undefined on input line 
119.


LaTeX Warning: Reference `def:von_neumann_entropy' on page 336 undefined on inp
ut line 145.


LaTeX Warning: Reference `def:traceA_ABC' on page 336 undefined on input line 1
45.


LaTeX Warning: Reference `def:traceC_ABC' on page 336 undefined on input line 1
45.


LaTeX Warning: Reference `def:traceAC_ABC' on page 336 undefined on input line 
145.


LaTeX Warning: Reference `def:quantum_relative_entropy' on page 336 undefined o
n input line 156.


LaTeX Warning: Reference `thm:relative_entropy_data_processing_support' on page
 336 undefined on input line 156.


LaTeX Warning: Reference `lem:rel_entropy_eval_support' on page 336 undefined o
n input line 156.


LaTeX Warning: Reference `lem:kron_marginal_support' on page 336 undefined on i
nput line 156.


LaTeX Warning: Reference `eq:entropy_ssa_eval_abc' on page 336 undefined on inp
ut line 196.


LaTeX Warning: Reference `eq:entropy_ssa_eval_ab' on page 336 undefined on inpu
t line 197.


LaTeX Warning: Reference `eq:entropy_ssa_dpi' on page 336 undefined on input li
ne 197.

[336]

LaTeX Warning: Reference `def:von_neumann_entropy' on page 337 undefined on inp
ut line 205.


LaTeX Warning: Reference `def:traceA_ABC' on page 337 undefined on input line 2
05.


LaTeX Warning: Reference `def:traceC_ABC' on page 337 undefined on input line 2
05.


LaTeX Warning: Reference `def:traceAC_ABC' on page 337 undefined on input line 
205.


LaTeX Warning: Reference `thm:strong_subadditivity' on page 337 undefined on in
put line 212.


LaTeX Warning: Reference `def:quantum_relative_entropy' on page 337 undefined o
n input line 216.


LaTeX Warning: Reference `thm:relative_entropy_data_processing' on page 337 und
efined on input line 216.


LaTeX Warning: Reference `eq:entropy_ssa_posdef_abc' on page 337 undefined on i
nput line 241.


LaTeX Warning: Reference `eq:entropy_ssa_posdef_ab' on page 337 undefined on in
put line 242.


LaTeX Warning: Reference `eq:entropy_ssa_posdef_dpi' on page 337 undefined on i
nput line 242.


LaTeX Warning: Reference `def:von_neumann_entropy' on page 337 undefined on inp
ut line 249.


LaTeX Warning: Reference `def:traceA_ABC' on page 337 undefined on input line 2
49.


LaTeX Warning: Reference `def:traceC_ABC' on page 337 undefined on input line 2
49.


LaTeX Warning: Reference `def:traceAC_ABC' on page 337 undefined on input line 
249.


LaTeX Warning: Reference `def:quantum_relative_entropy' on page 337 undefined o
n input line 263.


LaTeX Warning: Reference `def:hermitian_support_projection' on page 337 undefin
ed on input line 277.


LaTeX Warning: Reference `thm:mpdo_support_log_kronecker' on page 337 undefined
 on input line 277.


LaTeX Warning: Reference `thm:support_projection_absorption_kernel_inclusion' o
n page 337 undefined on input line 277.


LaTeX Warning: Reference `def:quantum_relative_entropy' on page 337 undefined o
n input line 297.


LaTeX Warning: Reference `def:partial_trace' on page 337 undefined on input lin
e 297.

[337]

LaTeX Warning: Citation `Hayden2004Structure' on page 338 undefined on input li
ne 317.


LaTeX Warning: Reference `lem:twirl_partial_trace' on page 338 undefined on inp
ut line 327.


LaTeX Warning: Reference `thm:partial_trace_kernel_inclusion' on page 338 undef
ined on input line 327.


LaTeX Warning: Reference `thm:relative_entropy_ancilla_additivity_support' on p
age 338 undefined on input line 327.


LaTeX Warning: Reference `thm:relative_entropy_unitary_invariance' on page 338 
undefined on input line 327.


LaTeX Warning: Reference `thm:weyl_operator_unitary' on page 338 undefined on i
nput line 327.


LaTeX Warning: Reference `thm:maximally_mixed_ancilla' on page 338 undefined on
 input line 327.


LaTeX Warning: Reference `eq:entropy_weyl_average_value' on page 338 undefined 
on input line 351.


LaTeX Warning: Reference `eq:entropy_weyl_conjugate' on page 338 undefined on i
nput line 352.


LaTeX Warning: Reference `eq:entropy_weyl_summand' on page 338 undefined on inp
ut line 353.


LaTeX Warning: Reference `def:quantum_relative_entropy' on page 338 undefined o
n input line 360.


LaTeX Warning: Reference `def:partial_trace' on page 338 undefined on input lin
e 360.


LaTeX Warning: Citation `Hayden2004Structure' on page 338 undefined on input li
ne 382.


LaTeX Warning: Reference `thm:relative_entropy_weyl_average_eq_summand' on page
 338 undefined on input line 389.


LaTeX Warning: Reference `thm:relative_entropy_unitary_invariance' on page 338 
undefined on input line 389.


LaTeX Warning: Reference `thm:weyl_operator_unitary' on page 338 undefined on i
nput line 389.


LaTeX Warning: Reference `thm:relative_entropy_weyl_average_eq_summand' on page
 338 undefined on input line 397.


LaTeX Warning: Reference `def:quantum_relative_entropy' on page 338 undefined o
n input line 414.

[338]

LaTeX Warning: Reference `def:quantum_relative_entropy' on page 339 undefined o
n input line 436.


LaTeX Warning: Reference `def:hermitian_support_projection' on page 339 undefin
ed on input line 436.


LaTeX Warning: Reference `thm:support_projection_absorption_kernel_inclusion' o
n page 339 undefined on input line 436.


LaTeX Warning: Reference `thm:relative_entropy_weyl_jensen_eq' on page 339 unde
fined on input line 463.


LaTeX Warning: Reference `lem:relative_entropy_positive_homogeneity' on page 33
9 undefined on input line 463.


LaTeX Warning: Reference `thm:relative_entropy_weyl_jensen_eq' on page 339 unde
fined on input line 479.


LaTeX Warning: Reference `lem:relative_entropy_positive_homogeneity' on page 33
9 undefined on input line 481.


LaTeX Warning: Reference `def:quantum_relative_entropy' on page 339 undefined o
n input line 524.

[339]

LaTeX Warning: Reference `eq:entropy_hermitian_spectral' on page 340 undefined 
on input line 558.


LaTeX Warning: Reference `def:quantum_relative_entropy' on page 340 undefined o
n input line 567.


LaTeX Warning: Reference `lem:relative_entropy_scalar_resolvent_integral' on pa
ge 340 undefined on input line 567.


LaTeX Warning: Reference `thm:relative_entropy_hermitian_spectral' on page 340 
undefined on input line 567.


LaTeX Warning: Reference `thm:relative_entropy_hermitian_spectral' on page 340 
undefined on input line 570.

[340]

LaTeX Warning: Reference `thm:relative_entropy_hermitian_spectral' on page 341 
undefined on input line 628.


LaTeX Warning: Reference `eq:entropy_support_integral' on page 341 undefined on
 input line 630.


LaTeX Warning: Reference `thm:relative_entropy_support_spectral_integral' on pa
ge 341 undefined on input line 649.


LaTeX Warning: Reference `thm:relative_entropy_support_spectral_integral' on pa
ge 341 undefined on input line 675.


LaTeX Warning: Reference `eq:entropy_support_quadratic' on page 341 undefined o
n input line 692.


LaTeX Warning: Reference `eq:entropy_support_solution_a' on page 341 undefined 
on input line 735.


LaTeX Warning: Reference `eq:entropy_support_solution_b' on page 341 undefined 
on input line 736.


LaTeX Warning: Reference `eq:entropy_support_entries_a' on page 341 undefined o
n input line 737.


LaTeX Warning: Reference `eq:entropy_support_entries_b' on page 341 undefined o
n input line 738.


LaTeX Warning: Reference `eq:entropy_support_quad_a' on page 341 undefined on i
nput line 739.


LaTeX Warning: Reference `eq:entropy_support_quad_b' on page 341 undefined on i
nput line 740.


LaTeX Warning: Reference `lem:relative_entropy_scalar_resolvent_integral' on pa
ge 341 undefined on input line 742.

[341]

LaTeX Warning: Reference `thm:relative_entropy_support_left_right_quadratic' on
 page 342 undefined on input line 751.


LaTeX Warning: Reference `lem:support_resolvent_residual_identity' on page 342 
undefined on input line 751.


LaTeX Warning: Citation `gap:cpsv16_ssa_equality_hayashi_markov' on page 342 un
defined on input line 782.


LaTeX Warning: Reference `lem:support_sourceB_quadratic_sum_sub_nonnegative' on
 page 342 undefined on input line 805.


LaTeX Warning: Reference `thm:support_resolvent_zero_defect' on page 342 undefi
ned on input line 805.


LaTeX Warning: Reference `lem:support_sourceB_quadratic_sum_sub_nonnegative' on
 page 342 undefined on input line 807.


LaTeX Warning: Reference `thm:relative_entropy_support_left_right_quadratic' on
 page 342 undefined on input line 849.


LaTeX Warning: Reference `lem:support_resolvent_residual_identity' on page 342 
undefined on input line 849.

[342]

LaTeX Warning: Reference `thm:relative_entropy_support_spectral_integral' on pa
ge 343 undefined on input line 906.


LaTeX Warning: Reference `thm:relative_entropy_support_left_right_quadratic' on
 page 343 undefined on input line 906.


LaTeX Warning: Reference `lem:support_sourceB_quadratic_sum_sub_nonnegative' on
 page 343 undefined on input line 963.


LaTeX Warning: Reference `lem:unprojected_support_sourceA_quadratic_sum_sub_non
negative' on page 343 undefined on input line 963.


LaTeX Warning: Reference `thm:support_relative_entropy_family_gap_integral' on 
page 343 undefined on input line 965.

[343]

LaTeX Warning: Reference `thm:support_relative_entropy_family_gap_integral' on 
page 344 undefined on input line 992.


LaTeX Warning: Reference `thm:support_relative_entropy_family_gap_integrand_non
negative' on page 344 undefined on input line 992.


LaTeX Warning: Reference `lem:unprojected_support_sourceA_quadratic_sum_sub_non
negative' on page 344 undefined on input line 992.


LaTeX Warning: Reference `lem:support_sourceB_quadratic_sum_sub_nonnegative' on
 page 344 undefined on input line 992.


LaTeX Warning: Reference `thm:support_relative_entropy_family_gap_integral' on 
page 344 undefined on input line 994.


LaTeX Warning: Reference `thm:support_relative_entropy_equality_common_projecte
d_resolvent' on page 344 undefined on input line 1014.


Overfull \hbox (6.02043pt too wide) in paragraph at lines 1009--1015
\TU/lmr/m/it/10 This is the source-$[]$ pointwise-vanishing passage in Jenčová–
Ruskai, arXiv:0903.2895v4, lines 433–

LaTeX Warning: Reference `eq:support_relative_entropy_family_gap_integral' on p
age 344 undefined on input line 1019.


LaTeX Warning: Reference `def:quantum_relative_entropy' on page 344 undefined o
n input line 1043.


LaTeX Warning: Reference `lem:relative_entropy_scalar_resolvent_integral' on pa
ge 344 undefined on input line 1043.


LaTeX Warning: Reference `eq:entropy_resolvent_integral' on page 344 undefined 
on input line 1068.


LaTeX Warning: Reference `eq:entropy_resolvent_a' on page 344 undefined on inpu
t line 1078.


LaTeX Warning: Reference `eq:entropy_resolvent_b' on page 344 undefined on inpu
t line 1079.


LaTeX Warning: Reference `eq:entropy_resolvent_integral' on page 344 undefined 
on input line 1080.


LaTeX Warning: Reference `lem:relative_entropy_scalar_resolvent_integral' on pa
ge 344 undefined on input line 1082.


LaTeX Warning: Reference `def:support_inverse_square_root' on page 344 undefine
d on input line 1092.

[344]

LaTeX Warning: Reference `lem:support_inverse_square_root_generalized_inverse' 
on page 345 undefined on input line 1128.


LaTeX Warning: Reference `def:support_inverse_square_root' on page 345 undefine
d on input line 1146.


LaTeX Warning: Reference `lem:support_resolvent_residual_identity' on page 345 
undefined on input line 1148.


LaTeX Warning: Reference `lem:support_resolvent_residual_identity' on page 345 
undefined on input line 1170.


LaTeX Warning: Reference `lem:support_inverse_square_root_generalized_inverse' 
on page 345 undefined on input line 1170.


LaTeX Warning: Reference `lem:support_resolvent_residual_identity' on page 345 
undefined on input line 1171.


LaTeX Warning: Reference `eq:entropy_zero_defect' on page 345 undefined on inpu
t line 1172.


LaTeX Warning: Reference `eq:entropy_common_solution' on page 345 undefined on 
input line 1178.

) (./chapter/ch12_entropy_tripartite_and_ssa_ii.tex

LaTeX Warning: Reference `thm:weyl_operator_unitary' on page 345 undefined on i
nput line 5.

[345]

LaTeX Warning: Reference `thm:weyl_operator_unitary' on page 346 undefined on i
nput line 70.


LaTeX Warning: Reference `thm:weyl_resolvent_defect_identity' on page 346 undef
ined on input line 71.


LaTeX Warning: Reference `thm:weyl_resolvent_defect_identity' on page 346 undef
ined on input line 89.


LaTeX Warning: Reference `thm:relative_entropy_resolvent_integral' on page 346 
undefined on input line 120.


LaTeX Warning: Reference `thm:weyl_resolvent_defect_identity' on page 346 undef
ined on input line 120.


LaTeX Warning: Reference `thm:weyl_sourceA_resolvent_defect_identity' on page 3
46 undefined on input line 120.

[346]

LaTeX Warning: Reference `thm:relative_entropy_resolvent_integral' on page 347 
undefined on input line 146.


LaTeX Warning: Reference `thm:weyl_resolvent_defect_identity' on page 347 undef
ined on input line 158.


LaTeX Warning: Reference `eq:entropy_weyl_zero_defect' on page 347 undefined on
 input line 175.


LaTeX Warning: Reference `eq:entropy_weyl_zero_defect' on page 347 undefined on
 input line 179.


LaTeX Warning: Reference `thm:partial_trace_saturation_weyl_gap_zero' on page 3
47 undefined on input line 194.


LaTeX Warning: Reference `thm:weyl_relative_entropy_gap_integral' on page 347 u
ndefined on input line 194.


LaTeX Warning: Reference `thm:weyl_resolvent_zero_defect' on page 347 undefined
 on input line 194.


LaTeX Warning: Reference `thm:partial_trace_saturation_weyl_gap_zero' on page 3
47 undefined on input line 201.


LaTeX Warning: Reference `thm:weyl_relative_entropy_gap_integral' on page 347 u
ndefined on input line 209.


LaTeX Warning: Reference `thm:weyl_resolvent_zero_defect' on page 347 undefined
 on input line 214.

[347]

LaTeX Warning: Reference `def:support_inverse_square_root' on page 348 undefine
d on input line 312.


LaTeX Warning: Reference `lem:support_inverse_square_root_generalized_inverse' 
on page 348 undefined on input line 330.


LaTeX Warning: Reference `lem:right_multiplication_transposed_vectorization' on
 page 348 undefined on input line 330.

[348]

LaTeX Warning: Reference `lem:support_relative_modular_source_solution' on page
 349 undefined on input line 401.


LaTeX Warning: Reference `lem:support_inverse_square_root_generalized_inverse' 
on page 349 undefined on input line 401.


LaTeX Warning: Reference `thm:support_sourceB_defect_zero_of_relative_entropy_s
um_eq' on page 349 undefined on input line 435.


LaTeX Warning: Reference `thm:support_sourceB_zero_defect_common_left_right_sol
ution' on page 349 undefined on input line 435.


LaTeX Warning: Reference `thm:support_left_right_projected_relative_modular' on
 page 349 undefined on input line 435.

[349]

LaTeX Warning: Reference `thm:relative_entropy_weyl_jensen_eq' on page 350 unde
fined on input line 493.


LaTeX Warning: Reference `lem:relative_entropy_support_positive_homogeneity' on
 page 350 undefined on input line 493.


LaTeX Warning: Reference `thm:weyl_operator_unitary' on page 350 undefined on i
nput line 493.


LaTeX Warning: Reference `thm:support_relative_entropy_equality_common_projecte
d_resolvent' on page 350 undefined on input line 493.


LaTeX Warning: Reference `lem:relative_entropy_support_positive_homogeneity' on
 page 350 undefined on input line 540.


LaTeX Warning: Reference `thm:support_relative_entropy_equality_common_projecte
d_resolvent' on page 350 undefined on input line 546.


LaTeX Warning: Reference `lem:twirl_partial_trace' on page 350 undefined on inp
ut line 554.


LaTeX Warning: Reference `def:support_inverse_square_root' on page 350 undefine
d on input line 576.


LaTeX Warning: Reference `lem:support_inverse_square_root_positive_semidefinite
' on page 350 undefined on input line 589.

[350]

LaTeX Warning: Reference `def:support_inverse_square_root' on page 351 undefine
d on input line 607.


Overfull \hbox (3.43794pt too wide) in paragraph at lines 605--612
[][]\TU/lmr/bx/n/10 Lemma 13.8.39 \TU/lmr/m/n/10 (Relative modular square-root 
ratio on the support)\TU/lmr/bx/n/10 . [][][] [][][] [][] [][][] []\TU/lmr/m/it
/10 Let $[][] [][] [][] []$

LaTeX Warning: Reference `thm:support_relative_entropy_equality_common_projecte
d_resolvent' on page 351 undefined on input line 633.


LaTeX Warning: Reference `lem:positive_sqrt_from_common_resolvents' on page 351
 undefined on input line 639.


LaTeX Warning: Reference `lem:support_relative_modular_sqrt_evaluation' on page
 351 undefined on input line 639.


LaTeX Warning: Reference `lem:right_multiplication_transposed_vectorization' on
 page 351 undefined on input line 639.


LaTeX Warning: Reference `lem:support_relative_modular_sqrt_evaluation' on page
 351 undefined on input line 640.


LaTeX Warning: Reference `lem:positive_sqrt_from_common_resolvents' on page 351
 undefined on input line 649.


LaTeX Warning: Reference `thm:weyl_relative_entropy_zero_gap_resolvent' on page
 351 undefined on input line 700.


LaTeX Warning: Reference `lem:positive_sqrt_from_common_resolvents' on page 351
 undefined on input line 700.


LaTeX Warning: Reference `thm:weyl_identity_sandwich_petz_recovery' on page 351
 undefined on input line 700.


LaTeX Warning: Reference `lem:positive_sqrt_from_common_resolvents' on page 351
 undefined on input line 703.


LaTeX Warning: Reference `thm:weyl_identity_sandwich_petz_recovery' on page 351
 undefined on input line 728.


LaTeX Warning: Reference `lem:support_inverse_square_root_maximally_mixed' on p
age 351 undefined on input line 735.

[351]

LaTeX Warning: Reference `lem:support_inverse_square_root_maximally_mixed' on p
age 352 undefined on input line 751.


LaTeX Warning: Reference `def:partial_trace_support_petz_map' on page 352 undef
ined on input line 764.


LaTeX Warning: Reference `lem:partial_trace_support_petz_map_apply' on page 352
 undefined on input line 764.


LaTeX Warning: Reference `lem:maximally_mixed_support_sandwich' on page 352 und
efined on input line 764.


LaTeX Warning: Citation `Hayden2004Structure' on page 352 undefined on input li
ne 782.


LaTeX Warning: Reference `lem:maximally_mixed_support_sandwich' on page 352 und
efined on input line 787.


LaTeX Warning: Citation `Hayden2004Structure' on page 352 undefined on input li
ne 844.


LaTeX Warning: Citation `Cirac2016MPDO_arXiv' on page 352 undefined on input li
ne 847.


LaTeX Warning: Reference `thm:partial_trace_saturation_common_projected_weyl_re
solvent' on page 352 undefined on input line 856.


LaTeX Warning: Reference `lem:unweighted_weyl_sum_normalization' on page 352 un
defined on input line 856.


LaTeX Warning: Reference `lem:support_relative_modular_sqrt_ratio' on page 352 
undefined on input line 856.


LaTeX Warning: Reference `thm:support_inverse_square_root_tensor_product' on pa
ge 352 undefined on input line 856.


LaTeX Warning: Reference `thm:support_projection_absorption_kernel_inclusion' o
n page 352 undefined on input line 856.


LaTeX Warning: Reference `thm:weyl_identity_sandwich_petz_recovery' on page 352
 undefined on input line 856.


LaTeX Warning: Reference `thm:partial_trace_saturation_common_projected_weyl_re
solvent' on page 352 undefined on input line 858.


LaTeX Warning: Reference `lem:support_relative_modular_sqrt_ratio' on page 352 
undefined on input line 859.


LaTeX Warning: Reference `lem:unweighted_weyl_sum_normalization' on page 352 un
defined on input line 861.

[352]

LaTeX Warning: Reference `thm:weyl_identity_sandwich_petz_recovery' on page 353
 undefined on input line 880.


LaTeX Warning: Reference `eq:petz_product_reindexing_map' on page 353 undefined
 on input line 910.


LaTeX Warning: Reference `def:quantum_relative_entropy' on page 353 undefined o
n input line 919.


LaTeX Warning: Reference `def:partial_trace' on page 353 undefined on input lin
e 919.


LaTeX Warning: Reference `def:partial_trace_petz_channel' on page 353 undefined
 on input line 919.


LaTeX Warning: Citation `Hayden2004Structure' on page 353 undefined on input li
ne 936.


LaTeX Warning: Reference `thm:partial_trace_saturation_support_petz_recovery' o
n page 353 undefined on input line 945.


LaTeX Warning: Reference `lem:partial_trace_petz_product_reindexing' on page 35
3 undefined on input line 945.


LaTeX Warning: Reference `lem:relative_entropy_submatrix_equiv' on page 353 und
efined on input line 945.


LaTeX Warning: Reference `thm:partial_trace_petz_channel_first_marginal_agreeme
nt' on page 353 undefined on input line 945.


LaTeX Warning: Reference `eq:petz_dpi_equality' on page 353 undefined on input 
line 948.


LaTeX Warning: Reference `thm:partial_trace_saturation_support_petz_recovery' o
n page 353 undefined on input line 950.


LaTeX Warning: Reference `lem:partial_trace_petz_product_reindexing' on page 35
3 undefined on input line 952.


LaTeX Warning: Reference `thm:partial_trace_petz_channel_first_marginal_agreeme
nt' on page 353 undefined on input line 954.


LaTeX Warning: Reference `eq:petz_dpi_recovery' on page 353 undefined on input 
line 956.


LaTeX Warning: Reference `def:quantum_relative_entropy' on page 353 undefined o
n input line 963.


LaTeX Warning: Reference `def:von_neumann_entropy' on page 353 undefined on inp
ut line 963.


LaTeX Warning: Citation `Hayden2004Structure' on page 353 undefined on input li
ne 972.


LaTeX Warning: Reference `thm:mpdo_support_log_kronecker' on page 353 undefined
 on input line 979.


LaTeX Warning: Reference `thm:marginal_support_left_absorption' on page 353 und
efined on input line 979.


LaTeX Warning: Reference `thm:right_marginal_support_left_absorption' on page 3
53 undefined on input line 979.


LaTeX Warning: Reference `lem:trace_lift_left_factor_mul' on page 353 undefined
 on input line 979.


LaTeX Warning: Reference `lem:trace_lift_right_factor_mul' on page 353 undefine
d on input line 979.


LaTeX Warning: Reference `thm:mpdo_support_log_kronecker' on page 353 undefined
 on input line 982.


LaTeX Warning: Reference `def:partial_trace' on page 353 undefined on input lin
e 1003.


LaTeX Warning: Reference `def:partial_trace_left' on page 353 undefined on inpu
t line 1003.


LaTeX Warning: Reference `thm:marginal_support_left_absorption' on page 353 und
efined on input line 1003.


LaTeX Warning: Reference `thm:marginal_support_right_absorption' on page 353 un
defined on input line 1003.


LaTeX Warning: Reference `thm:right_marginal_support_left_absorption' on page 3
53 undefined on input line 1003.


LaTeX Warning: Reference `thm:right_marginal_support_right_absorption' on page 
353 undefined on input line 1003.

[353]

LaTeX Warning: Reference `def:ssa_equality' on page 354 undefined on input line
 1029.


LaTeX Warning: Reference `def:quantum_relative_entropy' on page 354 undefined o
n input line 1029.


LaTeX Warning: Reference `def:traceA_ABC' on page 354 undefined on input line 1
029.


LaTeX Warning: Reference `def:traceC_ABC' on page 354 undefined on input line 1
029.


LaTeX Warning: Reference `def:traceAC_ABC' on page 354 undefined on input line 
1029.


LaTeX Warning: Citation `Hayden2004Structure' on page 354 undefined on input li
ne 1043.


LaTeX Warning: Reference `thm:relative_entropy_product_marginals' on page 354 u
ndefined on input line 1047.


LaTeX Warning: Reference `thm:ssa_equality_product_marginal_dpi' on page 354 un
defined on input line 1089.


LaTeX Warning: Reference `lem:product_marginal_support' on page 354 undefined o
n input line 1089.


LaTeX Warning: Reference `thm:petz_recovery_of_dpi_equality' on page 354 undefi
ned on input line 1089.


LaTeX Warning: Reference `thm:entropy_petz_product_tensor_corollaries' on page 
354 undefined on input line 1089.


LaTeX Warning: Reference `thm:partial_trace_petz_channel_cptp' on page 354 unde
fined on input line 1089.


LaTeX Warning: Reference `thm:partial_trace_petz_channel_supported_agreement' o
n page 354 undefined on input line 1089.


LaTeX Warning: Citation `Hayden2004Structure' on page 354 undefined on input li
ne 1106.


LaTeX Warning: Reference `lem:product_marginal_support' on page 354 undefined o
n input line 1119.


LaTeX Warning: Reference `thm:petz_recovery_of_dpi_equality' on page 354 undefi
ned on input line 1120.

[354]

LaTeX Warning: Reference `def:hjpw_finite_separating_effects' on page 355 undef
ined on input line 1161.


LaTeX Warning: Reference `thm:ssa_equality_product_marginal_petz_recovery' on p
age 355 undefined on input line 1192.


LaTeX Warning: Reference `def:hjpw_finite_separating_effects' on page 355 undef
ined on input line 1192.


LaTeX Warning: Citation `Hayden2004Structure' on page 355 undefined on input li
ne 1228.

[355]

LaTeX Warning: Reference `def:ssa_equality' on page 356 undefined on input line
 1249.


LaTeX Warning: Reference `def:quantum_relative_entropy' on page 356 undefined o
n input line 1249.


LaTeX Warning: Reference `def:traceA_ABC' on page 356 undefined on input line 1
249.


LaTeX Warning: Reference `def:traceC_ABC' on page 356 undefined on input line 1
249.


LaTeX Warning: Reference `def:traceAC_ABC' on page 356 undefined on input line 
1249.


LaTeX Warning: Reference `lem:traceC_maximally_mixed_reference' on page 356 und
efined on input line 1249.


LaTeX Warning: Reference `lem:traceC_maximally_mixed_reference' on page 356 und
efined on input line 1260.


LaTeX Warning: Reference `thm:ssa_equality_product_marginal_dpi' on page 356 un
defined on input line 1265.


LaTeX Warning: Reference `lem:rel_entropy_eval_support' on page 356 undefined o
n input line 1270.


LaTeX Warning: Reference `lem:kron_marginal_support' on page 356 undefined on i
nput line 1270.


LaTeX Warning: Reference `lem:traceC_maximally_mixed_reference' on page 356 und
efined on input line 1270.


LaTeX Warning: Reference `def:ssa_equality' on page 356 undefined on input line
 1293.


LaTeX Warning: Reference `thm:entropy_submatrix_equiv' on page 356 undefined on
 input line 1309.


LaTeX Warning: Reference `def:ssa_equality' on page 356 undefined on input line
 1336.

[356]

LaTeX Warning: Citation `Hayashi2006QuantumInformation' on page 357 undefined o
n input line 1353.


LaTeX Warning: Citation `Hayden2004Structure' on page 357 undefined on input li
ne 1355.


LaTeX Warning: Reference `def:hayashi_markov_decomposition' on page 357 undefin
ed on input line 1364.


LaTeX Warning: Reference `thm:commuting_overlapping_unitary_block_actions' on p
age 357 undefined on input line 1364.


LaTeX Warning: Reference `lem:overlapping_lift_algebra' on page 357 undefined o
n input line 1364.


LaTeX Warning: Citation `Hayden2004Structure' on page 357 undefined on input li
ne 1386.


LaTeX Warning: Citation `Hayden2004Structure' on page 357 undefined on input li
ne 1391.


LaTeX Warning: Reference `def:koashi_imoto_preserving_average' on page 357 unde
fined on input line 1421.


LaTeX Warning: Reference `def:koashi_imoto_preserving_average' on page 357 unde
fined on input line 1440.


LaTeX Warning: Reference `lem:koashi_imoto_preserving_fixes_average' on page 35
7 undefined on input line 1440.


LaTeX Warning: Reference `thm:adjointFixedPointsStarSubalgebra' on page 357 und
efined on input line 1440.


LaTeX Warning: Reference `def:koashi_imoto_preserving_average' on page 357 unde
fined on input line 1442.


LaTeX Warning: Reference `lem:koashi_imoto_preserving_fixes_average' on page 35
7 undefined on input line 1446.


LaTeX Warning: Reference `thm:adjointFixedPointsStarSubalgebra' on page 357 und
efined on input line 1448.

[357]

LaTeX Warning: Reference `def:koashi_imoto_common_invariant_algebra' on page 35
8 undefined on input line 1469.


LaTeX Warning: Reference `thm:starSubalgebra_unitary_block_diagonal_iff' on pag
e 358 undefined on input line 1469.


LaTeX Warning: Reference `def:koashi_imoto_common_invariant_algebra' on page 35
8 undefined on input line 1471.


LaTeX Warning: Reference `thm:starSubalgebra_unitary_block_diagonal_iff' on pag
e 358 undefined on input line 1486.


LaTeX Warning: Reference `thm:starSubalgebra_unitary_block_diagonal_iff' on pag
e 358 undefined on input line 1488.


LaTeX Warning: Reference `def:koashi_imoto_common_invariant_algebra' on page 35
8 undefined on input line 1495.


LaTeX Warning: Reference `def:koashi_imoto_common_invariant_algebra' on page 35
8 undefined on input line 1496.


LaTeX Warning: Reference `def:koashi_imoto_common_invariant_algebra' on page 35
8 undefined on input line 1518.


LaTeX Warning: Reference `def:koashi_imoto_common_invariant_algebra' on page 35
8 undefined on input line 1519.


LaTeX Warning: Reference `thm:koashi_imoto_finite_realization' on page 358 unde
fined on input line 1525.


LaTeX Warning: Reference `thm:koashi_imoto_finite_realization' on page 358 unde
fined on input line 1527.


LaTeX Warning: Reference `def:mean_ergodic_projection' on page 358 undefined on
 input line 1545.


LaTeX Warning: Reference `thm:koashi_imoto_single_witness' on page 358 undefine
d on input line 1545.


LaTeX Warning: Reference `thm:koashi_imoto_single_witness' on page 358 undefine
d on input line 1547.


LaTeX Warning: Reference `def:koashi_imoto_mean_ergodic_projection' on page 358
 undefined on input line 1557.


LaTeX Warning: Reference `thm:mean_ergodic_bounded_orbits' on page 358 undefine
d on input line 1557.


LaTeX Warning: Reference `def:koashi_imoto_mean_ergodic_projection' on page 358
 undefined on input line 1570.


LaTeX Warning: Reference `thm:mean_ergodic_bounded_orbits' on page 358 undefine
d on input line 1570.


LaTeX Warning: Reference `thm:mean_ergodic_bounded_orbits' on page 358 undefine
d on input line 1573.

[358]

LaTeX Warning: Reference `def:koashi_imoto_mean_ergodic_projection' on page 359
 undefined on input line 1584.


LaTeX Warning: Reference `def:koashi_imoto_mean_ergodic_projection' on page 359
 undefined on input line 1592.


LaTeX Warning: Reference `thm:positive_unital_adjoint_mean_ergodic_retraction' 
on page 359 undefined on input line 1592.


LaTeX Warning: Reference `thm:positive_unital_adjoint_mean_ergodic_retraction' 
on page 359 undefined on input line 1593.


LaTeX Warning: Reference `def:koashi_imoto_preserving_average' on page 359 unde
fined on input line 1604.


LaTeX Warning: Reference `thm:koashi_imoto_single_witness' on page 359 undefine
d on input line 1604.


LaTeX Warning: Reference `thm:mean_ergodic_projection_density_block_form' on pa
ge 359 undefined on input line 1604.


LaTeX Warning: Reference `def:koashi_imoto_common_invariant_algebra' on page 35
9 undefined on input line 1606.


LaTeX Warning: Reference `thm:koashi_imoto_single_witness' on page 359 undefine
d on input line 1629.


LaTeX Warning: Reference `thm:mean_ergodic_projection_density_block_form' on pa
ge 359 undefined on input line 1629.


LaTeX Warning: Reference `thm:mean_ergodic_projection_density_block_form' on pa
ge 359 undefined on input line 1631.


LaTeX Warning: Reference `thm:koashi_imoto_single_witness' on page 359 undefine
d on input line 1633.


LaTeX Warning: Reference `thm:koashi_imoto_family_fixed_point_block_form' on pa
ge 359 undefined on input line 1644.


LaTeX Warning: Reference `def:koashi_imoto_common_invariant_algebra' on page 35
9 undefined on input line 1647.


LaTeX Warning: Reference `thm:koashi_imoto_family_fixed_point_block_form' on pa
ge 359 undefined on input line 1649.


LaTeX Warning: Reference `thm:koashi_imoto_family_fixed_point_block_form' on pa
ge 359 undefined on input line 1670.

[359]

LaTeX Warning: Reference `def:koashi_imoto_common_invariant_algebra' on page 36
0 undefined on input line 1690.


LaTeX Warning: Reference `thm:koashi_imoto_normalized_family_block_form' on pag
e 360 undefined on input line 1690.


LaTeX Warning: Reference `thm:koashi_imoto_normalized_family_block_form' on pag
e 360 undefined on input line 1692.


LaTeX Warning: Reference `def:koashi_imoto_common_invariant_algebra' on page 36
0 undefined on input line 1716.


LaTeX Warning: Reference `thm:koashi_imoto_normalized_family_block_form' on pag
e 360 undefined on input line 1716.


LaTeX Warning: Reference `thm:koashi_imoto_joint_support_compression' on page 3
60 undefined on input line 1771.


LaTeX Warning: Reference `thm:koashi_imoto_preserving_block_action' on page 360
 undefined on input line 1771.

[360]

LaTeX Warning: Reference `thm:koashi_imoto_joint_support_compression' on page 3
61 undefined on input line 1801.


LaTeX Warning: Reference `thm:koashi_imoto_preserving_block_action' on page 361
 undefined on input line 1803.


LaTeX Warning: Reference `thm:hjpw_invariant_conditional_family' on page 361 un
defined on input line 1816.


LaTeX Warning: Reference `thm:koashi_imoto_joint_support_block_action' on page 
361 undefined on input line 1816.


LaTeX Warning: Reference `thm:hjpw_invariant_conditional_family' on page 361 un
defined on input line 1851.


LaTeX Warning: Reference `thm:koashi_imoto_joint_support_block_action' on page 
361 undefined on input line 1854.


LaTeX Warning: Reference `thm:hjpw_invariant_conditional_joint_support_blocks' 
on page 361 undefined on input line 1863.


LaTeX Warning: Reference `thm:hjpw_invariant_conditional_joint_support_blocks' 
on page 361 undefined on input line 1867.

[361]

LaTeX Warning: Citation `gap:hjpw04_petz_factorization_maximally_mixed_scope' o
n page 362 undefined on input line 1891.


LaTeX Warning: Reference `thm:hjpw_invariant_conditional_joint_support_blocks' 
on page 362 undefined on input line 1899.


LaTeX Warning: Reference `thm:hjpw_finite_conditional_slice_separation' on page
 362 undefined on input line 1899.


LaTeX Warning: Reference `thm:hjpw_markov_bipartite_joint_support_blocks' on pa
ge 362 undefined on input line 1915.


LaTeX Warning: Citation `Hayden2004Structure' on page 362 undefined on input li
ne 1942.


LaTeX Warning: Reference `thm:hjpw_markov_bipartite_joint_support_blocks' on pa
ge 362 undefined on input line 1948.


LaTeX Warning: Reference `thm:hjpw_markov_bipartite_joint_support_blocks' on pa
ge 362 undefined on input line 1954.

[362]

LaTeX Warning: Reference `thm:hjpw_ambient_markov_bipartite_blocks' on page 363
 undefined on input line 1968.


LaTeX Warning: Reference `thm:hjpw_invariant_conditional_joint_support_blocks' 
on page 363 undefined on input line 1968.


LaTeX Warning: Reference `thm:hjpw_ambient_markov_bipartite_blocks' on page 363
 undefined on input line 1978.


LaTeX Warning: Citation `Hayden2004Structure' on page 363 undefined on input li
ne 2005.


LaTeX Warning: Reference `thm:hjpw_ambient_markov_bipartite_blocks' on page 363
 undefined on input line 2014.


LaTeX Warning: Reference `thm:ssa_equality_product_marginal_petz_recovery' on p
age 363 undefined on input line 2014.


LaTeX Warning: Reference `thm:hjpw_ambient_markov_bipartite_blocks' on page 363
 undefined on input line 2016.


LaTeX Warning: Reference `thm:hjpw_ambient_markov_bipartite_blocks' on page 363
 undefined on input line 2035.


LaTeX Warning: Reference `thm:hjpw_markov_dilation_ambient_blocks' on page 363 
undefined on input line 2035.


LaTeX Warning: Reference `thm:hjpw_ambient_markov_bipartite_blocks' on page 363
 undefined on input line 2038.


LaTeX Warning: Reference `thm:hjpw_markov_dilation_ambient_blocks' on page 363 
undefined on input line 2039.


LaTeX Warning: Citation `Hayden2004Structure' on page 363 undefined on input li
ne 2065.

[363]

LaTeX Warning: Reference `thm:hjpw_ambient_markov_bipartite_blocks' on page 364
 undefined on input line 2072.


LaTeX Warning: Reference `thm:hjpw_markov_dilation_ambient_blocks' on page 364 
undefined on input line 2072.


LaTeX Warning: Reference `eq:entropy_hjpw_ambient_tripartite_blocks' on page 36
4 undefined on input line 2097.


LaTeX Warning: Reference `def:ssa_equality' on page 364 undefined on input line
 2106.


LaTeX Warning: Reference `def:hayashi_markov_decomposition' on page 364 undefin
ed on input line 2106.


LaTeX Warning: Reference `thm:hjpw_markov_tripartite_ambient_blocks' on page 36
4 undefined on input line 2138.


LaTeX Warning: Reference `thm:hjpw_markov_tripartite_ambient_blocks' on page 36
4 undefined on input line 2139.


LaTeX Warning: Reference `def:hayashi_markov_decomposition' on page 364 undefin
ed on input line 2177.

[364]

LaTeX Warning: Reference `def:ssa_equality' on page 365 undefined on input line
 2184.


LaTeX Warning: Reference `def:hayashi_markov_decomposition' on page 365 undefin
ed on input line 2184.


LaTeX Warning: Reference `def:ssa_equality' on page 365 undefined on input line
 2197.


LaTeX Warning: Reference `def:hayashi_markov_decomposition' on page 365 undefin
ed on input line 2197.


LaTeX Warning: Reference `thm:entropy_kronecker' on page 365 undefined on input
 line 2197.


LaTeX Warning: Reference `thm:entropy_smul' on page 365 undefined on input line
 2197.


LaTeX Warning: Reference `thm:entropy_block_diagonal' on page 365 undefined on 
input line 2197.


LaTeX Warning: Reference `thm:entropy_block_diagonal' on page 365 undefined on 
input line 2203.


LaTeX Warning: Reference `thm:entropy_smul' on page 365 undefined on input line
 2204.


LaTeX Warning: Reference `thm:entropy_kronecker' on page 365 undefined on input
 line 2206.


Overfull \hbox (24.00725pt too wide) in paragraph at lines 2195--2208
[][]$\TU/lmr/m/n/10 . The von Neumann entropy of a weighted orthogonal direct s
um is $[][][][] [][] [][][] [] [] [][] [][] [] [][] []

LaTeX Warning: Reference `def:ssa_equality' on page 365 undefined on input line
 2270.


LaTeX Warning: Reference `def:hayashi_markov_decomposition' on page 365 undefin
ed on input line 2270.


LaTeX Warning: Reference `thm:hayashi_ssa_equality_forward' on page 365 undefin
ed on input line 2270.


LaTeX Warning: Reference `thm:hayashi_ssa_equality_reverse' on page 365 undefin
ed on input line 2270.

[365]

LaTeX Warning: Reference `thm:hayashi_ssa_equality_forward' on page 366 undefin
ed on input line 2284.


LaTeX Warning: Reference `thm:hayashi_ssa_equality_reverse' on page 366 undefin
ed on input line 2284.


LaTeX Warning: Reference `thm:hayashi_ssa_equality_forward' on page 366 undefin
ed on input line 2286.


LaTeX Warning: Reference `thm:hayashi_ssa_equality_reverse' on page 366 undefin
ed on input line 2287.

) (./chapter/ch12_entropy_mutual_information.tex

LaTeX Warning: Reference `def:von_neumann_entropy' on page 366 undefined on inp
ut line 6.


LaTeX Warning: Reference `def:mutual_information' on page 366 undefined on inpu
t line 19.


LaTeX Warning: Reference `thm:strong_subadditivity' on page 366 undefined on in
put line 19.


LaTeX Warning: Reference `thm:strong_subadditivity' on page 366 undefined on in
put line 25.


LaTeX Warning: Reference `thm:strong_subadditivity' on page 366 undefined on in
put line 26.


LaTeX Warning: Reference `def:von_neumann_entropy' on page 366 undefined on inp
ut line 45.


LaTeX Warning: Reference `def:von_neumann_entropy' on page 366 undefined on inp
ut line 48.


LaTeX Warning: Reference `def:entropy_von_neumann_entropy' on page 366 undefine
d on input line 54.


LaTeX Warning: Reference `def:traceA_ABC' on page 366 undefined on input line 5
4.


LaTeX Warning: Reference `def:traceC_ABC' on page 366 undefined on input line 5
4.


LaTeX Warning: Reference `def:traceAC_ABC' on page 366 undefined on input line 
54.


LaTeX Warning: Reference `thm:strong_subadditivity' on page 366 undefined on in
put line 64.


LaTeX Warning: Citation `LiebRuskai1973Proof' on page 366 undefined on input li
ne 66.


LaTeX Warning: Reference `def:hayashi_markov_decomposition' on page 366 undefin
ed on input line 73.


LaTeX Warning: Reference `def:hayashi_markov_decomposition' on page 366 undefin
ed on input line 75.


LaTeX Warning: Reference `def:ssa_equality' on page 366 undefined on input line
 83.


LaTeX Warning: Reference `def:entropy_quantum_markov_decomposition' on page 366
 undefined on input line 83.


LaTeX Warning: Reference `thm:hayashi_ssa_equality_characterization' on page 36
6 undefined on input line 83.


LaTeX Warning: Reference `thm:hayashi_ssa_equality_characterization' on page 36
6 undefined on input line 89.


LaTeX Warning: Reference `def:entropy_von_neumann_entropy' on page 366 undefine
d on input line 95.


LaTeX Warning: Reference `def:mutual_information' on page 366 undefined on inpu
t line 98.


LaTeX Warning: Reference `def:entropy_von_neumann_entropy' on page 366 undefine
d on input line 104.


LaTeX Warning: Reference `def:traceA_ABC' on page 366 undefined on input line 1
04.


LaTeX Warning: Reference `def:traceC_ABC' on page 366 undefined on input line 1
04.


LaTeX Warning: Reference `thm:entropy_strong_subadditivity' on page 366 undefin
ed on input line 111.


LaTeX Warning: Reference `thm:trace_traceac_abc' on page 366 undefined on input
 line 113.


LaTeX Warning: Reference `thm:entropy_fin_one_zero' on page 366 undefined on in
put line 114.


LaTeX Warning: Reference `thm:entropy_strong_subadditivity' on page 366 undefin
ed on input line 115.


LaTeX Warning: Reference `thm:trace_traceac_abc' on page 366 undefined on input
 line 115.


LaTeX Warning: Reference `thm:entropy_fin_one_zero' on page 366 undefined on in
put line 115.

[366]
Overfull \hbox (14.84778pt too wide) in paragraph at lines 118--118
[]\TU/lmr/bx/n/14.4 Mutual information: monotonicity and area-law bound 

LaTeX Warning: Reference `thm:strong_subadditivity' on page 367 undefined on in
put line 128.


LaTeX Warning: Reference `def:entropy_von_neumann_entropy' on page 367 undefine
d on input line 135.


LaTeX Warning: Reference `thm:entropy_nonneg' on page 367 undefined on input li
ne 138.


LaTeX Warning: Reference `def:entropy_mutual_information' on page 367 undefined
 on input line 158.


LaTeX Warning: Reference `def:entropy_von_neumann_entropy' on page 367 undefine
d on input line 158.


LaTeX Warning: Reference `def:traceA_ABC' on page 367 undefined on input line 1
58.


LaTeX Warning: Reference `def:traceC_ABC' on page 367 undefined on input line 1
58.


LaTeX Warning: Reference `def:traceAC_ABC' on page 367 undefined on input line 
158.


LaTeX Warning: Reference `thm:entropy_strong_subadditivity' on page 367 undefin
ed on input line 158.


LaTeX Warning: Reference `thm:entropy_strong_subadditivity' on page 367 undefin
ed on input line 173.


LaTeX Warning: Reference `thm:entropy_strong_subadditivity' on page 367 undefin
ed on input line 179.


LaTeX Warning: Reference `def:entropy_mutual_information' on page 367 undefined
 on input line 187.


LaTeX Warning: Reference `thm:entropy_le_log_dim' on page 367 undefined on inpu
t line 187.


LaTeX Warning: Reference `thm:entropy_nonneg_finite_index' on page 367 undefine
d on input line 187.


LaTeX Warning: Reference `thm:entropy_le_log_dim' on page 367 undefined on inpu
t line 195.


LaTeX Warning: Reference `thm:entropy_nonneg_finite_index' on page 367 undefine
d on input line 195.


LaTeX Warning: Reference `thm:entropy_le_log_dim' on page 367 undefined on inpu
t line 198.


LaTeX Warning: Reference `thm:entropy_nonneg_finite_index' on page 367 undefine
d on input line 200.

) (./chapter/ch12_entropy_data_processing.tex

LaTeX Warning: Reference `lem:tensor_map_id_pos' on page 367 undefined on input
 line 15.

[367]

LaTeX Warning: Reference `def:id_tensor_map' on page 368 undefined on input lin
e 43.


LaTeX Warning: Reference `lem:id_tensor_map_pos' on page 368 undefined on input
 line 51.


LaTeX Warning: Reference `thm:mutual_information_data_processing_left' on page 
368 undefined on input line 51.


LaTeX Warning: Reference `thm:mutual_information_data_processing_left' on page 
368 undefined on input line 53.


LaTeX Warning: Reference `def:tensor_map_both' on page 368 undefined on input l
ine 60.


LaTeX Warning: Reference `lem:tensor_map_both_pos' on page 368 undefined on inp
ut line 68.


LaTeX Warning: Reference `thm:mutual_information_data_processing_left' on page 
368 undefined on input line 68.


LaTeX Warning: Reference `thm:mutual_information_data_processing_right' on page
 368 undefined on input line 68.

) (./chapter/ch12_entropy_conditional_continuity.tex

LaTeX Warning: Citation `AlickiFannes2004Continuity' on page 368 undefined on i
nput line 4.


LaTeX Warning: Citation `Winter2016Tight' on page 368 undefined on input line 5
.


LaTeX Warning: Citation `OpenAI2026AreaLaw' on page 368 undefined on input line
 6.


LaTeX Warning: Reference `def:trace_norm' on page 368 undefined on input line 1
5.


LaTeX Warning: Reference `def:trace_distance' on page 368 undefined on input li
ne 25.


LaTeX Warning: Reference `def:von_neumann_entropy' on page 368 undefined on inp
ut line 45.

[368]

LaTeX Warning: Reference `thm:strong_subadditivity' on page 369 undefined on in
put line 64.


LaTeX Warning: Reference `def:von_neumann_entropy' on page 369 undefined on inp
ut line 64.


LaTeX Warning: Citation `ArakiLieb1970Entropy' on page 369 undefined on input l
ine 70.


LaTeX Warning: Reference `thm:strong_subadditivity' on page 369 undefined on in
put line 74.


LaTeX Warning: Reference `def:von_neumann_entropy' on page 369 undefined on inp
ut line 86.


LaTeX Warning: Reference `def:conditional_entropy' on page 369 undefined on inp
ut line 95.


LaTeX Warning: Reference `thm:ssa_unnormalized' on page 369 undefined on input 
line 103.


LaTeX Warning: Reference `thm:entropy_add_le' on page 369 undefined on input li
ne 103.


LaTeX Warning: Reference `def:conditional_entropy' on page 369 undefined on inp
ut line 116.


LaTeX Warning: Reference `thm:ssa_unnormalized' on page 369 undefined on input 
line 121.


LaTeX Warning: Reference `def:conditional_entropy' on page 369 undefined on inp
ut line 130.


LaTeX Warning: Reference `def:trace_distance' on page 369 undefined on input li
ne 130.


LaTeX Warning: Reference `lem:trace_distance_jordan' on page 369 undefined on i
nput line 144.


LaTeX Warning: Reference `lem:conditional_entropy_mixture' on page 369 undefine
d on input line 144.


LaTeX Warning: Reference `lem:conditional_entropy_dimension' on page 369 undefi
ned on input line 144.


LaTeX Warning: Reference `thm:conditional_entropy_continuity' on page 369 undef
ined on input line 161.


LaTeX Warning: Reference `def:mutual_information' on page 369 undefined on inpu
t line 161.


LaTeX Warning: Reference `thm:conditional_entropy_continuity' on page 369 undef
ined on input line 162.

[369]

LaTeX Warning: Reference `thm:conditional_entropy_continuity' on page 370 undef
ined on input line 172.


LaTeX Warning: Reference `lem:trace_distance_jordan' on page 370 undefined on i
nput line 172.

) (./chapter/ch12_entropy_classical_operator_schmidt_and_renyi.tex

LaTeX Warning: Reference `def:finite_joint_distribution_marginals' on page 370 
undefined on input line 31.


LaTeX Warning: Reference `def:finite_classical_mutual_information' on page 370 
undefined on input line 48.


LaTeX Warning: Reference `def:finite_classical_mutual_information' on page 370 
undefined on input line 78.


LaTeX Warning: Reference `lem:probability_entropy_le_log_card_support' on page 
370 undefined on input line 85.


LaTeX Warning: Citation `Riazanov2017PSDRank' on page 370 undefined on input li
ne 86.

[370]
Overfull \hbox (13.46095pt too wide) in paragraph at lines 159--168
[]\TU/lmr/m/n/10 The minimality theorem at the preceding definition proves that
 the range dimension $[] [] [][]$
[371]

LaTeX Warning: Reference `thm:operator_schmidt_coefficient_space' on page 372 u
ndefined on input line 189.


LaTeX Warning: Reference `thm:operator_schmidt_rank_local_isometry' on page 372
 undefined on input line 240.

[372]

LaTeX Warning: Reference `thm:operator_schmidt_rank_marginal_support_compressio
n' on page 373 undefined on input line 293.


LaTeX Warning: Reference `thm:operator_schmidt_rank_marginal_support_compressio
n' on page 373 undefined on input line 295.


LaTeX Warning: Reference `lem:partial_trace_product_isometry' on page 373 undef
ined on input line 309.


LaTeX Warning: Reference `thm:operator_schmidt_rank_marginal_support_compressio
n' on page 373 undefined on input line 309.


LaTeX Warning: Reference `lem:partial_trace_product_isometry' on page 373 undef
ined on input line 311.


LaTeX Warning: Reference `thm:compression_on_support_posDef' on page 373 undefi
ned on input line 315.


LaTeX Warning: Reference `thm:operator_schmidt_coefficient_space' on page 373 u
ndefined on input line 325.


LaTeX Warning: Citation `Choi1975CompletelyPositive' on page 373 undefined on i
nput line 355.


LaTeX Warning: Reference `def:isometric_nonunital_conjugation' on page 373 unde
fined on input line 397.

[373]

LaTeX Warning: Reference `eq:mpdo_support_reconstruction' on page 374 undefined
 on input line 456.


LaTeX Warning: Reference `def:isometric_nonunital_conjugation' on page 374 unde
fined on input line 480.


LaTeX Warning: Reference `thm:cfc_rectangular_isometry_zero' on page 374 undefi
ned on input line 480.


LaTeX Warning: Reference `thm:isometric_embedding_trace' on page 374 undefined 
on input line 480.


LaTeX Warning: Reference `thm:support_compression_reconstruction' on page 374 u
ndefined on input line 480.


LaTeX Warning: Reference `thm:support_compression_reconstruction' on page 374 u
ndefined on input line 481.


LaTeX Warning: Reference `thm:cfc_rectangular_isometry_zero' on page 374 undefi
ned on input line 483.


LaTeX Warning: Reference `eq:mpdo_isometric_trace' on page 374 undefined on inp
ut line 485.

[374]

LaTeX Warning: Citation `Bhatia1997Matrix' on page 375 undefined on input line 
574.


LaTeX Warning: Reference `eq:mpdo_support_log_jensen' on page 375 undefined on 
input line 591.


LaTeX Warning: Citation `MullerLennert2013Renyi' on page 375 undefined on input
 line 610.


LaTeX Warning: Reference `def:sandwiched_renyi_two_trace' on page 375 undefined
 on input line 617.


LaTeX Warning: Reference `def:sandwiched_renyi_two_trace' on page 375 undefined
 on input line 623.


LaTeX Warning: Reference `def:sandwiched_renyi_two_trace' on page 375 undefined
 on input line 633.

[375]

LaTeX Warning: Reference `def:sandwiched_renyi_two_trace' on page 376 undefined
 on input line 653.


LaTeX Warning: Reference `thm:cfc_transpose_hermitian' on page 376 undefined on
 input line 664.


LaTeX Warning: Reference `thm:log_sqrt_possemidef' on page 376 undefined on inp
ut line 664.


LaTeX Warning: Reference `thm:log_rpow_posdef' on page 376 undefined on input l
ine 664.


LaTeX Warning: Reference `thm:support_log_vector_jensen' on page 376 undefined 
on input line 664.


LaTeX Warning: Reference `thm:sandwiched_renyi_two_weighted' on page 376 undefi
ned on input line 664.


LaTeX Warning: Reference `eq:mpdo_column_vec_kronecker' on page 376 undefined o
n input line 690.


LaTeX Warning: Reference `thm:mpdo_support_log_kronecker' on page 376 undefined
 on input line 694.


LaTeX Warning: Reference `thm:log_sqrt_possemidef' on page 376 undefined on inp
ut line 695.


LaTeX Warning: Reference `thm:log_rpow_posdef' on page 376 undefined on input l
ine 695.


LaTeX Warning: Reference `thm:cfc_transpose_hermitian' on page 376 undefined on
 input line 696.


LaTeX Warning: Reference `thm:support_log_vector_jensen' on page 376 undefined 
on input line 702.


LaTeX Warning: Citation `MullerLennert2013Renyi' on page 376 undefined on input
 line 717.


Overfull \hbox (35.96834pt too wide) in paragraph at lines 715--720
[]\TU/lmr/m/n/10 The auxiliary divergence and its vector-state Jensen argument 
are adapted from [[], arXiv:1306.3142v4,

LaTeX Warning: Reference `def:sandwiched_renyi_two_trace' on page 376 undefined
 on input line 726.


LaTeX Warning: Reference `eq:mpdo_reference_support_isometry' on page 376 undef
ined on input line 729.


LaTeX Warning: Reference `def:isometric_nonunital_conjugation' on page 376 unde
fined on input line 738.


LaTeX Warning: Reference `thm:cfc_rectangular_isometry_zero' on page 376 undefi
ned on input line 738.


LaTeX Warning: Reference `thm:isometric_embedding_trace' on page 376 undefined 
on input line 738.


LaTeX Warning: Reference `thm:support_compression_reconstruction' on page 376 u
ndefined on input line 738.


LaTeX Warning: Reference `thm:cfc_rectangular_isometry_zero' on page 376 undefi
ned on input line 740.

[376]

LaTeX Warning: Reference `def:sandwiched_renyi_two_trace' on page 377 undefined
 on input line 749.


LaTeX Warning: Reference `thm:relative_entropy_q2_posdef' on page 377 undefined
 on input line 763.


LaTeX Warning: Reference `eq:mpdo_faithful_relative_q2_hypothesis' on page 377 
undefined on input line 764.


LaTeX Warning: Reference `thm:isometric_embedding_trace' on page 377 undefined 
on input line 768.


LaTeX Warning: Reference `thm:support_compression_reconstruction' on page 377 u
ndefined on input line 768.


LaTeX Warning: Reference `thm:relative_entropy_support_compression' on page 377
 undefined on input line 768.


LaTeX Warning: Reference `thm:sandwiched_renyi_two_support_compression' on page
 377 undefined on input line 768.


LaTeX Warning: Reference `thm:compression_on_support_posDef' on page 377 undefi
ned on input line 771.


LaTeX Warning: Reference `eq:mpdo_isometric_trace' on page 377 undefined on inp
ut line 773.


LaTeX Warning: Reference `eq:mpdo_faithful_relative_q2_hypothesis' on page 377 
undefined on input line 774.


LaTeX Warning: Reference `eq:mpdo_relative_entropy_support_compression' on page
 377 undefined on input line 776.


LaTeX Warning: Reference `eq:mpdo_sandwiched_two_support_compression' on page 3
77 undefined on input line 777.


LaTeX Warning: Reference `def:sandwiched_renyi_two_trace' on page 377 undefined
 on input line 784.


LaTeX Warning: Reference `thm:relative_entropy_q2_posdef' on page 377 undefined
 on input line 794.


LaTeX Warning: Reference `thm:relative_entropy_q2_faithful_reduction' on page 3
77 undefined on input line 794.


LaTeX Warning: Reference `thm:relative_entropy_q2_faithful_reduction' on page 3
77 undefined on input line 795.


LaTeX Warning: Reference `thm:relative_entropy_q2_posdef' on page 377 undefined
 on input line 796.


LaTeX Warning: Reference `thm:supported_marginal_channel' on page 377 undefined
 on input line 808.


LaTeX Warning: Reference `def:rectangular_choi' on page 377 undefined on input 
line 808.


LaTeX Warning: Reference `thm:supported_marginal_channel' on page 377 undefined
 on input line 831.


LaTeX Warning: Reference `thm:full_support_eigenbasis_whitening_choi' on page 3
77 undefined on input line 854.


LaTeX Warning: Reference `thm:rectangular_choi_rank_bound' on page 377 undefine
d on input line 854.


LaTeX Warning: Reference `thm:full_support_eigenbasis_whitening_choi' on page 3
77 undefined on input line 856.

[377]

LaTeX Warning: Citation `Beigi2013Sandwiched' on page 378 undefined on input li
ne 870.


LaTeX Warning: Reference `thm:full_support_eigenbasis_whitening_choi' on page 3
78 undefined on input line 876.


LaTeX Warning: Reference `thm:rectangular_choi_rank_bound' on page 378 undefine
d on input line 876.


LaTeX Warning: Reference `lem:cfc_conj_unitary' on page 378 undefined on input 
line 904.


LaTeX Warning: Reference `thm:multiplicative_functional_calculus_tensor_product
' on page 378 undefined on input line 920.


LaTeX Warning: Reference `def:sandwiched_renyi_two_trace' on page 378 undefined
 on input line 945.


LaTeX Warning: Reference `thm:rpow_conj_unitary' on page 378 undefined on input
 line 956.


LaTeX Warning: Reference `thm:rpow_conj_unitary' on page 378 undefined on input
 line 957.


LaTeX Warning: Reference `def:sandwiched_renyi_two_trace' on page 378 undefined
 on input line 967.

[378]

LaTeX Warning: Reference `def:sandwiched_renyi_two_trace' on page 379 undefined
 on input line 978.


LaTeX Warning: Reference `def:sandwiched_renyi_two_trace' on page 379 undefined
 on input line 988.


LaTeX Warning: Reference `lem:partial_trace_product_isometry' on page 379 undef
ined on input line 1000.


LaTeX Warning: Reference `thm:operator_schmidt_rank_local_isometry' on page 379
 undefined on input line 1000.


LaTeX Warning: Reference `thm:full_support_eigenbasis_whitened_choi_bound' on p
age 379 undefined on input line 1000.


LaTeX Warning: Reference `thm:rpow_kronecker_possemidef' on page 379 undefined 
on input line 1000.


LaTeX Warning: Reference `thm:rpow_neg_quarter_inv_sqrt_sqrt' on page 379 undef
ined on input line 1000.


LaTeX Warning: Reference `thm:sandwiched_renyi_two_unitary_invariance' on page 
379 undefined on input line 1000.


LaTeX Warning: Reference `thm:rpow_kronecker_possemidef' on page 379 undefined 
on input line 1007.


LaTeX Warning: Reference `thm:rpow_neg_quarter_inv_sqrt_sqrt' on page 379 undef
ined on input line 1008.


LaTeX Warning: Reference `thm:full_support_eigenbasis_whitened_choi_bound' on p
age 379 undefined on input line 1010.


LaTeX Warning: Reference `thm:sandwiched_renyi_two_unitary_invariance' on page 
379 undefined on input line 1012.


LaTeX Warning: Reference `def:sandwiched_renyi_two_trace' on page 379 undefined
 on input line 1021.


LaTeX Warning: Reference `thm:sandwiched_renyi_two_osr_faithful' on page 379 un
defined on input line 1034.


LaTeX Warning: Reference `thm:sandwiched_renyi_two_support_compression' on page
 379 undefined on input line 1034.


LaTeX Warning: Reference `thm:product_marginals_kernel' on page 379 undefined o
n input line 1034.


LaTeX Warning: Reference `thm:operator_schmidt_rank_marginal_support_compressio
n' on page 379 undefined on input line 1034.


LaTeX Warning: Reference `thm:faithful_marginals_support_compression' on page 3
79 undefined on input line 1034.


LaTeX Warning: Reference `thm:faithful_marginals_support_compression' on page 3
79 undefined on input line 1037.


LaTeX Warning: Reference `thm:sandwiched_renyi_two_support_compression' on page
 379 undefined on input line 1040.


LaTeX Warning: Reference `thm:operator_schmidt_rank_marginal_support_compressio
n' on page 379 undefined on input line 1042.


LaTeX Warning: Reference `thm:sandwiched_renyi_two_osr_faithful' on page 379 un
defined on input line 1043.


LaTeX Warning: Citation `Beigi2013Sandwiched' on page 379 undefined on input li
ne 1050.


LaTeX Warning: Citation `MullerLennert2013Renyi' on page 379 undefined on input
 line 1051.


LaTeX Warning: Citation `Cirac2016MPDO_arXiv' on page 379 undefined on input li
ne 1058.

[379]

LaTeX Warning: Reference `def:sandwiched_renyi_trace' on page 380 undefined on 
input line 1091.


LaTeX Warning: Reference `def:sandwiched_renyi_trace' on page 380 undefined on 
input line 1100.


LaTeX Warning: Reference `def:sandwiched_renyi_trace' on page 380 undefined on 
input line 1110.


LaTeX Warning: Reference `def:sandwiched_renyi_trace' on page 380 undefined on 
input line 1119.


LaTeX Warning: Reference `eq:sandwiched_renyi_trace' on page 380 undefined on i
nput line 1122.


LaTeX Warning: Reference `def:sandwiched_renyi_trace' on page 380 undefined on 
input line 1129.


LaTeX Warning: Reference `def:sandwiched_renyi_two_trace' on page 380 undefined
 on input line 1129.


LaTeX Warning: Reference `def:sandwiched_renyi_trace' on page 380 undefined on 
input line 1138.


LaTeX Warning: Reference `def:sandwiched_renyi_two_trace' on page 380 undefined
 on input line 1138.


LaTeX Warning: Reference `thm:product_marginals_kernel' on page 380 undefined o
n input line 1160.


LaTeX Warning: Reference `thm:sandwiched_renyi_two_submatrix_equiv' on page 380
 undefined on input line 1160.


LaTeX Warning: Reference `thm:relative_entropy_q2_support' on page 380 undefine
d on input line 1160.


LaTeX Warning: Reference `thm:sandwiched_renyi_two_nonneg' on page 380 undefine
d on input line 1160.


LaTeX Warning: Reference `thm:sandwiched_renyi_two_osr_support' on page 380 und
efined on input line 1160.


LaTeX Warning: Reference `thm:operator_schmidt_rank_pos' on page 380 undefined 
on input line 1160.


LaTeX Warning: Reference `thm:product_marginals_kernel' on page 380 undefined o
n input line 1162.


LaTeX Warning: Reference `lem:relative_entropy_submatrix_equiv' on page 380 und
efined on input line 1164.


LaTeX Warning: Reference `thm:sandwiched_renyi_two_submatrix_equiv' on page 380
 undefined on input line 1165.


LaTeX Warning: Reference `thm:relative_entropy_q2_support' on page 380 undefine
d on input line 1166.


LaTeX Warning: Reference `thm:relative_entropy_product_marginals' on page 380 u
ndefined on input line 1167.


LaTeX Warning: Reference `thm:sandwiched_renyi_two_osr_support' on page 380 und
efined on input line 1179.


LaTeX Warning: Reference `thm:operator_schmidt_rank_pos' on page 380 undefined 
on input line 1181.

) (./chapter/ch12_entropy_finite_product.tex [380]

LaTeX Warning: Reference `def:von_neumann_entropy' on page 381 undefined on inp
ut line 11.


LaTeX Warning: Reference `def:finite_product_regional_entropy' on page 381 unde
fined on input line 26.


LaTeX Warning: Reference `thm:entropy_mul_comm' on page 381 undefined on input 
line 26.


LaTeX Warning: Reference `def:finite_product_regional_entropy' on page 381 unde
fined on input line 41.


LaTeX Warning: Reference `thm:entropy_subadditivity_trivial_B' on page 381 unde
fined on input line 41.


LaTeX Warning: Reference `def:finite_product_regional_entropy' on page 381 unde
fined on input line 56.


LaTeX Warning: Reference `thm:finite_product_ordered_chain' on page 381 undefin
ed on input line 80.


LaTeX Warning: Reference `thm:finite_product_entropy_complement' on page 381 un
defined on input line 80.


LaTeX Warning: Reference `thm:finite_product_entropy_subadditivity' on page 381
 undefined on input line 80.


LaTeX Warning: Citation `OpenAI2026AreaLaw' on page 381 undefined on input line
 93.


LaTeX Warning: Reference `def:finite_product_regional_entropy' on page 381 unde
fined on input line 116.

[381]

LaTeX Warning: Reference `def:finite_product_conditional_information' on page 3
82 undefined on input line 131.


LaTeX Warning: Reference `thm:finite_product_entropy_subadditivity' on page 382
 undefined on input line 131.


LaTeX Warning: Reference `def:finite_product_conditional_information' on page 3
82 undefined on input line 148.


LaTeX Warning: Reference `thm:finite_product_entropy_complement' on page 382 un
defined on input line 148.

) (./chapter/ch12_entropy_conditional_two_families.tex

LaTeX Warning: Reference `def:finite_product_conditional_information' on page 3
82 undefined on input line 10.


LaTeX Warning: Reference `thm:finite_product_entropy_complement' on page 382 un
defined on input line 10.


LaTeX Warning: Reference `thm:finite_product_entropy_subadditivity' on page 382
 undefined on input line 10.


LaTeX Warning: Reference `thm:finite_product_twice_entropy_information' on page
 382 undefined on input line 32.


LaTeX Warning: Reference `thm:finite_product_conditional_difference' on page 38
2 undefined on input line 32.


LaTeX Warning: Reference `thm:finite_product_conditional_chain_duality' on page
 382 undefined on input line 32.


LaTeX Warning: Citation `OpenAI2026PolynomialPEPS' on page 382 undefined on inp
ut line 49.

[382]) (./chapter/ch12_entropy_physical_buffer_overlap.tex

LaTeX Warning: Reference `def:physical_buffer_compression' on page 383 undefine
d on input line 79.


LaTeX Warning: Reference `eq:buffer_partial_swap' on page 383 undefined on inpu
t line 85.


LaTeX Warning: Reference `eq:buffer_compression' on page 383 undefined on input
 line 87.


LaTeX Warning: Reference `def:physical_buffer_compression' on page 383 undefine
d on input line 101.

[383]

LaTeX Warning: Reference `eq:buffer_swap_purity' on page 384 undefined on input
 line 155.


LaTeX Warning: Reference `def:physical_buffer_regrouping' on page 384 undefined
 on input line 197.


LaTeX Warning: Reference `thm:physical_buffer_overlap_transport' on page 384 un
defined on input line 197.


LaTeX Warning: Reference `thm:physical_buffer_product_purity' on page 384 undef
ined on input line 197.


LaTeX Warning: Reference `eq:buffer_overlap_transport' on page 384 undefined on
 input line 219.


LaTeX Warning: Reference `eq:buffer_swap_purity' on page 384 undefined on input
 line 220.


LaTeX Warning: Reference `thm:physical_buffer_contraction' on page 384 undefine
d on input line 232.


LaTeX Warning: Reference `thm:physical_buffer_overlap_transport' on page 384 un
defined on input line 232.


LaTeX Warning: Reference `thm:physical_buffer_product_purity' on page 384 undef
ined on input line 232.


LaTeX Warning: Reference `thm:physical_buffer_regrouped_purity' on page 384 und
efined on input line 232.


LaTeX Warning: Citation `OpenAI2026AreaLaw' on page 384 undefined on input line
 248.

[384]

LaTeX Warning: Reference `eq:buffer_split_distance' on page 385 undefined on in
put line 260.


LaTeX Warning: Reference `eq:buffer_fourth_power' on page 385 undefined on inpu
t line 267.


LaTeX Warning: Reference `eq:buffer_compression' on page 385 undefined on input
 line 274.


LaTeX Warning: Reference `thm:physical_buffer_contraction' on page 385 undefine
d on input line 275.


LaTeX Warning: Reference `eq:buffer_overlap_transport' on page 385 undefined on
 input line 276.


LaTeX Warning: Reference `eq:buffer_swap_purity' on page 385 undefined on input
 line 277.


LaTeX Warning: Reference `eq:buffer_controlled_overlap' on page 385 undefined o
n input line 287.

) (./chapter/ch12_entropy_doubled_system_gap.tex

LaTeX Warning: Citation `OpenAI2026PolynomialPEPS' on page 385 undefined on inp
ut line 13.


LaTeX Warning: Reference `def:doubled_system' on page 385 undefined on input li
ne 35.


LaTeX Warning: Reference `def:doubled_system' on page 385 undefined on input li
ne 47.


LaTeX Warning: Reference `def:doubled_system' on page 385 undefined on input li
ne 63.


LaTeX Warning: Reference `eq:doubled_gap_residual' on page 385 undefined on inp
ut line 64.

[385]

LaTeX Warning: Reference `thm:doubled_vector_properties' on page 386 undefined 
on input line 79.


LaTeX Warning: Reference `eq:doubled_gap_decomposition' on page 386 undefined o
n input line 81.


LaTeX Warning: Reference `eq:doubled_gap_decomposition' on page 386 undefined o
n input line 86.


LaTeX Warning: Reference `eq:doubled_gap_bound' on page 386 undefined on input 
line 87.


LaTeX Warning: Reference `eq:doubled_gap_conjugation' on page 386 undefined on 
input line 103.


LaTeX Warning: Reference `eq:doubled_gap_conjugation' on page 386 undefined on 
input line 113.


LaTeX Warning: Reference `eq:positive_gap_projection' on page 386 undefined on 
input line 150.


LaTeX Warning: Reference `eq:positive_gap_ground_line' on page 386 undefined on
 input line 154.


LaTeX Warning: Reference `def:doubled_system' on page 386 undefined on input li
ne 161.


LaTeX Warning: Reference `def:physical_buffer_compression' on page 386 undefine
d on input line 161.


LaTeX Warning: Reference `def:physical_buffer_compression' on page 386 undefine
d on input line 166.


LaTeX Warning: Reference `thm:physical_buffer_contraction' on page 386 undefine
d on input line 178.


LaTeX Warning: Reference `thm:doubled_vector_properties' on page 386 undefined 
on input line 178.


LaTeX Warning: Reference `thm:doubled_lower_gap' on page 386 undefined on input
 line 178.


LaTeX Warning: Reference `thm:doubled_unitary_transport' on page 386 undefined 
on input line 178.


LaTeX Warning: Reference `thm:physical_buffer_contraction' on page 386 undefine
d on input line 180.


LaTeX Warning: Reference `thm:doubled_vector_properties' on page 386 undefined 
on input line 181.


LaTeX Warning: Reference `thm:doubled_lower_gap' on page 386 undefined on input
 line 183.


LaTeX Warning: Reference `eq:doubled_gap_bound' on page 386 undefined on input 
line 184.


LaTeX Warning: Reference `thm:doubled_unitary_transport' on page 386 undefined 
on input line 185.


LaTeX Warning: Reference `eq:doubled_swap_conclusions' on page 386 undefined on
 input line 186.


LaTeX Warning: Reference `thm:doubled_partial_swap_gap' on page 386 undefined o
n input line 189.


LaTeX Warning: Reference `thm:positive_gap_uniqueness' on page 386 undefined on
 input line 190.

[386]

LaTeX Warning: Reference `eq:doubled_unique_ground_lines' on page 387 undefined
 on input line 197.

) (./fragment/iid_surprisal.tex

LaTeX Warning: Citation `OpenAI2026AreaLaw' on page 387 undefined on input line
 14.


LaTeX Warning: Reference `eq:iid_surprisal_moments' on page 387 undefined on in
put line 45.


Overfull \hbox (9.80414pt too wide) in paragraph at lines 54--61
[] [][][] \TU/lmr/m/n/10 Choose independent samples $[][][] [] [] [][]$ with la
w $[][][][][]$. The sum $[] [] [][] [] [] [][]$

LaTeX Warning: Reference `thm:iid_surprisal_spectral_distribution' on page 387 
undefined on input line 67.


LaTeX Warning: Reference `thm:iid_surprisal_chebyshev' on page 387 undefined on
 input line 67.

[387]

LaTeX Warning: Reference `eq:iid_surprisal_spectral_distribution' on page 388 u
ndefined on input line 85.


LaTeX Warning: Reference `eq:iid_surprisal_chebyshev' on page 388 undefined on 
input line 86.

)) (./chapter/ch12_entropy_corollaries.tex

LaTeX Warning: Reference `ch:entropy' on page 388 undefined on input line 10.


LaTeX Warning: Reference `def:traceA_ABC' on page 388 undefined on input line 2
6.


LaTeX Warning: Reference `def:traceC_ABC' on page 388 undefined on input line 4
8.


LaTeX Warning: Reference `def:traceAC_ABC' on page 388 undefined on input line 
70.


LaTeX Warning: Reference `def:entropy_von_neumann_entropy' on page 388 undefine
d on input line 93.

[388]) (./chapter/ch13_buffered_filters.tex [389]
Chapter 14.

LaTeX Warning: Citation `OpenAI2026AreaLaw' on page 390 undefined on input line
 12.


LaTeX Warning: Citation `OpenAI2026AreaLaw' on page 390 undefined on input line
 15.

) (./chapter/ch13_spectral_filter.tex [390]
Chapter 15.

LaTeX Warning: Citation `OpenAI2026AreaLaw' on page 391 undefined on input line
 14.


LaTeX Warning: Reference `lem:spectral_filter_re_bound' on page 391 undefined o
n input line 47.


LaTeX Warning: Reference `lem:spectral_filter_re_bound' on page 391 undefined o
n input line 61.

[391]

LaTeX Warning: Reference `def:spectral_cutoff' on page 392 undefined on input l
ine 85.


LaTeX Warning: Reference `thm:spectral_filter_profile_cauchy' on page 392 undef
ined on input line 85.


LaTeX Warning: Reference `thm:spectral_filter_profile_cauchy' on page 392 undef
ined on input line 95.


LaTeX Warning: Citation `OpenAI2026AreaLaw' on page 392 undefined on input line
 103.


LaTeX Warning: Reference `def:spectral_cutoff' on page 392 undefined on input l
ine 113.


LaTeX Warning: Reference `def:spectral_kernel' on page 392 undefined on input l
ine 123.


LaTeX Warning: Reference `thm:spectral_cutoff_smooth' on page 392 undefined on 
input line 123.


LaTeX Warning: Reference `thm:spectral_cutoff_smooth' on page 392 undefined on 
input line 136.


LaTeX Warning: Reference `lem:spectral_kernel_moments' on page 392 undefined on
 input line 146.


LaTeX Warning: Reference `lem:spectral_kernel_moments' on page 392 undefined on
 input line 155.


LaTeX Warning: Reference `thm:spectral_cutoff_smooth' on page 392 undefined on 
input line 170.


LaTeX Warning: Reference `lem:spectral_kernel_moments' on page 392 undefined on
 input line 170.


LaTeX Warning: Reference `thm:spectral_kernel_decay' on page 392 undefined on i
nput line 170.


LaTeX Warning: Citation `OpenAI2026AreaLaw' on page 392 undefined on input line
 171.


LaTeX Warning: Reference `thm:spectral_kernel_decay' on page 392 undefined on i
nput line 184.


LaTeX Warning: Reference `def:spectral_kernel' on page 392 undefined on input l
ine 197.

[392]

LaTeX Warning: Reference `def:filter_integral' on page 393 undefined on input l
ine 213.


LaTeX Warning: Reference `thm:quasilocal_filter' on page 393 undefined on input
 line 213.


LaTeX Warning: Reference `thm:spectral_kernel_decay' on page 393 undefined on i
nput line 221.


LaTeX Warning: Reference `def:filter_integral' on page 393 undefined on input l
ine 232.


LaTeX Warning: Reference `thm:quasilocal_filter' on page 393 undefined on input
 line 232.


LaTeX Warning: Reference `thm:quasilocal_filter' on page 393 undefined on input
 line 246.


LaTeX Warning: Reference `thm:filter_integral_multiplier' on page 393 undefined
 on input line 265.


LaTeX Warning: Reference `lem:filter_below_gap' on page 393 undefined on input 
line 284.


LaTeX Warning: Reference `thm:filter_integral_basic' on page 393 undefined on i
nput line 284.


LaTeX Warning: Reference `lem:filter_below_gap' on page 393 undefined on input 
line 291.


LaTeX Warning: Reference `thm:centered_filter' on page 393 undefined on input l
ine 324.


LaTeX Warning: Reference `lem:sqrt_holder' on page 393 undefined on input line 
324.

[393]

LaTeX Warning: Reference `thm:centered_filter' on page 394 undefined on input l
ine 332.


LaTeX Warning: Reference `lem:sqrt_holder' on page 394 undefined on input line 
353.


LaTeX Warning: Reference `lem:sqrt_holder' on page 394 undefined on input line 
372.


LaTeX Warning: Reference `thm:spectral_kernel_decay' on page 394 undefined on i
nput line 389.


LaTeX Warning: Reference `lem:spectral_kernel_tail' on page 394 undefined on in
put line 404.


LaTeX Warning: Reference `def:filter_integral' on page 394 undefined on input l
ine 404.


Overfull \hbox (14.4764pt too wide) in paragraph at lines 402--409
\TU/lmr/m/it/10 There are $[][][] [][] [] []$, depending only on $[][] [][] [][
] [][] []$, such that $[][][][][][] [] [][][][][][][] [] [][][] [][][][] [][][]
[]$

LaTeX Warning: Reference `lem:spectral_kernel_tail' on page 394 undefined on in
put line 413.


LaTeX Warning: Reference `thm:filter_localization' on page 394 undefined on inp
ut line 422.


LaTeX Warning: Reference `thm:positive_replacement' on page 394 undefined on in
put line 422.


LaTeX Warning: Reference `lem:sqrt_holder' on page 394 undefined on input line 
422.


LaTeX Warning: Reference `thm:filter_localization' on page 394 undefined on inp
ut line 426.


LaTeX Warning: Reference `lem:sqrt_holder' on page 394 undefined on input line 
433.

[394]

LaTeX Warning: Reference `lem:pure_trace_distance' on page 395 undefined on inp
ut line 459.

) (./chapter/ch13_marginal_tails.tex [395]
Chapter 16.

LaTeX Warning: Citation `OpenAI2026AreaLaw' on page 396 undefined on input line
 14.

[396]

LaTeX Warning: Reference `lem:strip_quadratic' on page 397 undefined on input l
ine 85.


LaTeX Warning: Reference `lem:strip_quadratic' on page 397 undefined on input l
ine 101.


LaTeX Warning: Reference `lem:modular_conjugation_quadratic' on page 397 undefi
ned on input line 114.


LaTeX Warning: Reference `lem:modular_conjugation_quadratic' on page 397 undefi
ned on input line 129.


LaTeX Warning: Reference `lem:marginal_tilt' on page 397 undefined on input lin
e 140.


LaTeX Warning: Reference `lem:surprisal_halving' on page 397 undefined on input
 line 140.


LaTeX Warning: Reference `lem:marginal_tilt' on page 397 undefined on input lin
e 164.


LaTeX Warning: Reference `lem:surprisal_halving' on page 397 undefined on input
 line 164.

[397]

LaTeX Warning: Reference `thm:marginal_tails' on page 398 undefined on input li
ne 203.


LaTeX Warning: Reference `lem:supported_product_decomposition' on page 398 unde
fined on input line 203.


LaTeX Warning: Reference `thm:marginal_tails' on page 398 undefined on input li
ne 213.


LaTeX Warning: Reference `lem:supported_product_decomposition' on page 398 unde
fined on input line 221.


LaTeX Warning: Reference `thm:marginal_tails' on page 398 undefined on input li
ne 224.


LaTeX Warning: Reference `lem:trace_holder' on page 398 undefined on input line
 265.


LaTeX Warning: Reference `thm:marginal_tails' on page 398 undefined on input li
ne 265.


LaTeX Warning: Reference `thm:marginal_tails' on page 398 undefined on input li
ne 269.


LaTeX Warning: Reference `lem:trace_holder' on page 398 undefined on input line
 275.

[398]

LaTeX Warning: Reference `lem:modular_conjugation_quadratic' on page 399 undefi
ned on input line 305.


LaTeX Warning: Reference `lem:clipped_filter_cost' on page 399 undefined on inp
ut line 305.


LaTeX Warning: Reference `lem:clipped_filter_cost' on page 399 undefined on inp
ut line 319.


LaTeX Warning: Reference `lem:modular_conjugation_quadratic' on page 399 undefi
ned on input line 321.


LaTeX Warning: Reference `lem:supported_product_decomposition' on page 399 unde
fined on input line 333.

) (./chapter/ch13_schur_labels.tex [399]
Chapter 17.

LaTeX Warning: Citation `OpenAI2026AreaLaw' on page 400 undefined on input line
 11.


LaTeX Warning: Reference `def:irrep_labels' on page 400 undefined on input line
 42.


LaTeX Warning: Reference `def:irrep_labels' on page 400 undefined on input line
 68.


LaTeX Warning: Citation `OpenAI2026AreaLaw' on page 400 undefined on input line
 76.


LaTeX Warning: Reference `def:label_projectors' on page 400 undefined on input 
line 87.


LaTeX Warning: Reference `lem:irrep_central_idempotents' on page 400 undefined 
on input line 87.

[400]

LaTeX Warning: Reference `lem:irrep_central_idempotents' on page 401 undefined 
on input line 95.


LaTeX Warning: Citation `OpenAI2026AreaLaw' on page 401 undefined on input line
 107.


LaTeX Warning: Reference `def:label_projectors' on page 401 undefined on input 
line 118.


LaTeX Warning: Citation `OpenAI2026AreaLaw' on page 401 undefined on input line
 140.


LaTeX Warning: Reference `def:copy_permutations' on page 401 undefined on input
 line 152.


LaTeX Warning: Reference `lem:label_projectors' on page 401 undefined on input 
line 152.


LaTeX Warning: Reference `lem:symmetric_central_inverse' on page 401 undefined 
on input line 163.

[401]

LaTeX Warning: Reference `lem:label_projectors' on page 402 undefined on input 
line 206.


LaTeX Warning: Reference `lem:isotypic_dimension' on page 402 undefined on inpu
t line 230.


LaTeX Warning: Reference `lem:orthogonal_resolution' on page 402 undefined on i
nput line 259.


LaTeX Warning: Reference `lem:multiplicity_count' on page 402 undefined on inpu
t line 259.


LaTeX Warning: Reference `lem:multiplicity_count' on page 402 undefined on inpu
t line 279.

))
No file print.bbl.
[402]
(/Users/siruilu/Local/agentFormalization/QICLean/worktrees/area-law-iid-surpris
al/blueprint/print/print.aux)

LaTeX Warning: There were undefined references.


LaTeX Warning: Label(s) may have changed. Rerun to get cross-references right.


Package rerunfilecheck Warning: File `print.out' has changed.
(rerunfilecheck)                Rerun to get outlines right
(rerunfilecheck)                or use package `bookmark'.

 )
(see the transcript file for additional information)
Output written on /Users/siruilu/Local/agentFormalization/QICLean/worktrees/are
a-law-iid-surprisal/blueprint/print/print.pdf (403 pages).
SyncTeX written on /Users/siruilu/Local/agentFormalization/QICLean/worktrees/area-law-iid-surprisal/blueprint/print/print.synctex.gz.
Transcript written on /Users/siruilu/Local/agentFormalization/QICLean/worktrees
/area-law-iid-surprisal/blueprint/print/print.log.
Latexmk: Getting log file '/Users/siruilu/Local/agentFormalization/QICLean/worktrees/area-law-iid-surprisal/blueprint/print/print.log'
Latexmk: Examining '/Users/siruilu/Local/agentFormalization/QICLean/worktrees/area-law-iid-surprisal/blueprint/print/print.fls'
Latexmk: Examining '/Users/siruilu/Local/agentFormalization/QICLean/worktrees/area-law-iid-surprisal/blueprint/print/print.log'
Latexmk: References changed.
Latexmk: Missing input file 'print.toc' message in .log file:
  No file print.toc.
Latexmk: Missing bbl file '/Users/siruilu/Local/agentFormalization/QICLean/worktrees/area-law-iid-surprisal/blueprint/print/print.bbl' in following:
 No file print.bbl.
Latexmk: References changed.
Latexmk: References changed.
Latexmk: Log file says output to '/Users/siruilu/Local/agentFormalization/QICLean/worktrees/area-law-iid-surprisal/blueprint/print/print.pdf'
Latexmk: Using bibtex to make bibliography file(s).
  ===Source file '/Users/siruilu/Local/agentFormalization/QICLean/worktrees/area-law-iid-surprisal/blueprint/print/print.bbl' for 'pdflatex'
Create bibtex /Users/siruilu/Local/agentFormalization/QICLean/worktrees/area-law-iid-surprisal/blueprint/print/print
Latexmk: Found bibliography file(s):
  ./references.bib
Latexmk: applying rule 'bibtex /Users/siruilu/Local/agentFormalization/QICLean/worktrees/area-law-iid-surprisal/blueprint/print/print'...
Rule 'bibtex /Users/siruilu/Local/agentFormalization/QICLean/worktrees/area-law-iid-surprisal/blueprint/print/print':  Reasons for rerun
Category 'other':
  Rerun of 'bibtex /Users/siruilu/Local/agentFormalization/QICLean/worktrees/area-law-iid-surprisal/blueprint/print/print' forced or previously required:
    Reason or flag: 'Initial set up of rule'

------------
Run number 1 of rule 'bibtex /Users/siruilu/Local/agentFormalization/QICLean/worktrees/area-law-iid-surprisal/blueprint/print/print'
------------
Latexmk: Change directory to '/Users/siruilu/Local/agentFormalization/QICLean/worktrees/area-law-iid-surprisal/blueprint/print/'.
To assist finding of files in document directory, I set
  BIBINPUTS='/Users/siruilu/Local/agentFormalization/QICLean/worktrees/area-law-iid-surprisal/blueprint/src:/Users/siruilu/Local/agentFormalization/QICLean/worktrees/area-law-iid-surprisal/blueprint/print:/Users/siruilu/Local/TEX:'
  BSTINPUTS='/Users/siruilu/Local/agentFormalization/QICLean/worktrees/area-law-iid-surprisal/blueprint/src:/Users/siruilu/Local/TEX:'.
------------
Running 'bibtex  "print.aux"'
------------
This is BibTeX, Version 0.99e (TeX Live 2026/Homebrew)
The top-level auxiliary file: print.aux
The style file: alpha.bst
Database file #1: references.bib
Latexmk: Change directory back to '/Users/siruilu/Local/agentFormalization/QICLean/worktrees/area-law-iid-surprisal/blueprint/src'
Latexmk: applying rule 'pdflatex'...
Rule 'pdflatex':  Reasons for rerun
Changed files or newly in use/created:
  /Users/siruilu/Local/agentFormalization/QICLean/worktrees/area-law-iid-surprisal/blueprint/print/print.aux
  /Users/siruilu/Local/agentFormalization/QICLean/worktrees/area-law-iid-surprisal/blueprint/print/print.bbl
  /Users/siruilu/Local/agentFormalization/QICLean/worktrees/area-law-iid-surprisal/blueprint/print/print.out
  /Users/siruilu/Local/agentFormalization/QICLean/worktrees/area-law-iid-surprisal/blueprint/print/print.toc

------------
Run number 2 of rule 'pdflatex'
------------
------------
Running 'xelatex -synctex=1  -recorder -output-directory="/Users/siruilu/Local/agentFormalization/QICLean/worktrees/area-law-iid-surprisal/blueprint/print"  "print.tex"'
------------
This is XeTeX, Version 3.141592653-2.6-0.999998 (TeX Live 2026/Homebrew) (preloaded format=xelatex)
 restricted \write18 enabled.
entering extended mode
(./print.tex
LaTeX2e <2025-11-01>
L3 programming layer <2026-01-19>

(/opt/homebrew/Cellar/texlive/20260301/share/texmf-dist/tex/latex/base/report.c
ls
Document Class: report 2025/01/22 v1.4n Standard LaTeX document class

(/opt/homebrew/Cellar/texlive/20260301/share/texmf-dist/tex/latex/base/size10.c
lo))
(/opt/homebrew/Cellar/texlive/20260301/share/texmf-dist/tex/latex/geometry/geom
etry.sty
(/opt/homebrew/Cellar/texlive/20260301/share/texmf-dist/tex/latex/graphics/keyv
al.sty)
(/opt/homebrew/Cellar/texlive/20260301/share/texmf-dist/tex/generic/iftex/ifvte
x.sty
(/opt/homebrew/Cellar/texlive/20260301/share/texmf-dist/tex/generic/iftex/iftex
.sty)))
(/opt/homebrew/Cellar/texlive/20260301/share/texmf-dist/tex/latex/l3kernel/expl
3.sty
(/opt/homebrew/Cellar/texlive/20260301/share/texmf-dist/tex/latex/l3backend/l3b
ackend-xetex.def))
(/opt/homebrew/Cellar/texlive/20260301/share/texmf-dist/tex/latex/amsfonts/amss
ymb.sty
(/opt/homebrew/Cellar/texlive/20260301/share/texmf-dist/tex/latex/amsfonts/amsf
onts.sty))
(/opt/homebrew/Cellar/texlive/20260301/share/texmf-dist/tex/latex/amscls/amsthm
.sty)
(/opt/homebrew/Cellar/texlive/20260301/share/texmf-dist/tex/latex/mathtools/mat
htools.sty
(/opt/homebrew/Cellar/texlive/20260301/share/texmf-dist/tex/latex/tools/calc.st
y)
(/opt/homebrew/Cellar/texlive/20260301/share/texmf-dist/tex/latex/mathtools/mhs
etup.sty)
(/opt/homebrew/Cellar/texlive/20260301/share/texmf-dist/tex/latex/amsmath/amsma
th.sty
For additional information on amsmath, use the `?' option.

(/opt/homebrew/Cellar/texlive/20260301/share/texmf-dist/tex/latex/amsmath/amste
xt.sty
(/opt/homebrew/Cellar/texlive/20260301/share/texmf-dist/tex/latex/amsmath/amsge
n.sty))
(/opt/homebrew/Cellar/texlive/20260301/share/texmf-dist/tex/latex/amsmath/amsbs
y.sty)
(/opt/homebrew/Cellar/texlive/20260301/share/texmf-dist/tex/latex/amsmath/amsop
n.sty)))
(/opt/homebrew/Cellar/texlive/20260301/share/texmf-dist/tex/latex/pgf/frontendl
ayer/tikz.sty
(/opt/homebrew/Cellar/texlive/20260301/share/texmf-dist/tex/latex/pgf/basiclaye
r/pgf.sty
(/opt/homebrew/Cellar/texlive/20260301/share/texmf-dist/tex/latex/pgf/utilities
/pgfrcs.sty
(/opt/homebrew/Cellar/texlive/20260301/share/texmf-dist/tex/generic/pgf/utiliti
es/pgfutil-common.tex)
(/opt/homebrew/Cellar/texlive/20260301/share/texmf-dist/tex/generic/pgf/utiliti
es/pgfutil-latex.def)
(/opt/homebrew/Cellar/texlive/20260301/share/texmf-dist/tex/generic/pgf/utiliti
es/pgfrcs.code.tex
(/opt/homebrew/Cellar/texlive/20260301/share/texmf-dist/tex/generic/pgf/pgf.rev
ision.tex)))
(/opt/homebrew/Cellar/texlive/20260301/share/texmf-dist/tex/latex/pgf/basiclaye
r/pgfcore.sty
(/opt/homebrew/Cellar/texlive/20260301/share/texmf-dist/tex/latex/graphics/grap
hicx.sty
(/opt/homebrew/Cellar/texlive/20260301/share/texmf-dist/tex/latex/graphics/grap
hics.sty
(/opt/homebrew/Cellar/texlive/20260301/share/texmf-dist/tex/latex/graphics/trig
.sty)
(/opt/homebrew/Cellar/texlive/20260301/share/texmf-dist/tex/latex/graphics-cfg/
graphics.cfg)
(/opt/homebrew/Cellar/texlive/20260301/share/texmf-dist/tex/latex/graphics-def/
xetex.def)))
(/opt/homebrew/Cellar/texlive/20260301/share/texmf-dist/tex/latex/pgf/systemlay
er/pgfsys.sty
(/opt/homebrew/Cellar/texlive/20260301/share/texmf-dist/tex/generic/pgf/systeml
ayer/pgfsys.code.tex
(/opt/homebrew/Cellar/texlive/20260301/share/texmf-dist/tex/generic/pgf/utiliti
es/pgfkeys.code.tex
(/opt/homebrew/Cellar/texlive/20260301/share/texmf-dist/tex/generic/pgf/utiliti
es/pgfkeyslibraryfiltered.code.tex))
(/opt/homebrew/Cellar/texlive/20260301/share/texmf-dist/tex/generic/pgf/systeml
ayer/pgf.cfg)
(/opt/homebrew/Cellar/texlive/20260301/share/texmf-dist/tex/generic/pgf/systeml
ayer/pgfsys-xetex.def
(/opt/homebrew/Cellar/texlive/20260301/share/texmf-dist/tex/generic/pgf/systeml
ayer/pgfsys-dvipdfmx.def
(/opt/homebrew/Cellar/texlive/20260301/share/texmf-dist/tex/generic/pgf/systeml
ayer/pgfsys-common-pdf.def))))
(/opt/homebrew/Cellar/texlive/20260301/share/texmf-dist/tex/generic/pgf/systeml
ayer/pgfsyssoftpath.code.tex)
(/opt/homebrew/Cellar/texlive/20260301/share/texmf-dist/tex/generic/pgf/systeml
ayer/pgfsysprotocol.code.tex))
(/opt/homebrew/Cellar/texlive/20260301/share/texmf-dist/tex/latex/xcolor/xcolor
.sty
(/opt/homebrew/Cellar/texlive/20260301/share/texmf-dist/tex/latex/graphics-cfg/
color.cfg)
(/opt/homebrew/Cellar/texlive/20260301/share/texmf-dist/tex/latex/graphics/math
color.ltx))
(/opt/homebrew/Cellar/texlive/20260301/share/texmf-dist/tex/generic/pgf/basicla
yer/pgfcore.code.tex
(/opt/homebrew/Cellar/texlive/20260301/share/texmf-dist/tex/generic/pgf/math/pg
fmath.code.tex
(/opt/homebrew/Cellar/texlive/20260301/share/texmf-dist/tex/generic/pgf/math/pg
fmathutil.code.tex)
(/opt/homebrew/Cellar/texlive/20260301/share/texmf-dist/tex/generic/pgf/math/pg
fmathparser.code.tex)
(/opt/homebrew/Cellar/texlive/20260301/share/texmf-dist/tex/generic/pgf/math/pg
fmathfunctions.code.tex)
(/opt/homebrew/Cellar/texlive/20260301/share/texmf-dist/tex/generic/pgf/math/pg
fmathfunctions.basic.code.tex)
(/opt/homebrew/Cellar/texlive/20260301/share/texmf-dist/tex/generic/pgf/math/pg
fmathfunctions.trigonometric.code.tex)
(/opt/homebrew/Cellar/texlive/20260301/share/texmf-dist/tex/generic/pgf/math/pg
fmathfunctions.random.code.tex)
(/opt/homebrew/Cellar/texlive/20260301/share/texmf-dist/tex/generic/pgf/math/pg
fmathfunctions.comparison.code.tex)
(/opt/homebrew/Cellar/texlive/20260301/share/texmf-dist/tex/generic/pgf/math/pg
fmathfunctions.base.code.tex)
(/opt/homebrew/Cellar/texlive/20260301/share/texmf-dist/tex/generic/pgf/math/pg
fmathfunctions.round.code.tex)
(/opt/homebrew/Cellar/texlive/20260301/share/texmf-dist/tex/generic/pgf/math/pg
fmathfunctions.misc.code.tex)
(/opt/homebrew/Cellar/texlive/20260301/share/texmf-dist/tex/generic/pgf/math/pg
fmathfunctions.integerarithmetics.code.tex)
(/opt/homebrew/Cellar/texlive/20260301/share/texmf-dist/tex/generic/pgf/math/pg
fmathcalc.code.tex)
(/opt/homebrew/Cellar/texlive/20260301/share/texmf-dist/tex/generic/pgf/math/pg
fmathfloat.code.tex))
(/opt/homebrew/Cellar/texlive/20260301/share/texmf-dist/tex/generic/pgf/math/pg
fint.code.tex)
(/opt/homebrew/Cellar/texlive/20260301/share/texmf-dist/tex/generic/pgf/basicla
yer/pgfcorepoints.code.tex)
(/opt/homebrew/Cellar/texlive/20260301/share/texmf-dist/tex/generic/pgf/basicla
yer/pgfcorepathconstruct.code.tex)
(/opt/homebrew/Cellar/texlive/20260301/share/texmf-dist/tex/generic/pgf/basicla
yer/pgfcorepathusage.code.tex)
(/opt/homebrew/Cellar/texlive/20260301/share/texmf-dist/tex/generic/pgf/basicla
yer/pgfcorescopes.code.tex)
(/opt/homebrew/Cellar/texlive/20260301/share/texmf-dist/tex/generic/pgf/basicla
yer/pgfcoregraphicstate.code.tex)
(/opt/homebrew/Cellar/texlive/20260301/share/texmf-dist/tex/generic/pgf/basicla
yer/pgfcoretransformations.code.tex)
(/opt/homebrew/Cellar/texlive/20260301/share/texmf-dist/tex/generic/pgf/basicla
yer/pgfcorequick.code.tex)
(/opt/homebrew/Cellar/texlive/20260301/share/texmf-dist/tex/generic/pgf/basicla
yer/pgfcoreobjects.code.tex)
(/opt/homebrew/Cellar/texlive/20260301/share/texmf-dist/tex/generic/pgf/basicla
yer/pgfcorepathprocessing.code.tex)
(/opt/homebrew/Cellar/texlive/20260301/share/texmf-dist/tex/generic/pgf/basicla
yer/pgfcorearrows.code.tex)
(/opt/homebrew/Cellar/texlive/20260301/share/texmf-dist/tex/generic/pgf/basicla
yer/pgfcoreshade.code.tex)
(/opt/homebrew/Cellar/texlive/20260301/share/texmf-dist/tex/generic/pgf/basicla
yer/pgfcoreimage.code.tex)
(/opt/homebrew/Cellar/texlive/20260301/share/texmf-dist/tex/generic/pgf/basicla
yer/pgfcoreexternal.code.tex)
(/opt/homebrew/Cellar/texlive/20260301/share/texmf-dist/tex/generic/pgf/basicla
yer/pgfcorelayers.code.tex)
(/opt/homebrew/Cellar/texlive/20260301/share/texmf-dist/tex/generic/pgf/basicla
yer/pgfcoretransparency.code.tex)
(/opt/homebrew/Cellar/texlive/20260301/share/texmf-dist/tex/generic/pgf/basicla
yer/pgfcorepatterns.code.tex)
(/opt/homebrew/Cellar/texlive/20260301/share/texmf-dist/tex/generic/pgf/basicla
yer/pgfcorerdf.code.tex)))
(/opt/homebrew/Cellar/texlive/20260301/share/texmf-dist/tex/generic/pgf/modules
/pgfmoduleshapes.code.tex)
(/opt/homebrew/Cellar/texlive/20260301/share/texmf-dist/tex/generic/pgf/modules
/pgfmoduleplot.code.tex)
(/opt/homebrew/Cellar/texlive/20260301/share/texmf-dist/tex/latex/pgf/compatibi
lity/pgfcomp-version-0-65.sty)
(/opt/homebrew/Cellar/texlive/20260301/share/texmf-dist/tex/latex/pgf/compatibi
lity/pgfcomp-version-1-18.sty))
(/opt/homebrew/Cellar/texlive/20260301/share/texmf-dist/tex/latex/pgf/utilities
/pgffor.sty
(/opt/homebrew/Cellar/texlive/20260301/share/texmf-dist/tex/latex/pgf/utilities
/pgfkeys.sty
(/opt/homebrew/Cellar/texlive/20260301/share/texmf-dist/tex/generic/pgf/utiliti
es/pgfkeys.code.tex))
(/opt/homebrew/Cellar/texlive/20260301/share/texmf-dist/tex/latex/pgf/math/pgfm
ath.sty
(/opt/homebrew/Cellar/texlive/20260301/share/texmf-dist/tex/generic/pgf/math/pg
fmath.code.tex))
(/opt/homebrew/Cellar/texlive/20260301/share/texmf-dist/tex/generic/pgf/utiliti
es/pgffor.code.tex))
(/opt/homebrew/Cellar/texlive/20260301/share/texmf-dist/tex/generic/pgf/fronten
dlayer/tikz/tikz.code.tex
(/opt/homebrew/Cellar/texlive/20260301/share/texmf-dist/tex/generic/pgf/librari
es/pgflibraryplothandlers.code.tex)
(/opt/homebrew/Cellar/texlive/20260301/share/texmf-dist/tex/generic/pgf/modules
/pgfmodulematrix.code.tex)
(/opt/homebrew/Cellar/texlive/20260301/share/texmf-dist/tex/generic/pgf/fronten
dlayer/tikz/libraries/tikzlibrarytopaths.code.tex)))
(/opt/homebrew/Cellar/texlive/20260301/share/texmf-dist/tex/latex/hyperref/hype
rref.sty
(/opt/homebrew/Cellar/texlive/20260301/share/texmf-dist/tex/latex/kvsetkeys/kvs
etkeys.sty)
(/opt/homebrew/Cellar/texlive/20260301/share/texmf-dist/tex/generic/kvdefinekey
s/kvdefinekeys.sty)
(/opt/homebrew/Cellar/texlive/20260301/share/texmf-dist/tex/generic/pdfescape/p
dfescape.sty
(/opt/homebrew/Cellar/texlive/20260301/share/texmf-dist/tex/generic/ltxcmds/ltx
cmds.sty)
(/opt/homebrew/Cellar/texlive/20260301/share/texmf-dist/tex/generic/pdftexcmds/
pdftexcmds.sty
(/opt/homebrew/Cellar/texlive/20260301/share/texmf-dist/tex/generic/infwarerr/i
nfwarerr.sty)))
(/opt/homebrew/Cellar/texlive/20260301/share/texmf-dist/tex/latex/hycolor/hycol
or.sty)
(/opt/homebrew/Cellar/texlive/20260301/share/texmf-dist/tex/latex/hyperref/name
ref.sty
(/opt/homebrew/Cellar/texlive/20260301/share/texmf-dist/tex/latex/refcount/refc
ount.sty)
(/opt/homebrew/Cellar/texlive/20260301/share/texmf-dist/tex/generic/gettitlestr
ing/gettitlestring.sty
(/opt/homebrew/Cellar/texlive/20260301/share/texmf-dist/tex/latex/kvoptions/kvo
ptions.sty)))
(/opt/homebrew/Cellar/texlive/20260301/share/texmf-dist/tex/latex/etoolbox/etoo
lbox.sty)
(/opt/homebrew/Cellar/texlive/20260301/share/texmf-dist/tex/generic/stringenc/s
tringenc.sty)
(/opt/homebrew/Cellar/texlive/20260301/share/texmf-dist/tex/latex/hyperref/pd1e
nc.def)
(/opt/homebrew/Cellar/texlive/20260301/share/texmf-dist/tex/generic/intcalc/int
calc.sty)
(/opt/homebrew/Cellar/texlive/20260301/share/texmf-dist/tex/latex/hyperref/puen
c.def)
(/opt/homebrew/Cellar/texlive/20260301/share/texmf-dist/tex/latex/url/url.sty)
(/opt/homebrew/Cellar/texlive/20260301/share/texmf-dist/tex/generic/bitset/bits
et.sty
(/opt/homebrew/Cellar/texlive/20260301/share/texmf-dist/tex/generic/bigintcalc/
bigintcalc.sty)))
(/opt/homebrew/Cellar/texlive/20260301/share/texmf-dist/tex/latex/hyperref/hxet
ex.def
(/opt/homebrew/Cellar/texlive/20260301/share/texmf-dist/tex/latex/rerunfilechec
k/rerunfilecheck.sty
(/opt/homebrew/Cellar/texlive/20260301/share/texmf-dist/tex/generic/uniquecount
er/uniquecounter.sty)))
(/opt/homebrew/Cellar/texlive/20260301/share/texmf-dist/tex/latex/unicode-math/
unicode-math.sty
(/opt/homebrew/Cellar/texlive/20260301/share/texmf-dist/tex/latex/unicode-math/
unicode-math-xetex.sty
(/opt/homebrew/Cellar/texlive/20260301/share/texmf-dist/tex/latex/l3packages/xp
arse/xparse.sty)
(/opt/homebrew/Cellar/texlive/20260301/share/texmf-dist/tex/latex/l3packages/l3
keys2e/l3keys2e.sty)
(/opt/homebrew/Cellar/texlive/20260301/share/texmf-dist/tex/latex/fontspec/font
spec.sty
(/opt/homebrew/Cellar/texlive/20260301/share/texmf-dist/tex/latex/fontspec/font
spec-xetex.sty
(/opt/homebrew/Cellar/texlive/20260301/share/texmf-dist/tex/latex/base/fontenc.
sty)
(/opt/homebrew/Cellar/texlive/20260301/share/texmf-dist/tex/latex/fontspec/font
spec.cfg)))
(/opt/homebrew/Cellar/texlive/20260301/share/texmf-dist/tex/latex/base/fix-cm.s
ty
(/opt/homebrew/Cellar/texlive/20260301/share/texmf-dist/tex/latex/base/ts1enc.d
ef))
(/opt/homebrew/Cellar/texlive/20260301/share/texmf-dist/tex/latex/unicode-math/
unicode-math-table.tex))) (./macros/common.tex) (./macros/print.tex)
(/Users/siruilu/Local/agentFormalization/QICLean/worktrees/area-law-iid-surpris
al/.deps/tenkz/tex/tenkz/tenkz.sty
(/opt/homebrew/Cellar/texlive/20260301/share/texmf-dist/tex/generic/pgf/fronten
dlayer/tikz/libraries/tikzlibrarycalc.code.tex)
(/opt/homebrew/Cellar/texlive/20260301/share/texmf-dist/tex/generic/pgf/librari
es/pgflibraryarrows.meta.code.tex)
(/opt/homebrew/Cellar/texlive/20260301/share/texmf-dist/tex/generic/pgf/fronten
dlayer/tikz/libraries/tikzlibrarybackgrounds.code.tex)
(/opt/homebrew/Cellar/texlive/20260301/share/texmf-dist/tex/generic/pgf/fronten
dlayer/tikz/libraries/tikzlibrarydecorations.pathreplacing.code.tex
(/opt/homebrew/Cellar/texlive/20260301/share/texmf-dist/tex/generic/pgf/fronten
dlayer/tikz/libraries/tikzlibrarydecorations.code.tex
(/opt/homebrew/Cellar/texlive/20260301/share/texmf-dist/tex/generic/pgf/modules
/pgfmoduledecorations.code.tex))
(/opt/homebrew/Cellar/texlive/20260301/share/texmf-dist/tex/generic/pgf/librari
es/decorations/pgflibrarydecorations.pathreplacing.code.tex))
(/opt/homebrew/Cellar/texlive/20260301/share/texmf-dist/tex/generic/pgf/fronten
dlayer/tikz/libraries/tikzlibrarydecorations.markings.code.tex
(/opt/homebrew/Cellar/texlive/20260301/share/texmf-dist/tex/generic/pgf/librari
es/decorations/pgflibrarydecorations.markings.code.tex))
(/opt/homebrew/Cellar/texlive/20260301/share/texmf-dist/tex/generic/pgf/fronten
dlayer/tikz/libraries/tikzlibraryfit.code.tex)
(/opt/homebrew/Cellar/texlive/20260301/share/texmf-dist/tex/generic/pgf/fronten
dlayer/tikz/libraries/tikzlibraryshapes.geometric.code.tex
(/opt/homebrew/Cellar/texlive/20260301/share/texmf-dist/tex/generic/pgf/librari
es/shapes/pgflibraryshapes.geometric.code.tex))
(/opt/homebrew/Cellar/texlive/20260301/share/texmf-dist/tex/latex/hobby/tikzlib
raryhobby.code.tex
(/opt/homebrew/Cellar/texlive/20260301/share/texmf-dist/tex/latex/hobby/pgflibr
aryhobby.code.tex
(/opt/homebrew/Cellar/texlive/20260301/share/texmf-dist/tex/latex/hobby/hobby.c
ode.tex
(/opt/homebrew/Cellar/texlive/20260301/share/texmf-dist/tex/latex/hobby/pml3arr
ay.sty))))
(/opt/homebrew/Cellar/texlive/20260301/share/texmf-dist/tex/latex/spath3/tikzli
braryspath3.code.tex
(/opt/homebrew/Cellar/texlive/20260301/share/texmf-dist/tex/latex/spath3/spath3
.sty))
(/opt/homebrew/Cellar/texlive/20260301/share/texmf-dist/tex/generic/pgf/fronten
dlayer/tikz/libraries/tikzlibraryintersections.code.tex
(/opt/homebrew/Cellar/texlive/20260301/share/texmf-dist/tex/generic/pgf/librari
es/pgflibraryintersections.code.tex
(/opt/homebrew/Cellar/texlive/20260301/share/texmf-dist/tex/generic/pgf/librari
es/pgflibraryfpu.code.tex)))
(/Users/siruilu/Local/agentFormalization/QICLean/worktrees/area-law-iid-surpris
al/.deps/tenkz/tex/tenkz/tenkz-language.code.tex
(/Users/siruilu/Local/agentFormalization/QICLean/worktrees/area-law-iid-surpris
al/.deps/tenkz/tex/tenkz/tenkz-language-registry.tex))
(/Users/siruilu/Local/agentFormalization/QICLean/worktrees/area-law-iid-surpris
al/.deps/tenkz/tex/tenkz/tenkz-model.code.tex)
(/Users/siruilu/Local/agentFormalization/QICLean/worktrees/area-law-iid-surpris
al/.deps/tenkz/tex/tenkz/tenkz-core.code.tex)
(/Users/siruilu/Local/agentFormalization/QICLean/worktrees/area-law-iid-surpris
al/.deps/tenkz/tex/tenkz/tenkz-metric.code.tex)
(/Users/siruilu/Local/agentFormalization/QICLean/worktrees/area-law-iid-surpris
al/.deps/tenkz/tex/tenkz/tenkz-geometry.code.tex)
(/Users/siruilu/Local/agentFormalization/QICLean/worktrees/area-law-iid-surpris
al/.deps/tenkz/tex/tenkz/tenkz-string.code.tex)
(/Users/siruilu/Local/agentFormalization/QICLean/worktrees/area-law-iid-surpris
al/.deps/tenkz/tex/tenkz/tenkz-tree.code.tex)
(/Users/siruilu/Local/agentFormalization/QICLean/worktrees/area-law-iid-surpris
al/.deps/tenkz/tex/tenkz/tenkz-render.code.tex)
(/Users/siruilu/Local/agentFormalization/QICLean/worktrees/area-law-iid-surpris
al/.deps/tenkz/tex/tenkz/tenkz-kernel.code.tex
(/Users/siruilu/Local/agentFormalization/QICLean/worktrees/area-law-iid-surpris
al/.deps/tenkz/tex/tenkz/tenkz-kernel-language.code.tex)
(/Users/siruilu/Local/agentFormalization/QICLean/worktrees/area-law-iid-surpris
al/.deps/tenkz/tex/tenkz/tenkz-kernel-policy.code.tex)
(/Users/siruilu/Local/agentFormalization/QICLean/worktrees/area-law-iid-surpris
al/.deps/tenkz/tex/tenkz/tenkz-kernel-resolve.code.tex)
(/Users/siruilu/Local/agentFormalization/QICLean/worktrees/area-law-iid-surpris
al/.deps/tenkz/tex/tenkz/tenkz-kernel-ink.code.tex)
(/Users/siruilu/Local/agentFormalization/QICLean/worktrees/area-law-iid-surpris
al/.deps/tenkz/tex/tenkz/tenkz-kernel-annotate.code.tex)
(/Users/siruilu/Local/agentFormalization/QICLean/worktrees/area-law-iid-surpris
al/.deps/tenkz/tex/tenkz/tenkz-kernel-surface.code.tex)))
(./macros/diagrams.tex
(/opt/homebrew/Cellar/texlive/20260301/share/texmf-dist/tex/latex/tikz-cd/tikz-
cd.sty
(/opt/homebrew/Cellar/texlive/20260301/share/texmf-dist/tex/generic/tikz-cd/tik
zlibrarycd.code.tex
(/opt/homebrew/Cellar/texlive/20260301/share/texmf-dist/tex/generic/pgf/fronten
dlayer/tikz/libraries/tikzlibrarymatrix.code.tex)
(/opt/homebrew/Cellar/texlive/20260301/share/texmf-dist/tex/generic/pgf/fronten
dlayer/tikz/libraries/tikzlibraryquotes.code.tex))))
(/Users/siruilu/Local/agentFormalization/QICLean/worktrees/area-law-iid-surpris
al/blueprint/print/print.aux)
*geometry* driver: auto-detecting
*geometry* detected driver: xetex

(/Users/siruilu/Local/agentFormalization/QICLean/worktrees/area-law-iid-surpris
al/blueprint/print/print.out)
(/Users/siruilu/Local/agentFormalization/QICLean/worktrees/area-law-iid-surpris
al/blueprint/print/print.out)
(/opt/homebrew/Cellar/texlive/20260301/share/texmf-dist/tex/latex/amsfonts/umsa
.fd)
(/opt/homebrew/Cellar/texlive/20260301/share/texmf-dist/tex/latex/amsfonts/umsb
.fd) [1]
(/Users/siruilu/Local/agentFormalization/QICLean/worktrees/area-law-iid-surpris
al/blueprint/print/print.toc [1] [2] [3] [4] [5]) (./content.tex
(./chapter/ch01_deconstructing_quantum.tex [6]
Chapter 1.

LaTeX Warning: Citation `Wolf2012Quantum' on page 7 undefined on input line 3.

(./chapter/ch01_states.tex
Overfull \hbox (8.30865pt too wide) in paragraph at lines 7--13
[][]\TU/lmr/bx/n/10 Definition 1.1.1 \TU/lmr/m/n/10 (Schmidt decomposition)\TU/
lmr/bx/n/10 . [][][] [][][] [][] [][][] \TU/lmr/m/n/10 For $[] [] [][] [] [][]$
 with $[] [] [][][][][] [][][]$,

LaTeX Warning: Citation `Wolf2012Quantum' on page 7 undefined on input line 42.


[7]

LaTeX Warning: Citation `Wolf2012Quantum' on page 8 undefined on input line 62.



LaTeX Warning: Citation `Wolf2012Quantum' on page 8 undefined on input line 128
.

[8]

LaTeX Warning: Citation `Wolf2012Quantum' on page 9 undefined on input line 233
.

) (./chapter/ch01_shifted_density_powers.tex [9])
(./chapter/ch01_shifted_density_truncation.tex [10] [11])
(./chapter/ch01_shifted_power_derivative.tex [12])
(./chapter/ch01_positive_maps.tex [13]

LaTeX Warning: Citation `Wolf2012Quantum' on page 14 undefined on input line 14
2.


LaTeX Warning: Citation `gap:wolf_prop16_cp_positivity_commutative_side' on pag
e 14 undefined on input line 147.

[14]

LaTeX Warning: Citation `Cirac2016MPDO_arXiv' on page 15 undefined on input lin
e 261.


Overfull \hbox (0.76086pt too wide) in paragraph at lines 323--327
[][]\TU/lmr/bx/n/10 Definition 1.8.9 \TU/lmr/m/n/10 (State-preparation map)\TU/
lmr/bx/n/10 . [][][] [][][] [][] [][][] \TU/lmr/m/n/10 Let $[]$ be a matrix on 
a finite-dimensional
[15]

LaTeX Warning: Citation `Cirac2016MPDO_arXiv' on page 16 undefined on input lin
e 333.


LaTeX Warning: Citation `gap:wolf_ch01_operator_system_extension_matrix_scope' 
on page 16 undefined on input line 354.


Overfull \hbox (4.87057pt too wide) in paragraph at lines 385--388
[][]\TU/lmr/bx/n/10 Theorem 1.9.3 \TU/lmr/m/n/10 (Trace of the maximally mixed 
matrix)\TU/lmr/bx/n/10 . [][][] [][][] [][] [][][] \TU/lmr/m/it/10 If $[] [] []
$, then $[][][][][][][] []

LaTeX Warning: Citation `Wolf2012Quantum' on page 16 undefined on input line 41
3.

[16]

LaTeX Warning: Citation `Wolf2012Quantum' on page 17 undefined on input line 49
5.


LaTeX Warning: Citation `gap:wolf_prop1_5_one_factor_scope' on page 17 undefine
d on input line 502.

[17]

LaTeX Warning: Citation `Wolf2012Quantum' on page 18 undefined on input line 60
0.

[18]
Overfull \hbox (0.73889pt too wide) in paragraph at lines 762--772
[][]\TU/lmr/bx/n/10 Lemma 1.9.15 \TU/lmr/m/n/10 (Reconstructing a Kraus map fro
m $[][]$)\TU/lmr/bx/n/10 . [][][] [][][] [][] [][][] \TU/lmr/m/it/10 Let $[][]$
 be as in Lemma [][]1.9.12[][]

Overfull \hbox (28.53387pt too wide) in paragraph at lines 774--777
[] [][][] \TU/lmr/m/n/10 Both sides expand, entry by entry, to the same double 
sum $[] [][] [][] [] [][] [][][][][] [][]$.
[19] [20] [21] [22]

LaTeX Warning: Citation `Cirac2016MPDO_arXiv' on page 23 undefined on input lin
e 1127.

[23]

LaTeX Warning: Citation `Cirac2016MPDO_arXiv' on page 24 undefined on input lin
e 1307.

[24]
Overfull \hbox (5.29309pt too wide) in paragraph at lines 1340--1344
[] [][][] \TU/lmr/m/n/10 For every $[][][] [][]$ and $[] [] []$, the zero-exten
ded operator satisfies $[][][][][][] []

LaTeX Warning: Citation `Cirac2016MPDO_arXiv' on page 25 undefined on input lin
e 1420.

[25]

LaTeX Warning: Citation `Cirac2016MPDO_arXiv' on page 26 undefined on input lin
e 1466.


Overfull \hbox (0.58412pt too wide) in paragraph at lines 1512--1516
[] [][][] \TU/lmr/m/n/10 Since $[]$ is Hermitian and $[][] [] []$, the diagonal
 entries of the sum are $[][] [][][] []
) (./chapter/ch01_spectrum_and_wigner.tex

LaTeX Warning: Citation `Wolf2012Quantum' on page 26 undefined on input line 7.


[26] [27] [28]

LaTeX Warning: Citation `Wolf2012Quantum' on page 29 undefined on input line 29
2.

[29] [30] [31]

LaTeX Warning: Citation `Wolf2012Quantum' on page 32 undefined on input line 56
6.

) (./chapter/ch01_cyclic_trace_power.tex) (./chapter/ch01_coherent_frames.tex
[32])) (./chapter/ch02_channels.tex [33]
Chapter 2.

LaTeX Warning: Citation `Wolf2012Quantum' on page 34 undefined on input line 4.


(./chapter/ch02_channels_positive_map_and_channel_foundations.tex [34]

LaTeX Warning: Citation `Wolf2012Quantum' on page 35 undefined on input line 15
1.

[35]) (./chapter/ch02_channels_rectangular_kraus_maps.tex [36]
Overfull \hbox (4.21751pt too wide) in paragraph at lines 88--93
[][]\TU/lmr/bx/n/10 Theorem 2.5.8 \TU/lmr/m/n/10 (Trace preservation from a Kra
us resolution)\TU/lmr/bx/n/10 . [][][] [][][] [][] [][][] []\TU/lmr/m/it/10 Eve
ry trace-preserving

LaTeX Warning: Citation `Wolf2012Quantum' on page 37 undefined on input line 12
1.

[37]
Overfull \hbox (6.7766pt too wide) in paragraph at lines 148--148
[]\TU/lmr/bx/n/14.4 The Choi–Jamiolkowski representation of maps between

LaTeX Warning: Citation `Wolf2012Quantum' on page 38 undefined on input line 17
0.


LaTeX Warning: Citation `Wolf2012Quantum' on page 38 undefined on input line 21
8.


LaTeX Warning: Citation `Wolf2012Quantum' on page 38 undefined on input line 23
9.

[38]

LaTeX Warning: Citation `Wolf2012Quantum' on page 39 undefined on input line 25
6.


LaTeX Warning: Citation `Wolf2012Quantum' on page 39 undefined on input line 27
9.


LaTeX Warning: Citation `Wolf2012Quantum' on page 39 undefined on input line 30
2.


LaTeX Warning: Citation `Wolf2012Quantum' on page 39 undefined on input line 32
3.


LaTeX Warning: Citation `Wolf2012Quantum' on page 39 undefined on input line 34
3.


LaTeX Warning: Citation `Wolf2012Quantum' on page 39 undefined on input line 36
0.


LaTeX Warning: Citation `Wolf2012Quantum' on page 39 undefined on input line 38
2.

[39]

LaTeX Warning: Citation `Wolf2012Quantum' on page 40 undefined on input line 42
7.


Overfull \hbox (19.3712pt too wide) in paragraph at lines 420--428
[][]\TU/lmr/bx/n/10 Theorem 2.7.1 \TU/lmr/m/n/10 (Kraus normalization condition
s)\TU/lmr/bx/n/10 . [][][] [][][] [][][][] [][][] [][][][] [][][] [][] [][][] [
]\TU/lmr/m/it/10 Let $[][][][] [] [][] [][][][][]$

LaTeX Warning: Citation `Wolf2012Quantum' on page 40 undefined on input line 44
7.


LaTeX Warning: Citation `Wolf2012Quantum' on page 40 undefined on input line 46
1.


LaTeX Warning: Citation `Wolf2012Quantum' on page 40 undefined on input line 48
7.


LaTeX Warning: Citation `Wolf2012Quantum' on page 40 undefined on input line 51
9.

[40]) (./chapter/ch02_channels_tensor_maps_and_controlled_trace.tex [41])
(./chapter/ch02_channels_transfer_map_foundations.tex

LaTeX Warning: Citation `Wolf2012Quantum' on page 42 undefined on input line 20
.

[42] [43]) (./chapter/ch02_channels_peripheral_spectrum_and_primitivity.tex

LaTeX Warning: Citation `Wolf2012Quantum' on page 44 undefined on input line 19
.

[44]

LaTeX Warning: Citation `Wolf2012Quantum' on page 45 undefined on input line 63
.


LaTeX Warning: Citation `Wolf2012Quantum' on page 45 undefined on input line 10
6.


LaTeX Warning: Citation `Wolf2012Quantum' on page 45 undefined on input line 17
2.

[45]

LaTeX Warning: Citation `Wolf2012Quantum' on page 46 undefined on input line 19
2.

[46] [47] [48]

LaTeX Warning: Citation `Cirac2016MPDO_arXiv' on page 49 undefined on input lin
e 484.


Overfull \hbox (8.69438pt too wide) in paragraph at lines 488--494
[][]\TU/lmr/bx/n/10 Lemma 2.13.2.1 \TU/lmr/m/n/10 (Peripheral closure via adjoi
nt fixed point)\TU/lmr/bx/n/10 . [][][] [][][] [][] [][][] [][][][]\TU/lmr/m/it
/10 Let $[][][][] [] [][] [][][][][]$

Overfull \hbox (0.28438pt too wide) in paragraph at lines 535--544
[][]\TU/lmr/bx/n/10 Theorem 2.13.2.2 \TU/lmr/m/n/10 (Roots of unity via adjoint
 fixed point)\TU/lmr/bx/n/10 . [][][] [][][] [][] [][][] [][][][][]\TU/lmr/m/it
/10 Let $[][][][] [] [][] [][][][][]$
[49]

LaTeX Warning: Citation `Cirac2016MPDO_arXiv' on page 50 undefined on input lin
e 630.

[50])) (./chapter/ch03_channel_representations.tex [51]
Chapter 3.

LaTeX Warning: Citation `Wolf2012Quantum' on page 52 undefined on input line 8.


(./chapter/ch03_channel_representations_choi_foundations.tex
Overfull \hbox (1.66296pt too wide) in paragraph at lines 16--22
\TU/lmr/m/n/10 When $[] [] []$, this is the \TU/lmr/m/it/10 maximally entangled
 state\TU/lmr/m/n/10 : a rank-one projector with $[][][][] [][][][][] []
[52]

LaTeX Warning: Citation `Wolf2012Quantum' on page 53 undefined on input line 96
.


LaTeX Warning: Citation `Wolf2012Quantum' on page 53 undefined on input line 14
4.

[53]

LaTeX Warning: Citation `Wolf2012Quantum' on page 54 undefined on input line 18
8.

) (./chapter/ch03_channel_representations_rectangular_choi_bounds.tex [54]

LaTeX Warning: Citation `Wolf2012Quantum' on page 55 undefined on input line 31
.


Overfull \hbox (7.94478pt too wide) in paragraph at lines 83--87
[][]\TU/lmr/bx/n/10 Definition 3.2.5 \TU/lmr/m/n/10 (Hilbert–Schmidt contractio
n)\TU/lmr/bx/n/10 . [][][] [][][] [][] [][][] \TU/lmr/m/n/10 A complex-linear m
ap $[] [] [][][][][] []
)
(./chapter/ch03_channel_representations_no_information_without_disturbance.tex

LaTeX Warning: Citation `Wolf2012Quantum' on page 55 undefined on input line 13
.

[55]) (./chapter/ch03_channel_representations_choi_and_kraus.tex

LaTeX Warning: Citation `Wolf2012Quantum' on page 56 undefined on input line 8.


[56]

LaTeX Warning: Citation `Beigi2013Sandwiched' on page 57 undefined on input lin
e 139.

[57]

LaTeX Warning: Citation `Beigi2013Sandwiched' on page 58 undefined on input lin
e 263.

[58]

LaTeX Warning: Citation `Beigi2013Sandwiched' on page 59 undefined on input lin
e 398.


LaTeX Warning: Citation `Wolf2012Quantum' on page 59 undefined on input line 43
6.

[59]

LaTeX Warning: Citation `Wolf2012Quantum' on page 60 undefined on input line 46
4.


LaTeX Warning: Citation `Wolf2012Quantum' on page 60 undefined on input line 48
7.


LaTeX Warning: Citation `Wolf2012Quantum' on page 60 undefined on input line 50
9.


Overfull \hbox (0.37833pt too wide) in paragraph at lines 508--510
\TU/lmr/m/n/10 The next three corollaries support channel decompositions and co
rrespond to [[], Propositions 2.2–
[60] [61]
Overfull \hbox (11.82436pt too wide) in paragraph at lines 778--783
[][]\TU/lmr/bx/n/10 Theorem 3.7.4 \TU/lmr/m/n/10 (Unitality implies Kraus unita
l normalization)\TU/lmr/bx/n/10 . [][][] [][][] [][] [][][] []\TU/lmr/m/it/10 I
f $[][][][] [] [][] [][][][][]$
[62] [63]) (./chapter/ch03_channel_representations_kraus_iterate_choi.tex

LaTeX Warning: Citation `Wolf2012Quantum' on page 64 undefined on input line 32
.

[64]

LaTeX Warning: Citation `Wolf2012Quantum' on page 65 undefined on input line 14
1.

) (./chapter/ch03_channel_representations_ensemble_equivalence.tex

LaTeX Warning: Citation `Wolf2012Quantum' on page 65 undefined on input line 6.


[65] [66]
Overfull \hbox (0.58437pt too wide) in paragraph at lines 128--132
[]\TU/lmr/m/n/10 Conversely, a unitary $[]$ satisfies $[][][] [] []$, so Theore
m [][]3.6.6[][] gives $[][] [][][][] [][][][] [] [][] [][][][] [][][][]$.
) (./chapter/ch03_channel_representations_hermitian_intertwiners.tex [67])
(./chapter/ch03_channel_representations_dilations_and_ordered_cp.tex [68]

LaTeX Warning: Citation `Wolf2012Quantum' on page 69 undefined on input line 22
5.

[69]

LaTeX Warning: Citation `Wolf2012Quantum' on page 70 undefined on input line 26
5.


Overfull \hbox (3.29pt too wide) in paragraph at lines 292--292
[]\TU/lmr/bx/n/14.4 Ordered CP maps, Radon–Nikodym, and open-system

LaTeX Warning: Citation `Wolf2012Quantum' on page 70 undefined on input line 29
6.

[70] [71]

LaTeX Warning: Citation `Wolf2012Quantum' on page 72 undefined on input line 45
1.

[72]

LaTeX Warning: Citation `Wolf2012Quantum' on page 73 undefined on input line 61
8.


LaTeX Warning: Citation `gap:wolf_radon_nikodym_nonempty_family' on page 73 und
efined on input line 619.

[73]
Overfull \hbox (1.84756pt too wide) in paragraph at lines 679--690
[][]\TU/lmr/bx/n/10 Corollary 3.12.15 \TU/lmr/m/n/10 (Square-algebra Radon–Niko
dym theorem)\TU/lmr/bx/n/10 . [][][] [][][] [][] [][][] []\TU/lmr/m/it/10 Let $
[]$ be a nonempty

Overfull \hbox (11.32751pt too wide) in paragraph at lines 795--799
[][]\TU/lmr/bx/n/10 Lemma 3.12.21 \TU/lmr/m/n/10 (First environment embedding i
s an isometry)\TU/lmr/bx/n/10 . [][][] [][][] [][] [][][] []\TU/lmr/m/it/10 The
 first-environment
[74]

LaTeX Warning: Citation `Wolf2012Quantum' on page 75 undefined on input line 85
7.

[75]

LaTeX Warning: Citation `Wolf2012Quantum' on page 76 undefined on input line 99
9.

[76] [77]

LaTeX Warning: Citation `Wolf2012Quantum' on page 78 undefined on input line 12
54.

[78] [79]

LaTeX Warning: Citation `Wolf2012Quantum' on page 80 undefined on input line 14
74.

[80]) (./chapter/ch03_channel_representations_normal_forms_and_determinant.tex

LaTeX Warning: Citation `Wolf2012Quantum' on page 81 undefined on input line 72
.


LaTeX Warning: Citation `Wolf2012Quantum' on page 81 undefined on input line 76
.

[81]

LaTeX Warning: Citation `Wolf2012Quantum' on page 82 undefined on input line 15
5.

[82]

LaTeX Warning: Citation `gap:qiclean_minkowski_canonical_pair_dependency' on pa
ge 83 undefined on input line 252.


LaTeX Warning: Citation `Wolf2012Quantum' on page 83 undefined on input line 27
9.

[83]

LaTeX Warning: Citation `Wolf2012Quantum' on page 84 undefined on input line 30
1.


LaTeX Warning: Citation `Wolf2012Quantum' on page 84 undefined on input line 33
9.


LaTeX Warning: Citation `Wolf2012Quantum' on page 84 undefined on input line 35
9.

[84]

LaTeX Warning: Citation `Wolf2012Quantum' on page 85 undefined on input line 47
7.

[85] [86]

LaTeX Warning: Citation `Wolf2012Quantum' on page 87 undefined on input line 68
9.


LaTeX Warning: Citation `Wolf2012Quantum' on page 87 undefined on input line 72
7.

[87]

LaTeX Warning: Citation `Wolf2012Quantum' on page 88 undefined on input line 76
4.


LaTeX Warning: Citation `Wolf2012Quantum' on page 88 undefined on input line 78
0.


LaTeX Warning: Citation `VerstraeteVerschelde2002QuantumChannels' on page 88 un
defined on input line 890.

[88]

LaTeX Warning: Citation `VerstraeteVerschelde2002QuantumChannels' on page 89 un
defined on input line 916.


LaTeX Warning: Citation `VerstraeteVerschelde2002QuantumChannels' on page 89 un
defined on input line 931.


LaTeX Warning: Citation `VerstraeteVerschelde2002QuantumChannels' on page 89 un
defined on input line 940.


LaTeX Warning: Citation `VerstraeteVerschelde2002QuantumChannels' on page 89 un
defined on input line 948.


LaTeX Warning: Citation `WolfCirac2008Dividing' on page 89 undefined on input l
ine 951.

[89]

LaTeX Warning: Citation `Wolf2012Quantum' on page 90 undefined on input line 10
29.


Overfull \hbox (5.60834pt too wide) in paragraph at lines 1026--1031
\TU/lmr/m/n/10 nates used immediately before [[], Eq. (2.41)]; see also the loc
al source $[][][][][] [] [][][][][][][][][][][][][][][][][] []

LaTeX Warning: Citation `Wolf2012Quantum' on page 90 undefined on input line 10
79.

[90]

LaTeX Warning: Citation `Wolf2012Quantum' on page 91 undefined on input line 11
74.


LaTeX Warning: Citation `Wolf2012Quantum' on page 91 undefined on input line 11
83.


LaTeX Warning: Citation `Wolf2012Quantum' on page 91 undefined on input line 12
39.

[91]

LaTeX Warning: Citation `Wolf2012Quantum' on page 92 undefined on input line 12
89.


LaTeX Warning: Citation `Wolf2012Quantum' on page 92 undefined on input line 13
19.


LaTeX Warning: Citation `Wolf2012Quantum' on page 92 undefined on input line 13
59.

[92]

LaTeX Warning: Citation `Wolf2012Quantum' on page 93 undefined on input line 13
82.


LaTeX Warning: Citation `Wolf2012Quantum' on page 93 undefined on input line 14
24.


Overfull \hbox (15.74634pt too wide) in paragraph at lines 1439--1446
[]\TU/lmr/m/n/10 Thus $[]$ maps the positive-semidefinite cone onto itself. The
 already formalized cone/rank/Wigner

LaTeX Warning: Citation `Wolf2012Quantum' on page 93 undefined on input line 14
70.

[93]

LaTeX Warning: Citation `Wolf2012Quantum' on page 94 undefined on input line 14
92.


LaTeX Warning: Citation `Wolf2012Quantum' on page 94 undefined on input line 15
16.

[94]

LaTeX Warning: Citation `Wolf2012Quantum' on page 95 undefined on input line 16
12.


LaTeX Warning: Citation `Wolf2012Quantum' on page 95 undefined on input line 16
38.


LaTeX Warning: Citation `Wolf2012Quantum' on page 95 undefined on input line 16
74.

[95]) (./chapter/ch03_channel_representations_determinant_choi_bound.tex

LaTeX Warning: Citation `Wolf2012Quantum' on page 96 undefined on input line 41
.


Overfull \hbox (8.04791pt too wide) in paragraph at lines 53--59
\TU/lmr/m/n/10 Substituting $[][][][] [][][]$ for the row pair and $[][][][] []
[][]$ for the column pair in ([][]3.120[][]) gives $[][][][][][][][][]$,

LaTeX Warning: Citation `Wolf2012Quantum' on page 96 undefined on input line 71
.

[96]

LaTeX Warning: Citation `Wolf2012Quantum' on page 97 undefined on input line 12
6.

) (./chapter/ch03_channel_representations_self_dual.tex

LaTeX Warning: Citation `Wolf2012Quantum' on page 97 undefined on input line 6.



LaTeX Warning: Citation `Wolf2012Quantum' on page 97 undefined on input line 10
.


LaTeX Warning: Citation `Wolf2012Quantum' on page 97 undefined on input line 25
.


LaTeX Warning: Citation `Wolf2012Quantum' on page 97 undefined on input line 39
.

[97]
Overfull \hbox (8.98033pt too wide) in paragraph at lines 60--66
[][]\TU/lmr/bx/n/10 Theorem 3.19.4 \TU/lmr/m/n/10 (Transfer matrix of a Kraus r
epresentation)\TU/lmr/bx/n/10 . [][][] [][][] [][] [][][] []\TU/lmr/m/it/10 If 
$[][][][] [] [][] [][][][][]$,

LaTeX Warning: Citation `Wolf2012Quantum' on page 98 undefined on input line 14
2.

[98]

LaTeX Warning: Citation `Wolf2012Quantum' on page 99 undefined on input line 17
6.

[99]

LaTeX Warning: Citation `Wolf2012Quantum' on page 100 undefined on input line 3
47.

[100]) (./chapter/ch03_channel_representations_transfer_matrix_identities.tex)
(./chapter/ch03_channel_representations_sic_povms.tex [101]

LaTeX Warning: Citation `Wolf2012Quantum' on page 102 undefined on input line 3
1.

[102]

LaTeX Warning: Citation `Wolf2012Quantum' on page 103 undefined on input line 1
91.


LaTeX Warning: Citation `gap:wolf_sic_povm_linear_independence' on page 103 und
efined on input line 193.

[103] [104])) (./chapter/ch04_positive_not_cp.tex [105]
Chapter 4.

LaTeX Warning: Citation `Wolf2012Quantum' on page 106 undefined on input line 3
.

(./chapter/ch04_positive_not_cp_trace_normalization_and_lorentz_cone.tex

LaTeX Warning: Citation `Wolf2012Quantum' on page 106 undefined on input line 1
5.

[106]

LaTeX Warning: Citation `Wolf2012Quantum' on page 107 undefined on input line 7
0.

) (./chapter/ch04_positive_not_cp_two_positive_schmidt_and_choi.tex

Package hyperref Warning: Token not allowed in a PDF string (Unicode):
(hyperref)                removing `math shift' on input line 1.


Package hyperref Warning: Token not allowed in a PDF string (Unicode):
(hyperref)                removing `math shift' on input line 1.


LaTeX Warning: Citation `Wolf2012Quantum' on page 107 undefined on input line 4
.

[107] [108]

LaTeX Warning: Citation `Fan1949Theorem' on page 109 undefined on input line 22
7.


LaTeX Warning: Citation `Bhatia1997Matrix' on page 109 undefined on input line 
228.


LaTeX Warning: Citation `Wolf2012Quantum' on page 109 undefined on input line 2
31.


LaTeX Warning: Citation `Wolf2012Quantum' on page 109 undefined on input line 2
60.

[109]

LaTeX Warning: Citation `Wolf2012Quantum' on page 110 undefined on input line 3
29.


LaTeX Warning: Citation `Wolf2012Quantum' on page 110 undefined on input line 3
71.

[110]

LaTeX Warning: Citation `Wolf2012Quantum' on page 111 undefined on input line 4
19.


LaTeX Warning: Citation `Wolf2012Quantum' on page 111 undefined on input line 4
64.


LaTeX Warning: Citation `Wolf2012Quantum' on page 111 undefined on input line 4
67.


LaTeX Warning: Citation `Wolf2012Quantum' on page 111 undefined on input line 4
99.


LaTeX Warning: Citation `gap:wolf_prop3_1_exact_schmidt_rank_scope' on page 111
 undefined on input line 526.

[111] [112]

LaTeX Warning: Citation `Wolf2012Quantum' on page 113 undefined on input line 6
93.


LaTeX Warning: Citation `Wolf2012Quantum' on page 113 undefined on input line 7
39.


Overfull \hbox (1.33026pt too wide) in paragraph at lines 743--748
[] [][][] \TU/lmr/m/n/10 The forward direction is Theorem [][]4.2.3.8[][]. The 
reverse direction is Theorem [][]4.2.3.9[][].
[113]) (./chapter/ch04_positive_not_cp_npositivity_infimum.tex

LaTeX Warning: Citation `Wolf2012Quantum' on page 114 undefined on input line 3
.

[114]

LaTeX Warning: Citation `Wolf2012Quantum' on page 115 undefined on input line 6
2.


LaTeX Warning: Citation `Wolf2012Quantum' on page 115 undefined on input line 6
8.


LaTeX Warning: Citation `Wolf2012Quantum' on page 115 undefined on input line 1
02.

[115]

LaTeX Warning: Citation `Wolf2012Quantum' on page 116 undefined on input line 1
77.

) (./chapter/ch04_positive_not_cp_positivity_reduction_and_breuer_hall.tex
[116]

LaTeX Warning: Citation `Wolf2012Quantum' on page 117 undefined on input line 1
17.


LaTeX Warning: Citation `Wolf2012Quantum' on page 117 undefined on input line 1
22.

[117]

LaTeX Warning: Citation `Wolf2012Quantum' on page 118 undefined on input line 2
39.

[118]

LaTeX Warning: Citation `Wolf2012Quantum' on page 119 undefined on input line 2
86.


LaTeX Warning: Citation `Wolf2012Quantum' on page 119 undefined on input line 3
16.

[119]

LaTeX Warning: Citation `Wolf2012Quantum' on page 120 undefined on input line 4
03.


LaTeX Warning: Citation `Wolf2012Quantum' on page 120 undefined on input line 4
33.

[120]

LaTeX Warning: Citation `Wolf2012Quantum' on page 121 undefined on input line 4
84.

[121]

LaTeX Warning: Citation `Wolf2012Quantum' on page 122 undefined on input line 6
34.


LaTeX Warning: Citation `Wolf2012Quantum' on page 122 undefined on input line 6
62.

[122]
Overfull \hbox (7.63916pt too wide) in paragraph at lines 751--758
[] [][][] []\TU/lmr/m/n/10 A positive semidefinite matrix is a sum of rank-one 
operators $[][][][][][]$. By Lemma [][]4.7.2[][]
[123]) (./chapter/ch04_positive_not_cp_choi_and_decomposable_maps.tex

LaTeX Warning: Citation `TanahashiTomiyama1988Indecomposable' on page 124 undef
ined on input line 14.


LaTeX Warning: Citation `Yamagami1993Cyclic' on page 124 undefined on input lin
e 17.

[124]

LaTeX Warning: Citation `Nowosad1968Isoperimetric' on page 125 undefined on inp
ut line 157.


LaTeX Warning: Citation `Yamagami1993Cyclic' on page 125 undefined on input lin
e 159.

[125] [126]

LaTeX Warning: Citation `Yamagami1993Cyclic' on page 127 undefined on input lin
e 270.


LaTeX Warning: Citation `gap:yamagami_lemma6_endpoint' on page 127 undefined on
 input line 276.


LaTeX Warning: Citation `Yamagami1993Cyclic' on page 127 undefined on input lin
e 368.

[127]

LaTeX Warning: Citation `Yamagami1993Cyclic' on page 128 undefined on input lin
e 400.


Overfull \hbox (5.33284pt too wide) in paragraph at lines 402--411
[]\TU/lmr/m/n/10 The comparison cannot in general be made strict. For $[][][] [
][] [][] [] [][][] [][] [][]$ and $[] [] [][][] [][] [][] [][] [][]$,

LaTeX Warning: Citation `gap:yamagami_simultaneous_singularity_boundary' on pag
e 128 undefined on input line 494.

[128]

LaTeX Warning: Citation `Yamagami1993Cyclic' on page 129 undefined on input lin
e 569.

[129] [130] [131]

LaTeX Warning: Citation `Ha1998AtomicPositiveMaps' on page 132 undefined on inp
ut line 959.

[132]

LaTeX Warning: Citation `gap:ha98_choi_type_witness_scope' on page 133 undefine
d on input line 1024.


LaTeX Warning: Citation `Ha1998AtomicPositiveMaps' on page 133 undefined on inp
ut line 1035.

[133]

LaTeX Warning: Citation `EomKye2000Duality' on page 134 undefined on input line
 1132.

[134] [135]

LaTeX Warning: Citation `LewensteinKrausCiracHorodecki2000' on page 136 undefin
ed on input line 1403.

[136]

LaTeX Warning: Citation `Wolf2012Quantum' on page 137 undefined on input line 1
571.

[137] [138]

LaTeX Warning: Citation `Wolf2012Quantum' on page 139 undefined on input line 1
721.

) (./chapter/ch04_positive_not_cp_ppt_and_separable_states.tex

LaTeX Warning: Citation `Wolf2012Quantum' on page 139 undefined on input line 6
.


LaTeX Warning: Citation `Wolf2012Quantum' on page 139 undefined on input line 1
0.

[139] [140]

LaTeX Warning: Citation `Wolf2012Quantum' on page 141 undefined on input line 1
73.


Overfull \hbox (3.90086pt too wide) in paragraph at lines 211--219
\TU/lmr/m/n/10 A bipartite state is separable when it is a convex combination o
f pure product states $[][] [][] [][][][][][][][] []
[141]) (./chapter/ch04_positive_not_cp_schmidt_number_and_entanglement.tex
[142]

LaTeX Warning: Citation `Wolf2012Quantum' on page 143 undefined on input line 1
3.

[143]

LaTeX Warning: Citation `Wolf2012Quantum' on page 144 undefined on input line 1
21.

[144]

LaTeX Warning: Citation `Wolf2012Quantum' on page 145 undefined on input line 2
25.


LaTeX Warning: Citation `gap:wolf_prop3_1_exact_schmidt_rank_scope' on page 145
 undefined on input line 229.


LaTeX Warning: Citation `Wolf2012Quantum' on page 145 undefined on input line 2
58.


LaTeX Warning: Citation `Wolf2012Quantum' on page 145 undefined on input line 2
89.

) (./chapter/ch04_positive_not_cp_kramers_degeneracy.tex

LaTeX Warning: Citation `Wolf2012Quantum' on page 145 undefined on input line 8
.


LaTeX Warning: Citation `Wolf2012Quantum' on page 145 undefined on input line 3
0.

[145]

LaTeX Warning: Citation `Wolf2012Quantum' on page 146 undefined on input line 9
4.

[146])) (./chapter/ch04_positive_not_cp_supporting_results.tex [147]

LaTeX Warning: Citation `Wolf2012Quantum' on page 148 undefined on input line 8
0.


Overfull \hbox (3.34654pt too wide) in paragraph at lines 185--189
[][]\TU/lmr/bx/n/10 Lemma 4.17.2 \TU/lmr/m/n/10 (Rank factorization through a c
oordinate space)\TU/lmr/bx/n/10 . [][][] [][][] [][] [][][] \TU/lmr/m/it/10 If 
$[] [] [][][][][][][][]$
[148]
Overfull \hbox (7.86009pt too wide) in paragraph at lines 264--269
[] [][][] \TU/lmr/m/n/10 The eigenvectors form an orthonormal basis, so with $[
] [] [][][]$ one has $[][] [][][][][][][][][] []
[149]
Overfull \hbox (7.40033pt too wide) in paragraph at lines 331--340
\TU/lmr/m/n/10 Choi criterion, the rectangular compression criterion, and the r
ank-$[]$ projection criterion. Through-
[150] [151] [152]
Overfull \hbox (0.84254pt too wide) in paragraph at lines 680--684
[][]\TU/lmr/bx/n/10 Lemma 4.19.16 \TU/lmr/m/n/10 (Rank-$[]$ Hermitian projectio
n factorization)\TU/lmr/bx/n/10 . [][][] [][][] [][] [][][] \TU/lmr/m/it/10 Let
 $[] [] [][][][][][][][]$

Package hyperref Warning: Token not allowed in a PDF string (Unicode):
(hyperref)                removing `math shift' on input line 703.


Package hyperref Warning: Token not allowed in a PDF string (Unicode):
(hyperref)                removing `math shift' on input line 703.

[153]
Overfull \hbox (9.13817pt too wide) in paragraph at lines 796--796
[]\TU/lmr/bx/n/14.4 Schmidt-number geometry and entanglement witnesses 
[154]

LaTeX Warning: Citation `Wolf2012Quantum' on page 155 undefined on input line 9
11.


LaTeX Warning: Citation `Wolf2012Quantum' on page 155 undefined on input line 9
66.

[155]) (./chapter/ch04_convex_structure.tex [156]
Chapter 5.

LaTeX Warning: Citation `Wolf2012Quantum' on page 157 undefined on input line 4
.


LaTeX Warning: Citation `Wolf2012Quantum' on page 157 undefined on input line 1
4.


LaTeX Warning: Citation `Wolf2012Quantum' on page 157 undefined on input line 4
6.

[157]

LaTeX Warning: Citation `Wolf2012Quantum' on page 158 undefined on input line 1
48.


LaTeX Warning: Citation `gap:wolf_slater_attainment_conditions' on page 158 und
efined on input line 150.


LaTeX Warning: Citation `Wolf2012Quantum' on page 158 undefined on input line 2
48.

[158]

LaTeX Warning: Citation `Wolf2012Quantum' on page 159 undefined on input line 2
99.


Overfull \hbox (0.17003pt too wide) in paragraph at lines 312--325
[] [][][] []\TU/lmr/m/n/10 The equality constraints and equality of the objecti
ves give $[][][][][] [] [][] [][][][][][][][] []
) (./chapter/ch05_schwarz.tex [159]
Chapter 6.

LaTeX Warning: Citation `Wolf2012Quantum' on page 160 undefined on input line 4
.

(./chapter/ch05_schwarz_ft_core.tex [160]

LaTeX Warning: Citation `Wolf2012Quantum' on page 161 undefined on input line 7
5.


LaTeX Warning: Citation `Wolf2012Quantum' on page 161 undefined on input line 1
50.

[161]) (./chapter/ch05_schwarz_retractions_and_peripheral_equality.tex [162]

LaTeX Warning: Citation `Wolf2012Quantum' on page 163 undefined on input line 2
6.


LaTeX Warning: Citation `Wolf2012Quantum' on page 163 undefined on input line 9
6.


LaTeX Warning: Citation `Wolf2012Quantum' on page 163 undefined on input line 1
03.

[163]) (./chapter/ch05_schwarz_douglas.tex [164])
(./chapter/ch05_schwarz_schur_complement.tex)
(./chapter/ch05_schwarz_abstract_domains_and_order.tex

LaTeX Warning: Citation `Wolf2012Quantum' on page 165 undefined on input line 1
6.

[165]

LaTeX Warning: Citation `Wolf2012Quantum' on page 166 undefined on input line 3
5.


LaTeX Warning: Citation `Wolf2012Quantum' on page 166 undefined on input line 5
9.

[166]

LaTeX Warning: Citation `Wolf2012Quantum' on page 167 undefined on input line 2
30.


LaTeX Warning: Citation `Wolf2012Quantum' on page 167 undefined on input line 2
56.

[167]

LaTeX Warning: Citation `Wolf2012Quantum' on page 168 undefined on input line 2
85.


LaTeX Warning: Citation `Wolf2012Quantum' on page 168 undefined on input line 3
12.


LaTeX Warning: Citation `Wolf2012Quantum' on page 168 undefined on input line 3
41.


LaTeX Warning: Citation `Wolf2012Quantum' on page 168 undefined on input line 3
69.

[168]

LaTeX Warning: Citation `gap:wolf_ch5_unitary_comparison_missing_order' on page
 169 undefined on input line 412.


LaTeX Warning: Citation `Wolf2012Quantum' on page 169 undefined on input line 4
30.

[169]

LaTeX Warning: Citation `Wolf2012Quantum' on page 170 undefined on input line 4
97.


Overfull \hbox (19.4729pt too wide) in paragraph at lines 495--501
\TU/lmr/m/it/10 This is the pseudoinverse-free form of [[], Eq. (5.4)]: the usu
al statement $[][][][][][] [][][][][][][][][][][][][] []

Overfull \hbox (2.29807pt too wide) in paragraph at lines 506--517
\TU/lmr/m/n/10 Evaluating the PSD quadratic form on the vector $[][][] [][][]$ 
and using the side condition $[][][][][][][] []
[170]

LaTeX Warning: Citation `Wolf2012Quantum' on page 171 undefined on input line 6
32.


Overfull \hbox (7.76178pt too wide) in paragraph at lines 644--649
[][]\TU/lmr/bx/n/10 Definition 6.9.2.7 \TU/lmr/m/n/10 (Per-$[]$ Schwarz hypothe
sis)\TU/lmr/bx/n/10 . [][][] [][][] [][] [][][] []\TU/lmr/m/n/10 A complex-line
ar map $[] [] [][][][][] []

Overfull \hbox (2.08957pt too wide) in paragraph at lines 693--701
[][]\TU/lmr/bx/n/10 Theorem 6.9.2.10 \TU/lmr/m/n/10 (Equality in the operator S
chwarz inequality)\TU/lmr/bx/n/10 . [][][] [][][] [][] [][][] [][]\TU/lmr/m/it/
10 Let $[] [] [][][][][] []
[171])) (./chapter/ch05_schwarz_supporting_results.tex
Overfull \hbox (3.5749pt too wide) in paragraph at lines 49--53
[][]\TU/lmr/bx/n/10 Theorem 6.11.3 \TU/lmr/m/n/10 (Nondegeneracy of the trace p
airing)\TU/lmr/bx/n/10 . [][][] [][][] [][] [][][] \TU/lmr/m/it/10 For $[] [] [
][][][][]$, $[][][][][] []
[172] [173]
Overfull \hbox (4.08379pt too wide) in paragraph at lines 287--287
[]\TU/lmr/bx/n/14.4 Faithful weighted traces and peripheral Schwarz equal-
[174]) (./chapter/ch06_operator_convexity.tex [175]
Chapter 7.

LaTeX Warning: Citation `Bhatia1997Matrix' on page 176 undefined on input line 
6.


LaTeX Warning: Citation `Wolf2012Quantum' on page 176 undefined on input line 6
.


LaTeX Warning: Citation `HansenPedersen1982Jensen' on page 176 undefined on inp
ut line 7.


LaTeX Warning: Citation `Lieb1973Convex' on page 176 undefined on input line 8.


(./chapter/ch06_operator_convexity_schwarz_and_jensen.tex

LaTeX Warning: Citation `Wolf2012Quantum' on page 176 undefined on input line 2
7.


LaTeX Warning: Citation `Wolf2012Quantum' on page 176 undefined on input line 4
7.

[176]

LaTeX Warning: Citation `Wolf2012Quantum' on page 177 undefined on input line 6
1.


LaTeX Warning: Citation `Wolf2012Quantum' on page 177 undefined on input line 7
7.


LaTeX Warning: Citation `Wolf2012Quantum' on page 177 undefined on input line 1
04.

[177]

LaTeX Warning: Citation `Bhatia1997Matrix' on page 178 undefined on input line 
189.


LaTeX Warning: Citation `Bhatia1997Matrix' on page 178 undefined on input line 
240.

[178]

LaTeX Warning: Citation `carlen2010' on page 179 undefined on input line 286.


LaTeX Warning: Citation `Bhatia1997Matrix' on page 179 undefined on input line 
305.

[179] [180]

LaTeX Warning: Citation `Wolf2012Quantum' on page 181 undefined on input line 5
26.


LaTeX Warning: Citation `Wolf2012Quantum' on page 181 undefined on input line 5
61.

[181]

LaTeX Warning: Citation `Wolf2012Quantum' on page 182 undefined on input line 5
99.


LaTeX Warning: Citation `gap:wolf_ch5_operator_jensen_lieb' on page 182 undefin
ed on input line 603.


LaTeX Warning: Citation `gap:wolf_ch5_operator_convexity_scope' on page 182 und
efined on input line 638.


LaTeX Warning: Citation `gap:wolf_ch5_operator_jensen_lieb' on page 182 undefin
ed on input line 639.

[182]

LaTeX Warning: Citation `gap:wolf_ch5_unitary_comparison_missing_order' on page
 183 undefined on input line 659.

) (./chapter/ch06_operator_convexity_lieb_and_resolvent.tex [183] [184]

LaTeX Warning: Citation `Lieb1973Convex' on page 185 undefined on input line 23
5.


LaTeX Warning: Citation `Ando1979Concavity' on page 185 undefined on input line
 235.


LaTeX Warning: Citation `Wolf2012Quantum' on page 185 undefined on input line 2
37.


LaTeX Warning: Citation `Wolf2012Quantum' on page 185 undefined on input line 2
76.


Overfull \hbox (2.84213pt too wide) in paragraph at lines 266--281
\TU/lmr/m/it/10 matrix $[]$, and positive-\TU/lmr/m/n/10 semidefinite \TU/lmr/m
/it/10 matrices $[][][] [][][] [][][] [][]$, the map $[][][] [][] [] [] [][][][
][][][][][][]$
[185] [186]) (./chapter/ch06_operator_convexity_matrix_means.tex

LaTeX Warning: Citation `OpenAI2026AreaLaw' on page 187 undefined on input line
 4.


LaTeX Warning: Citation `KuboAndo1980Means' on page 187 undefined on input line
 6.


Overfull \hbox (5.76697pt too wide) in paragraph at lines 37--40
[]\TU/lmr/m/it/10 for $[] [] [] [] []$ the mean is monotone in each argument, a
nd for every vector $[]$, $[][][] [][][][][][][][] []
[187] [188]
Overfull \hbox (13.00826pt too wide) in paragraph at lines 197--206
[] [][][] []\TU/lmr/m/n/10 By the chain rule, $[][][][][][] [] [][][][][][][][]
[][][][][][][][]$ with $[] [] [][][][][]$,
[189]
Overfull \hbox (11.05424pt too wide) in paragraph at lines 279--281
\TU/lmr/m/n/10 For $[] [] [] [] [][][]$ let $[][][][][] [] [][][][][][] [][][][
][][]$ with $[][][][][] [] [][]$, and $[][][][][] [] [][][][][][][][][][][][][]
[] []
[190])) (./chapter/ch07_qpf.tex [191]
Chapter 8.

LaTeX Warning: Citation `Wolf2012Quantum' on page 192 undefined on input line 1
2.


LaTeX Warning: Citation `Evans1978Spectral' on page 192 undefined on input line
 13.

(./chapter/ch07_qpf_cesaro_fixed_points.tex

LaTeX Warning: Citation `Wolf2012Quantum' on page 192 undefined on input line 4
2.


Overfull \hbox (29.7827pt too wide) in paragraph at lines 45--49
[] [][][] \TU/lmr/m/n/10 Pigeonhole principle on the integer lattice of side $[
][]$: the $[][] [] []$ points $[][][][][][][] [] [] [][][][][][]$
[192]

LaTeX Warning: Citation `Wolf2012Quantum' on page 193 undefined on input line 8
0.


LaTeX Warning: Citation `Wolf2012Quantum' on page 193 undefined on input line 8
1.


LaTeX Warning: Citation `Wolf2012Quantum' on page 193 undefined on input line 1
89.

[193]

LaTeX Warning: Citation `Wolf2012Quantum' on page 194 undefined on input line 2
06.


LaTeX Warning: Citation `Wolf2012Quantum' on page 194 undefined on input line 2
40.


LaTeX Warning: Citation `Wolf2012Quantum' on page 194 undefined on input line 2
81.

[194]

LaTeX Warning: Citation `Wolf2012Quantum' on page 195 undefined on input line 3
46.


LaTeX Warning: Citation `Wolf2012Quantum' on page 195 undefined on input line 3
51.


LaTeX Warning: Citation `Wolf2012Quantum' on page 195 undefined on input line 4
00.

[195]

LaTeX Warning: Citation `Wolf2012Quantum' on page 196 undefined on input line 4
38.


LaTeX Warning: Citation `Wolf2012Quantum' on page 196 undefined on input line 5
15.

) (./chapter/ch07_qpf_weighted_cesaro.tex [196]

LaTeX Warning: Citation `Wolf2012Quantum' on page 197 undefined on input line 6
4.

[197]

LaTeX Warning: Citation `Wolf2012Quantum' on page 198 undefined on input line 1
16.

)

LaTeX Warning: Citation `Wolf2012Quantum' on page 198 undefined on input line 3
4.

[198] [199] [200]

LaTeX Warning: Citation `Wolf2012Quantum' on page 201 undefined on input line 3
57.

[201]

LaTeX Warning: Citation `Wolf2012Quantum' on page 202 undefined on input line 4
88.


LaTeX Warning: Citation `Wolf2012Quantum' on page 202 undefined on input line 5
04.

[202]

LaTeX Warning: Citation `Wolf2012Quantum' on page 203 undefined on input line 6
54.


LaTeX Warning: Citation `Wolf2012Quantum' on page 203 undefined on input line 6
68.


LaTeX Warning: Citation `Wolf2012Quantum' on page 203 undefined on input line 6
84.


LaTeX Warning: Citation `Evans1978Spectral' on page 203 undefined on input line
 685.


LaTeX Warning: Citation `Wolf2012Quantum' on page 203 undefined on input line 6
86.


LaTeX Warning: Citation `Cirac2016MPDO_arXiv' on page 203 undefined on input li
ne 687.

[203]

LaTeX Warning: Citation `Wolf2012Quantum' on page 204 undefined on input line 7
03.


LaTeX Warning: Citation `Wolf2012Quantum' on page 204 undefined on input line 7
51.


LaTeX Warning: Citation `Wolf2012Quantum' on page 204 undefined on input line 7
94.

[204]

LaTeX Warning: Citation `Wolf2012Quantum' on page 205 undefined on input line 8
80.

[205]

LaTeX Warning: Citation `Wolf2012Quantum' on page 206 undefined on input line 9
26.

[206]

LaTeX Warning: Citation `Wolf2012Quantum' on page 207 undefined on input line 1
024.


LaTeX Warning: Citation `Wolf2012Quantum' on page 207 undefined on input line 1
042.


Overfull \hbox (2.23955pt too wide) in paragraph at lines 1037--1043
[][]\TU/lmr/bx/n/10 Theorem 8.9.8 \TU/lmr/m/n/10 (Eigenvalue $[]$ for positive 
trace-preserving maps)\TU/lmr/bx/n/10 . [][][] [][][] [][] [][][] [][]\TU/lmr/m
/it/10 Let $[] [] [][][][][] []

LaTeX Warning: Citation `Wolf2012Quantum' on page 207 undefined on input line 1
085.

[207]

LaTeX Warning: Citation `Wolf2012Quantum' on page 208 undefined on input line 1
143.


LaTeX Warning: Citation `Wolf2012Quantum' on page 208 undefined on input line 1
183.


Overfull \hbox (5.01353pt too wide) in paragraph at lines 1228--1243
[][]\TU/lmr/bx/n/10 Theorem 8.12.1 \TU/lmr/m/n/10 (Positive fixed-point decompo
sition)\TU/lmr/bx/n/10 . [][][] [][][] [][] [][] [][][] [][] [][] [][][] [][] [
][][] [][]\TU/lmr/m/it/10 Let $[] [] [] [][][][][] []
[208] (./chapter/ch07_qpf_irreducibility_and_ergodicity.tex

LaTeX Warning: Citation `Wolf2012Quantum' on page 209 undefined on input line 1
9.


LaTeX Warning: Citation `Wolf2012Quantum' on page 209 undefined on input line 4
5.

[209]

LaTeX Warning: Citation `Wolf2012Quantum' on page 210 undefined on input line 8
9.


LaTeX Warning: Citation `Wolf2012Quantum' on page 210 undefined on input line 1
25.


LaTeX Warning: Citation `Wolf2012Quantum' on page 210 undefined on input line 1
53.

[210]

LaTeX Warning: Citation `Wolf2012Quantum' on page 211 undefined on input line 2
54.

[211]

LaTeX Warning: Citation `Wolf2012Quantum' on page 212 undefined on input line 2
89.


LaTeX Warning: Citation `Wolf2012Quantum' on page 212 undefined on input line 3
41.

)) (./chapter/ch07_qpf_supporting_results.tex
Overfull \hbox (1.41978pt too wide) in paragraph at lines 6--6
[]\TU/lmr/bx/n/14.4 Density matrices, Brouwer’s theorem, and Cesàro lim-
[212] [213] [214] [215]

LaTeX Warning: Citation `Wolf2012Quantum' on page 216 undefined on input line 3
68.


LaTeX Warning: Citation `Wolf2012Quantum' on page 216 undefined on input line 3
69.


LaTeX Warning: Citation `Wolf2012Quantum' on page 216 undefined on input line 4
24.

) (./chapter/ch08_spectral.tex [216]
Chapter 9.

LaTeX Warning: Citation `Wolf2012Quantum' on page 217 undefined on input line 1
1.

(./chapter/ch08_spectral_ft_peripheral_cyclic.tex

LaTeX Warning: Citation `Wolf2012Quantum' on page 217 undefined on input line 4
.

[217] [218]) (./chapter/ch08_spectral_supporting_results.tex [219] [220]
[221] [222])) (./chapter/ch09_channel_asymptotics.tex [223]
Chapter 10.
(./chapter/ch09_channel_asymptotics_jordan_block_power.tex

LaTeX Warning: Citation `Wolf2012Quantum' on page 224 undefined on input line 1
2.


LaTeX Warning: Citation `Wolf2012Quantum' on page 224 undefined on input line 5
0.

[224]) (./chapter/ch09_channel_asymptotics_upper_triangular_power.tex

LaTeX Warning: Citation `Wolf2012Quantum' on page 225 undefined on input line 1
11.

[225] [226] [227]) (./chapter/ch09_channel_asymptotics_detailed_balance.tex

LaTeX Warning: Citation `Wolf2012Quantum' on page 228 undefined on input line 8
.


LaTeX Warning: Citation `Wolf2012Quantum' on page 228 undefined on input line 3
1.


LaTeX Warning: Citation `Wolf2012Quantum' on page 228 undefined on input line 5
3.

[228]

LaTeX Warning: Citation `Wolf2012Quantum' on page 229 undefined on input line 7
3.


LaTeX Warning: Citation `Wolf2012Quantum' on page 229 undefined on input line 1
11.

) (./chapter/ch09_channel_asymptotics_mean_ergodic.tex [229]

LaTeX Warning: Citation `Wolf2012Quantum' on page 230 undefined on input line 9
1.


LaTeX Warning: Citation `Wolf2012Quantum' on page 230 undefined on input line 1
23.


LaTeX Warning: Citation `Wolf2012Quantum' on page 230 undefined on input line 1
45.

[230]

LaTeX Warning: Citation `Wolf2012Quantum' on page 231 undefined on input line 1
88.


LaTeX Warning: Citation `Wolf2012Quantum' on page 231 undefined on input line 2
27.


LaTeX Warning: Citation `Wolf2012Quantum' on page 231 undefined on input line 2
48.

[231]) (./chapter/ch09_channel_asymptotics_fixed_point_algebras.tex

LaTeX Warning: Citation `Wolf2012Quantum' on page 232 undefined on input line 5
4.


LaTeX Warning: Citation `Wolf2012Quantum' on page 232 undefined on input line 5
7.


LaTeX Warning: Citation `Wolf2012Quantum' on page 232 undefined on input line 6
2.

[232]

LaTeX Warning: Citation `Wolf2012Quantum' on page 233 undefined on input line 1
89.

) (./chapter/ch09_channel_asymptotics_fixed_points_and_wedderburn_i.tex

LaTeX Warning: Citation `Wolf2012Quantum' on page 233 undefined on input line 3
.


LaTeX Warning: Citation `Wolf2012Quantum' on page 233 undefined on input line 5
.


LaTeX Warning: Citation `Wolf2012Quantum' on page 233 undefined on input line 6
.

[233] [234]

LaTeX Warning: Citation `Wolf2012Quantum' on page 235 undefined on input line 1
89.


LaTeX Warning: Citation `Wolf2012Quantum' on page 235 undefined on input line 2
68.

[235] [236]

LaTeX Warning: Citation `Wolf2012Quantum' on page 237 undefined on input line 4
24.


LaTeX Warning: Citation `Wolf2012Quantum' on page 237 undefined on input line 4
46.

[237]

LaTeX Warning: Citation `Wolf2012Quantum' on page 238 undefined on input line 4
94.

[238] [239] [240] [241]
Overfull \hbox (11.51134pt too wide) in paragraph at lines 982--989
[] [][][] []\TU/lmr/m/n/10 Each pair $[] [] [][]$, $[][] [] [][]$ is of differe
nt type, hence orthogonal by Lemma [][]10.5.22[][].
) (./chapter/ch09_channel_asymptotics_wedderburn_ii.tex [242]
Overfull \hbox (8.43947pt too wide) in paragraph at lines 35--39
[]\TU/lmr/m/n/10 Finally, let $[] [] [][]$ and $[][] [] [][]$ be irreducible un
der $[]$, with $[][] [] [][]$. By Lemma [][]10.5.24[][],

LaTeX Warning: Citation `Wolf2012Quantum' on page 243 undefined on input line 4
5.


LaTeX Warning: Citation `Wolf2012Quantum' on page 243 undefined on input line 6
2.

[243]

LaTeX Warning: Citation `Wolf2012Quantum' on page 244 undefined on input line 1
05.


LaTeX Warning: Citation `Wolf2012Quantum' on page 244 undefined on input line 1
20.

[244]
Overfull \hbox (27.08902pt too wide) in paragraph at lines 176--184
[][]\TU/lmr/bx/n/10 Lemma 10.6.5 \TU/lmr/m/n/10 (Unitary change of basis to blo
ck-diagonal form)\TU/lmr/bx/n/10 . [][][] [][][] [][] [][][] \TU/lmr/m/it/10 Le
t $[][][][][]$

LaTeX Warning: Citation `Wolf2012Quantum' on page 245 undefined on input line 2
34.

[245]

LaTeX Warning: Citation `Beigi2012Classification' on page 246 undefined on inpu
t line 304.


LaTeX Warning: Citation `Wolf2012Quantum' on page 246 undefined on input line 3
29.


LaTeX Warning: Citation `Wolf2012Quantum' on page 246 undefined on input line 3
30.

[246]

LaTeX Warning: Citation `Wolf2012Quantum' on page 247 undefined on input line 3
56.


LaTeX Warning: Citation `Wolf2012Quantum' on page 247 undefined on input line 3
57.


LaTeX Warning: Citation `Wolf2012Quantum' on page 247 undefined on input line 4
37.

[247]

LaTeX Warning: Citation `Wolf2012Quantum' on page 248 undefined on input line 5
45.


LaTeX Warning: Citation `Wolf2012Quantum' on page 248 undefined on input line 5
46.


LaTeX Warning: Citation `Wolf2012Quantum' on page 248 undefined on input line 5
47.

[248]

LaTeX Warning: Citation `Cirac2016MPDO_arXiv' on page 249 undefined on input li
ne 632.

[249] [250]

LaTeX Warning: Citation `SchumacherWerner2004' on page 251 undefined on input l
ine 884.


LaTeX Warning: Citation `GrossNesmeVogtsWerner2012' on page 251 undefined on in
put line 888.

[251])
(./chapter/ch09_channel_asymptotics_corner_and_overlap_decompositions.tex
[252]

LaTeX Warning: Citation `Beigi2012Classification' on page 253 undefined on inpu
t line 98.

[253]

LaTeX Warning: Citation `Beigi2012Classification' on page 254 undefined on inpu
t line 175.

[254]

LaTeX Warning: Citation `Beigi2012Classification' on page 255 undefined on inpu
t line 214.


LaTeX Warning: Citation `Beigi2012Classification' on page 255 undefined on inpu
t line 262.

) (./chapter/ch09_channel_asymptotics_direct_sum_schwarz_maps.tex [255]
[256]

LaTeX Warning: Citation `Cirac2016MPDO_arXiv' on page 257 undefined on input li
ne 197.


LaTeX Warning: Citation `WolfPerezGarcia2010Inverse' on page 257 undefined on i
nput line 198.


Overfull \hbox (3.03027pt too wide) in paragraph at lines 188--201
[] [][][] \TU/lmr/m/n/10 Complete positivity and trace preservation make both t
race adjoints unital Schwarz
[257]

LaTeX Warning: Citation `Cirac2016MPDO_arXiv' on page 258 undefined on input li
ne 308.

[258]

LaTeX Warning: Citation `Cirac2016MPDO_arXiv' on page 259 undefined on input li
ne 382.

[259]

LaTeX Warning: Citation `Wolf2012Quantum' on page 260 undefined on input line 4
97.


LaTeX Warning: Citation `Wolf2012Quantum' on page 260 undefined on input line 5
48.

[260]

LaTeX Warning: Citation `Cirac2016MPDO_arXiv' on page 261 undefined on input li
ne 594.


Package hyperref Warning: Token not allowed in a PDF string (Unicode):
(hyperref)                removing `math shift' on input line 616.


Package hyperref Warning: Token not allowed in a PDF string (Unicode):
(hyperref)                removing `math shift' on input line 616.


LaTeX Warning: Citation `SchumacherWerner2004' on page 261 undefined on input l
ine 621.


LaTeX Warning: Citation `GrossNesmeVogtsWerner2012' on page 261 undefined on in
put line 626.


LaTeX Warning: Citation `gap:sw04_csform_matrix_scope' on page 261 undefined on
 input line 631.

[261])
(./chapter/ch09_channel_asymptotics_direct_sum_corners_and_maximal_support.tex

LaTeX Warning: Citation `Wolf2012Quantum' on page 262 undefined on input line 6
.


LaTeX Warning: Citation `Wolf2012Quantum' on page 262 undefined on input line 7
.

[262]

LaTeX Warning: Citation `Wolf2012Quantum' on page 263 undefined on input line 4
3.


LaTeX Warning: Citation `Wolf2012Quantum' on page 263 undefined on input line 1
13.

[263]
Overfull \hbox (1.70528pt too wide) in paragraph at lines 194--196
[]\TU/lmr/m/n/10 Closure under multiplication transports back through the corre
spondence. A corner-supported

LaTeX Warning: Citation `Wolf2012Quantum' on page 264 undefined on input line 2
18.

[264]

LaTeX Warning: Citation `Wolf2012Quantum' on page 265 undefined on input line 3
28.

[265]

LaTeX Warning: Citation `Wolf2012Quantum' on page 266 undefined on input line 3
72.


LaTeX Warning: Citation `Wolf2012Quantum' on page 266 undefined on input line 4
44.

[266]

LaTeX Warning: Citation `Wolf2012Quantum' on page 267 undefined on input line 4
74.


LaTeX Warning: Citation `Wolf2012Quantum' on page 267 undefined on input line 5
30.

[267]

LaTeX Warning: Citation `Wolf2012Quantum' on page 268 undefined on input line 5
87.

) (./chapter/ch09_channel_asymptotics_fixed_point_structure_and_cycles.tex

LaTeX Warning: Citation `Wolf2012Quantum' on page 268 undefined on input line 7
3.

[268]

LaTeX Warning: Citation `Wolf2012Quantum' on page 269 undefined on input line 1
17.


LaTeX Warning: Citation `Wolf2012Quantum' on page 269 undefined on input line 1
74.

[269]

LaTeX Warning: Citation `Wolf2012Quantum' on page 270 undefined on input line 2
74.

[270]

LaTeX Warning: Citation `Wolf2012Quantum' on page 271 undefined on input line 3
27.


LaTeX Warning: Citation `Wolf2012Quantum' on page 271 undefined on input line 3
31.


Overfull \hbox (31.08292pt too wide) in paragraph at lines 346--352
[] [][][] []\TU/lmr/m/n/10 In the spectral decomposition $[] [] [] [][][][][][]
$, the support projection is $[] [][][][][][][]$.
[271]

LaTeX Warning: Citation `Wolf2012Quantum' on page 272 undefined on input line 4
83.


Overfull \hbox (137.52632pt too wide) in paragraph at lines 485--490
[]\TU/lmr/m/n/10 The declarations \TU/lmtt/m/n/10 Kraus.maximalSupport_of_maxim
alRank \TU/lmr/m/n/10 and \TU/lmtt/m/n/10 Kraus.exists_weightedCorner_sqrt_eq_o
f_maximalRank

LaTeX Warning: Citation `Wolf2012Quantum' on page 272 undefined on input line 4
94.


Overfull \hbox (15.73227pt too wide) in paragraph at lines 501--505
[][]\TU/lmr/bx/n/10 Definition 10.12.1 \TU/lmr/m/n/10 (Exact Kraus word spans)\
TU/lmr/bx/n/10 . [][][] [][][] [][] [][][] \TU/lmr/m/n/10 For a finite Kraus fa
mily $[][][] [] [] [][] []
[272]

LaTeX Warning: Citation `Wolf2012Quantum' on page 273 undefined on input line 5
68.


LaTeX Warning: Citation `gap:wolf_theorem6_16_schwarz_orientation' on page 273 
undefined on input line 578.

[273]

LaTeX Warning: Citation `Wolf2012Quantum' on page 274 undefined on input line 6
82.

[274] [275]
Overfull \hbox (26.44983pt too wide) in paragraph at lines 1006--1012
[]\TU/lmr/m/it/10 The compiled statement retains the equivalence $[][]$ and the
 literal zero extension $[][][][] [][] [][] [][]$
[276] [277])) (./chapter/ch09_channel_asymptotics_supporting_results.tex
[278] [279]) (./chapter/ch10_wielandt.tex [280]
Chapter 11.

LaTeX Warning: Citation `Sanz2010Quantum' on page 281 undefined on input line 4
.

(./chapter/ch10_wielandt_cumulative_bound.tex

LaTeX Warning: Citation `Sanz2010Quantum' on page 281 undefined on input line 3
2.


LaTeX Warning: Citation `Sanz2010Quantum' on page 281 undefined on input line 3
9.


Overfull \hbox (35.38342pt too wide) in paragraph at lines 60--65
[] [][][] []\TU/lmr/m/n/10 Expand the Kraus representation of the $[]$-fold ite
rate. Each summand is $[][][][][] [][][][][][][][] []
[281] [282] [283] [284]

LaTeX Warning: Citation `Wolf2012Quantum' on page 285 undefined on input line 4
75.

[285])) (./chapter/ch10_wielandt_supporting_results.tex

LaTeX Warning: Citation `PerezGarcia2007Matrix' on page 286 undefined on input 
line 21.

[286]

LaTeX Warning: Citation `Sanz2010Quantum' on page 287 undefined on input line 6
8.


LaTeX Warning: Citation `Wolf2012Quantum' on page 287 undefined on input line 6
8.

[287]) (./chapter/ch11_semigroup.tex [288]
Chapter 12.

LaTeX Warning: Citation `Wolf2012Quantum' on page 289 undefined on input line 1
2.

(./chapter/ch11_semigroup_hermitian_paths.tex [289])
(./chapter/ch11_semigroup_dynamics_and_gksl.tex

LaTeX Warning: Citation `Wolf2012Quantum' on page 290 undefined on input line 1
5.

[290]
Overfull \hbox (20.50978pt too wide) in paragraph at lines 27--30
[][]\TU/lmr/bx/n/10 Definition 12.3.3 \TU/lmr/m/n/10 (Exponential semigroup)\TU
/lmr/bx/n/10 . [][][] [][][] [][][][] [][][] [][] [][][] \TU/lmr/m/n/10 Given a
 generator $[] [] [][][][][][][][][]$,

LaTeX Warning: Citation `Wolf2012Quantum' on page 291 undefined on input line 8
0.

[291]

LaTeX Warning: Citation `Wolf2012Quantum' on page 292 undefined on input line 1
96.


LaTeX Warning: Citation `Wolf2012Quantum' on page 292 undefined on input line 2
29.


LaTeX Warning: Citation `Wolf2012Quantum' on page 292 undefined on input line 2
54.

[292] [293]

LaTeX Warning: Citation `Wolf2012Quantum' on page 294 undefined on input line 3
97.


LaTeX Warning: Citation `Wolf2012Quantum' on page 294 undefined on input line 4
59.


LaTeX Warning: Citation `Wolf2012Quantum' on page 294 undefined on input line 4
69.


LaTeX Warning: Citation `Wolf2012Quantum' on page 294 undefined on input line 4
85.


Overfull \hbox (8.99596pt too wide) in paragraph at lines 499--508
[] [][][] \TU/lmr/m/n/10 Let $[][][][] [] [][] [][][][][]$. By the cyclic prope
rty of trace, $[][][][][][][] [] [][][][][] [][][][][][][] []
[294]

LaTeX Warning: Citation `Wolf2012Quantum' on page 295 undefined on input line 5
26.


LaTeX Warning: Citation `Wolf2012Quantum' on page 295 undefined on input line 5
55.


LaTeX Warning: Citation `Wolf2012Quantum' on page 295 undefined on input line 6
00.


LaTeX Warning: Citation `Wolf2012Quantum' on page 295 undefined on input line 6
31.

[295]

LaTeX Warning: Citation `Wolf2012Quantum' on page 296 undefined on input line 6
50.


LaTeX Warning: Citation `Wolf2012Quantum' on page 296 undefined on input line 6
70.


LaTeX Warning: Citation `Wolf2012Quantum' on page 296 undefined on input line 6
87.


LaTeX Warning: Citation `Wolf2012Quantum' on page 296 undefined on input line 7
28.


LaTeX Warning: Citation `Wolf2012Quantum' on page 296 undefined on input line 7
48.

[296]

LaTeX Warning: Citation `Wolf2012Quantum' on page 297 undefined on input line 7
74.


LaTeX Warning: Citation `Wolf2012Quantum' on page 297 undefined on input line 7
90.


LaTeX Warning: Citation `Wolf2012Quantum' on page 297 undefined on input line 8
31.

[297]

LaTeX Warning: Citation `Wolf2012Quantum' on page 298 undefined on input line 8
94.


LaTeX Warning: Citation `Wolf2012Quantum' on page 298 undefined on input line 9
62.


LaTeX Warning: Citation `Wolf2012Quantum' on page 298 undefined on input line 1
001.

[298]

LaTeX Warning: Citation `Wolf2012Quantum' on page 299 undefined on input line 1
033.

) (./chapter/ch11_semigroup_dissipation_and_primitivity.tex [299]

LaTeX Warning: Citation `GaoRouze2022Complete' on page 300 undefined on input l
ine 201.

[300] [301] [302]

LaTeX Warning: Citation `Wolf2012Quantum' on page 303 undefined on input line 5
34.


LaTeX Warning: Citation `Wolf2012Quantum' on page 303 undefined on input line 5
57.

[303]

LaTeX Warning: Citation `Wolf2012Quantum' on page 304 undefined on input line 6
07.

) (./chapter/ch11_semigroup_adjoint_kernel_and_reducibility.tex [304]

LaTeX Warning: Citation `Wolf2012Quantum' on page 305 undefined on input line 1
04.


LaTeX Warning: Citation `Wolf2012Quantum' on page 305 undefined on input line 1
31.


LaTeX Warning: Citation `Wolf2012Quantum' on page 305 undefined on input line 1
51.

[305]

LaTeX Warning: Citation `Wolf2012Quantum' on page 306 undefined on input line 2
61.


LaTeX Warning: Citation `Wolf2012Quantum' on page 306 undefined on input line 2
77.

[306]

LaTeX Warning: Citation `Wolf2012Quantum' on page 307 undefined on input line 3
31.


LaTeX Warning: Citation `Wolf2012Quantum' on page 307 undefined on input line 3
51.


Overfull \hbox (13.29822pt too wide) in paragraph at lines 355--365
[] [][][] \TU/lmr/m/n/10 The block-upper-triangular structure implies $[]$ pres
erves the compression $[][][][][][][]$.

LaTeX Warning: Citation `Wolf2012Quantum' on page 307 undefined on input line 3
82.

[307] [308]

LaTeX Warning: Citation `Wolf2012Quantum' on page 309 undefined on input line 6
15.


LaTeX Warning: Citation `Wolf2012Quantum' on page 309 undefined on input line 6
35.


LaTeX Warning: Citation `Wolf2012Quantum' on page 309 undefined on input line 6
54.


Overfull \hbox (8.15552pt too wide) in paragraph at lines 648--655
[][]\TU/lmr/bx/n/10 Theorem 12.9.1.16 \TU/lmr/m/n/10 (Large Kossakowski rank im
plies non-reducibility)\TU/lmr/bx/n/10 . [][][] [][][] [][] [][][] [][][][][][]
\TU/lmr/m/it/10 If $[][][][] []
[309]

LaTeX Warning: Citation `Wolf2012Quantum' on page 310 undefined on input line 6
89.

)) (./chapter/ch12_entropy.tex [310]
Chapter 13.
(./chapter/ch12_entropy_trace_norm.tex

LaTeX Warning: Citation `Wolf2012Quantum' on page 311 undefined on input line 1
6.


LaTeX Warning: Citation `Wolf2012Quantum' on page 311 undefined on input line 3
6.

[311]

LaTeX Warning: Citation `Wolf2012Quantum' on page 312 undefined on input line 1
01.


LaTeX Warning: Citation `Wolf2012Quantum' on page 312 undefined on input line 1
34.


LaTeX Warning: Citation `Wolf2012Quantum' on page 312 undefined on input line 1
64.

[312]

LaTeX Warning: Citation `Wolf2012Quantum' on page 313 undefined on input line 2
51.


LaTeX Warning: Citation `Wolf2012Quantum' on page 313 undefined on input line 2
52.


LaTeX Warning: Citation `Wolf2012Quantum' on page 313 undefined on input line 2
82.

[313]

LaTeX Warning: Citation `Wolf2012Quantum' on page 314 undefined on input line 3
36.


Overfull \hbox (5.46825pt too wide) in paragraph at lines 455--463
[] [][][] [][][]\TU/lmr/m/n/10 Let $[][]$ be the support projection of $[][][][
][]$ from Lemma [][]13.1.14[][], so that $[][][][][][] []
[314]

LaTeX Warning: Citation `Wolf2012Quantum' on page 315 undefined on input line 5
00.


LaTeX Warning: Citation `Wolf2012Quantum' on page 315 undefined on input line 5
30.


LaTeX Warning: Citation `Wolf2012Quantum' on page 315 undefined on input line 5
60.

[315]

LaTeX Warning: Citation `Wolf2012Quantum' on page 316 undefined on input line 6
03.


LaTeX Warning: Citation `Wolf2012Quantum' on page 316 undefined on input line 6
26.

[316]

LaTeX Warning: Citation `Wolf2012Quantum' on page 317 undefined on input line 7
19.


LaTeX Warning: Citation `Wolf2012Quantum' on page 317 undefined on input line 7
98.

[317]

LaTeX Warning: Citation `Wolf2012Quantum' on page 318 undefined on input line 8
38.


LaTeX Warning: Citation `Wolf2012Quantum' on page 318 undefined on input line 8
70.


LaTeX Warning: Citation `Wolf2012Quantum' on page 318 undefined on input line 9
06.

) (./chapter/ch12_polar_unitary_correction.tex [318] [319])
(./chapter/ch12_rectangular_windows.tex [320])
(./chapter/ch12_entropy_majorization.tex

LaTeX Warning: Citation `Wolf2012Quantum' on page 321 undefined on input line 1
8.

[321]) (./chapter/ch12_entropy_von_neumann_and_relative_i.tex [322] [323]
[324] [325] [326] [327] [328] [329])
(./chapter/ch12_entropy_von_neumann_and_relative_ii.tex [330] [331]

LaTeX Warning: Citation `Hayden2004Structure' on page 332 undefined on input li
ne 258.


LaTeX Warning: Citation `DeLasCuevas2019Separability' on page 332 undefined on 
input line 359.

[332]

LaTeX Warning: Citation `Hayden2004Structure' on page 333 undefined on input li
ne 390.

[333]

LaTeX Warning: Citation `Hayden2004Structure' on page 334 undefined on input li
ne 533.

[334]

LaTeX Warning: Citation `Hayden2004Structure' on page 335 undefined on input li
ne 748.


LaTeX Warning: Citation `Hayden2004Structure' on page 335 undefined on input li
ne 787.

[335] [336]
Overfull \hbox (0.6799pt too wide) in paragraph at lines 1010--1020
[] [][][] [][][]\TU/lmr/m/n/10 Kernel inclusion descends through the partial tr
ace, giving $[][][][] [][] [] [][][][] [][]$.
[337] [338]

LaTeX Warning: Citation `Cirac2016MPDO_arXiv' on page 339 undefined on input li
ne 1242.

[339]

LaTeX Warning: Citation `Cirac2016MPDO_arXiv' on page 340 undefined on input li
ne 1274.


LaTeX Warning: Citation `Cirac2016MPDO_arXiv' on page 340 undefined on input li
ne 1291.

) (./chapter/ch12_entropy_tripartite_and_ssa_i.tex [340] [341] [342]

LaTeX Warning: Citation `Hayden2004Structure' on page 343 undefined on input li
ne 317.


LaTeX Warning: Citation `Hayden2004Structure' on page 343 undefined on input li
ne 382.

[343] [344] [345] [346]

LaTeX Warning: Citation `gap:cpsv16_ssa_equality_hayashi_markov' on page 347 un
defined on input line 782.

[347] [348]
Overfull \hbox (6.02043pt too wide) in paragraph at lines 1009--1015
\TU/lmr/m/it/10 This is the source-$[]$ pointwise-vanishing passage in Jenčová–
Ruskai, arXiv:0903.2895v4, lines 433–
[349]) (./chapter/ch12_entropy_tripartite_and_ssa_ii.tex [350] [351] [352]
[353] [354] [355]
Overfull \hbox (3.43794pt too wide) in paragraph at lines 605--612
[][]\TU/lmr/bx/n/10 Lemma 13.8.39 \TU/lmr/m/n/10 (Relative modular square-root 
ratio on the support)\TU/lmr/bx/n/10 . [][][] [][][] [][] [][][] []\TU/lmr/m/it
/10 Let $[][] [][] [][] []$
[356]

LaTeX Warning: Citation `Hayden2004Structure' on page 357 undefined on input li
ne 782.


LaTeX Warning: Citation `Hayden2004Structure' on page 357 undefined on input li
ne 844.


LaTeX Warning: Citation `Cirac2016MPDO_arXiv' on page 357 undefined on input li
ne 847.

[357]

LaTeX Warning: Citation `Hayden2004Structure' on page 358 undefined on input li
ne 936.


LaTeX Warning: Citation `Hayden2004Structure' on page 358 undefined on input li
ne 972.

[358]

LaTeX Warning: Citation `Hayden2004Structure' on page 359 undefined on input li
ne 1043.


LaTeX Warning: Citation `Hayden2004Structure' on page 359 undefined on input li
ne 1106.

[359]

LaTeX Warning: Citation `Hayden2004Structure' on page 360 undefined on input li
ne 1228.

[360] [361]

LaTeX Warning: Citation `Hayashi2006QuantumInformation' on page 362 undefined o
n input line 1353.


LaTeX Warning: Citation `Hayden2004Structure' on page 362 undefined on input li
ne 1355.


LaTeX Warning: Citation `Hayden2004Structure' on page 362 undefined on input li
ne 1386.


LaTeX Warning: Citation `Hayden2004Structure' on page 362 undefined on input li
ne 1391.

[362] [363] [364] [365] [366]

LaTeX Warning: Citation `gap:hjpw04_petz_factorization_maximally_mixed_scope' o
n page 367 undefined on input line 1891.


LaTeX Warning: Citation `Hayden2004Structure' on page 367 undefined on input li
ne 1942.

[367]

LaTeX Warning: Citation `Hayden2004Structure' on page 368 undefined on input li
ne 2005.


LaTeX Warning: Citation `Hayden2004Structure' on page 368 undefined on input li
ne 2065.

[368] [369]
Overfull \hbox (24.00725pt too wide) in paragraph at lines 2195--2208
[][]$\TU/lmr/m/n/10 . The von Neumann entropy of a weighted orthogonal direct s
um is $[][][][] [][] [][][] [] [] [][] [][] [] [][] []
[370]) (./chapter/ch12_entropy_mutual_information.tex

LaTeX Warning: Citation `LiebRuskai1973Proof' on page 371 undefined on input li
ne 66.

[371]
Overfull \hbox (14.84778pt too wide) in paragraph at lines 118--118
[]\TU/lmr/bx/n/14.4 Mutual information: monotonicity and area-law bound 
) (./chapter/ch12_entropy_data_processing.tex [372])
(./chapter/ch12_entropy_conditional_continuity.tex

LaTeX Warning: Citation `AlickiFannes2004Continuity' on page 373 undefined on i
nput line 4.


LaTeX Warning: Citation `Winter2016Tight' on page 373 undefined on input line 5
.


LaTeX Warning: Citation `OpenAI2026AreaLaw' on page 373 undefined on input line
 6.

[373]

LaTeX Warning: Citation `ArakiLieb1970Entropy' on page 374 undefined on input l
ine 70.

[374]) (./chapter/ch12_entropy_classical_operator_schmidt_and_renyi.tex

LaTeX Warning: Citation `Riazanov2017PSDRank' on page 375 undefined on input li
ne 86.

[375]
Overfull \hbox (13.46095pt too wide) in paragraph at lines 159--168
[]\TU/lmr/m/n/10 The minimality theorem at the preceding definition proves that
 the range dimension $[] [] [][]$
[376] [377]

LaTeX Warning: Citation `Choi1975CompletelyPositive' on page 378 undefined on i
nput line 355.

[378] [379]

LaTeX Warning: Citation `Bhatia1997Matrix' on page 380 undefined on input line 
574.


LaTeX Warning: Citation `MullerLennert2013Renyi' on page 380 undefined on input
 line 610.

[380]

LaTeX Warning: Citation `MullerLennert2013Renyi' on page 381 undefined on input
 line 717.


Overfull \hbox (35.96834pt too wide) in paragraph at lines 715--720
[]\TU/lmr/m/n/10 The auxiliary divergence and its vector-state Jensen argument 
are adapted from [[], arXiv:1306.3142v4,
[381]
Overfull \hbox (1.78531pt too wide) in paragraph at lines 761--765
\TU/lmr/m/it/10 Thus this theorem reduces the singular-reference case to the fa
ithful comparison. Theorem [][]13.15.14[][]
[382]

LaTeX Warning: Citation `Beigi2013Sandwiched' on page 383 undefined on input li
ne 870.

[383]

LaTeX Warning: Citation `Beigi2013Sandwiched' on page 384 undefined on input li
ne 1050.


LaTeX Warning: Citation `MullerLennert2013Renyi' on page 384 undefined on input
 line 1051.


LaTeX Warning: Citation `Cirac2016MPDO_arXiv' on page 384 undefined on input li
ne 1058.

[384]) (./chapter/ch12_entropy_finite_product.tex [385]

LaTeX Warning: Citation `OpenAI2026AreaLaw' on page 386 undefined on input line
 93.

[386]) (./chapter/ch12_entropy_conditional_two_families.tex

LaTeX Warning: Citation `OpenAI2026PolynomialPEPS' on page 387 undefined on inp
ut line 49.

[387]) (./chapter/ch12_entropy_physical_buffer_overlap.tex [388]

LaTeX Warning: Citation `OpenAI2026AreaLaw' on page 389 undefined on input line
 248.

[389]) (./chapter/ch12_entropy_doubled_system_gap.tex

LaTeX Warning: Citation `OpenAI2026PolynomialPEPS' on page 390 undefined on inp
ut line 13.

[390] [391]) (./fragment/iid_surprisal.tex

LaTeX Warning: Citation `OpenAI2026AreaLaw' on page 392 undefined on input line
 14.


Overfull \hbox (9.80414pt too wide) in paragraph at lines 54--61
[] [][][] \TU/lmr/m/n/10 Choose independent samples $[][][] [] [] [][]$ with la
w $[][][][][]$. The sum $[] [] [][] [] [] [][]$
[392])) (./chapter/ch12_entropy_corollaries.tex [393])
(./chapter/ch13_buffered_filters.tex [394]
Chapter 14.

LaTeX Warning: Citation `OpenAI2026AreaLaw' on page 395 undefined on input line
 12.


LaTeX Warning: Citation `OpenAI2026AreaLaw' on page 395 undefined on input line
 15.

) (./chapter/ch13_spectral_filter.tex [395]
Chapter 15.

LaTeX Warning: Citation `OpenAI2026AreaLaw' on page 396 undefined on input line
 14.

[396]

LaTeX Warning: Citation `OpenAI2026AreaLaw' on page 397 undefined on input line
 103.


LaTeX Warning: Citation `OpenAI2026AreaLaw' on page 397 undefined on input line
 171.

[397] [398]
Overfull \hbox (14.4764pt too wide) in paragraph at lines 402--409
\TU/lmr/m/it/10 There are $[][][] [][] [] []$, depending only on $[][] [][] [][
] [][] []$, such that $[][][][][][] [] [][][][][][][] [] [][][] [][][][] [][][]
[]$
[399]) (./chapter/ch13_marginal_tails.tex [400]
Chapter 16.

LaTeX Warning: Citation `OpenAI2026AreaLaw' on page 401 undefined on input line
 14.

[401] [402] [403]) (./chapter/ch13_schur_labels.tex [404]
Chapter 17.

LaTeX Warning: Citation `OpenAI2026AreaLaw' on page 405 undefined on input line
 11.


LaTeX Warning: Citation `OpenAI2026AreaLaw' on page 405 undefined on input line
 76.

[405]

LaTeX Warning: Citation `OpenAI2026AreaLaw' on page 406 undefined on input line
 107.


LaTeX Warning: Citation `OpenAI2026AreaLaw' on page 406 undefined on input line
 140.

[406]))
(/Users/siruilu/Local/agentFormalization/QICLean/worktrees/area-law-iid-surpris
al/blueprint/print/print.bbl [407]
Underfull \hbox (badness 1158) in paragraph at lines 52--58
[]\TU/lmr/m/n/10 The QICLean contributors.  Exact-rank wording in Wolf’s Choi a
nd wit-

Underfull \hbox (badness 1472) in paragraph at lines 52--58
\TU/lmr/m/n/10 CLean, 2026.  [][]$[][][][][] [] [] [] [][][][][][][][][] [] [][
][] [] [][][][][][][] [] [][][][][][][][][][][] [] [][][][] [] [][][][][] [] []
 []

Underfull \hbox (badness 10000) in paragraph at lines 60--66
\TU/lmr/m/n/10 QICLean, 2026.  [][]$[][][][][] [] [] [] [][][][][][][][][] [] [
][][] [] [][][][][][][] [] [][][][][][][][][][][] [] [][][][][][][] []

Underfull \hbox (badness 1297) in paragraph at lines 68--74
[]\TU/lmr/m/n/10 The QICLean contributors.  The missing order hypothesis in Wol
f’s uni-

Underfull \hbox (badness 5548) in paragraph at lines 68--74
\TU/lmr/m/n/10 QICLean, 2026.  [][]$[][][][][] [] [] [] [][][][][][][][][] [] [
][][] [] [][][][][][][] [] [][][][][][][][][][][] [] [][][][] [] [][][] []

Underfull \hbox (badness 1253) in paragraph at lines 76--81
\TU/lmr/m/n/10 QICLean, 2026.  [][]$[][][][][] [] [] [] [][][][][][][][][] [] [
][][] [] [][][][][][][] [] [][][][][][][][][][][] [] [][][][] [] [][][][][] []
[408]
Underfull \hbox (badness 1478) in paragraph at lines 90--96
[]\TU/lmr/m/n/10 The QICLean contributors.  Scope of Wolf chapter 5 operator co
nvexity

Underfull \hbox (badness 5548) in paragraph at lines 90--96
\TU/lmr/m/n/10 QICLean, 2026.  [][]$[][][][][] [] [] [] [][][][][][][][][] [] [
][][] [] [][][][][][][] [] [][][][][][][][][][][] [] [][][][] [] [][][] []

Underfull \hbox (badness 1817) in paragraph at lines 105--110
\TU/lmr/m/n/10 attainment.  Paper-gap note wolf_slater_attainment_conditions, Q
ICLean,

Underfull \hbox (badness 1803) in paragraph at lines 112--118
[]\TU/lmr/m/n/10 The QICLean contributors.  The structure theorem for finite-di
mensional

Underfull \hbox (badness 10000) in paragraph at lines 112--118
[][]$\TU/lmr/m/n/10 -algebras: Matrix-realized single-block scope.  Paper-gap n
ote

Underfull \hbox (badness 5548) in paragraph at lines 120--126
\TU/lmr/m/n/10 QICLean, 2026.  [][]$[][][][][] [] [] [] [][][][][][][][][] [] [
][][] [] [][][][][][][] [] [][][][][][][][][][][] [] [][][][] [] [][][] []

Underfull \hbox (badness 1152) in paragraph at lines 128--134
[]\TU/lmr/m/n/10 The QICLean contributors.  Wolf proposition 1.5: Factor and co
ordinate

Underfull \hbox (badness 10000) in paragraph at lines 136--143
[]\TU/lmr/m/n/10 The QICLean contributors.  Wolf proposition 1.6: Complete

Underfull \hbox (badness 10000) in paragraph at lines 136--143
\TU/lmr/m/n/10 positivity from positivity, commutative side.  Paper-gap note

Underfull \hbox (badness 7168) in paragraph at lines 136--143
\TU/lmr/m/n/10 wolf_prop16_cp_positivity_commutative_side, QICLean, 2026.  [][]
$[][][][][] []

Underfull \hbox (badness 10000) in paragraph at lines 136--143
[] [] [][][][][][][][][] [] [][][] [] [][][][][][][] [] [][][][][][][][][][][] 
[] [][][][] [] [][][][][][] [] [][] [] [][][][][][][][][][] []

Underfull \hbox (badness 2884) in paragraph at lines 153--159
\TU/lmr/m/n/10 QICLean, 2026.  [][]$[][][][][] [] [] [] [][][][][][][][][] [] [
][][] [] [][][][][][][] [] [][][][][][][][][][][] [] [][][][] [] [][][][] []
[409]
Underfull \hbox (badness 3428) in paragraph at lines 168--174
[]\TU/lmr/m/n/10 The QICLean contributors.  Yamagami’s simultaneous-singularity
 bound-

Underfull \hbox (badness 1253) in paragraph at lines 168--174
\TU/lmr/m/n/10 QICLean, 2026.  [][]$[][][][][] [] [] [] [][][][][][][][][] [] [
][][] [] [][][][][][][] [] [][][][][][][][][][][] [] [][][][][][][][][][] []

Underfull \hbox (badness 2376) in paragraph at lines 176--182
\TU/lmr/m/n/10 ity characterization and Hayashi–Markov decomposition.  Paper-ga
p note

Underfull \hbox (badness 2376) in paragraph at lines 184--190
\TU/lmr/m/n/10 TNLean, 2026.  [][]$[][][][][] [] [] [] [][][][][][][][][] [] []
[][] [] [][][][][][] [] [][][][][][][][][][][] [] [][][][][][] [] [][][][] []
[410]
Underfull \hbox (badness 10000) in paragraph at lines 288--293
[]\TU/lmr/m/n/10 OpenAI.  Polynomial peps approximation of gapped square-

Underfull \hbox (badness 10000) in paragraph at lines 288--293
\TU/lmr/m/n/10 grid ground states, 2026.  September 24, 2026; source revision
[411]) [412]
(/Users/siruilu/Local/agentFormalization/QICLean/worktrees/area-law-iid-surpris
al/blueprint/print/print.aux)

LaTeX Warning: There were undefined references.


LaTeX Warning: Label(s) may have changed. Rerun to get cross-references right.

 )
(see the transcript file for additional information)
Output written on /Users/siruilu/Local/agentFormalization/QICLean/worktrees/are
a-law-iid-surprisal/blueprint/print/print.pdf (413 pages).
SyncTeX written on /Users/siruilu/Local/agentFormalization/QICLean/worktrees/area-law-iid-surprisal/blueprint/print/print.synctex.gz.
Transcript written on /Users/siruilu/Local/agentFormalization/QICLean/worktrees
/area-law-iid-surprisal/blueprint/print/print.log.
Latexmk: Getting log file '/Users/siruilu/Local/agentFormalization/QICLean/worktrees/area-law-iid-surprisal/blueprint/print/print.log'
Latexmk: Examining '/Users/siruilu/Local/agentFormalization/QICLean/worktrees/area-law-iid-surprisal/blueprint/print/print.fls'
Latexmk: Examining '/Users/siruilu/Local/agentFormalization/QICLean/worktrees/area-law-iid-surprisal/blueprint/print/print.log'
Latexmk: Found input bbl file '/Users/siruilu/Local/agentFormalization/QICLean/worktrees/area-law-iid-surprisal/blueprint/print/print.bbl'
Latexmk: References changed.
Latexmk: Log file says output to '/Users/siruilu/Local/agentFormalization/QICLean/worktrees/area-law-iid-surprisal/blueprint/print/print.pdf'
Latexmk: Using bibtex to make bibliography file(s).
  ===Source file '/Users/siruilu/Local/agentFormalization/QICLean/worktrees/area-law-iid-surprisal/blueprint/print/print.bbl' for 'pdflatex'
Latexmk: Found bibliography file(s):
  ./references.bib
Latexmk: applying rule 'bibtex /Users/siruilu/Local/agentFormalization/QICLean/worktrees/area-law-iid-surprisal/blueprint/print/print'...
Rule 'bibtex /Users/siruilu/Local/agentFormalization/QICLean/worktrees/area-law-iid-surprisal/blueprint/print/print':  Reasons for rerun
Changed files or newly in use/created:
  /Users/siruilu/Local/agentFormalization/QICLean/worktrees/area-law-iid-surprisal/blueprint/print/print.aux

------------
Run number 2 of rule 'bibtex /Users/siruilu/Local/agentFormalization/QICLean/worktrees/area-law-iid-surprisal/blueprint/print/print'
------------
Latexmk: Change directory to '/Users/siruilu/Local/agentFormalization/QICLean/worktrees/area-law-iid-surprisal/blueprint/print/'.
To assist finding of files in document directory, I set
  BIBINPUTS='/Users/siruilu/Local/agentFormalization/QICLean/worktrees/area-law-iid-surprisal/blueprint/src:/Users/siruilu/Local/agentFormalization/QICLean/worktrees/area-law-iid-surprisal/blueprint/print:/Users/siruilu/Local/TEX:'
  BSTINPUTS='/Users/siruilu/Local/agentFormalization/QICLean/worktrees/area-law-iid-surprisal/blueprint/src:/Users/siruilu/Local/TEX:'.
------------
Running 'bibtex  "print.aux"'
------------
This is BibTeX, Version 0.99e (TeX Live 2026/Homebrew)
The top-level auxiliary file: print.aux
The style file: alpha.bst
Database file #1: references.bib
Latexmk: Change directory back to '/Users/siruilu/Local/agentFormalization/QICLean/worktrees/area-law-iid-surprisal/blueprint/src'
Latexmk: applying rule 'pdflatex'...
Rule 'pdflatex':  Reasons for rerun
Changed files or newly in use/created:
  /Users/siruilu/Local/agentFormalization/QICLean/worktrees/area-law-iid-surprisal/blueprint/print/print.aux
  /Users/siruilu/Local/agentFormalization/QICLean/worktrees/area-law-iid-surprisal/blueprint/print/print.toc

------------
Run number 3 of rule 'pdflatex'
------------
------------
Running 'xelatex -synctex=1  -recorder -output-directory="/Users/siruilu/Local/agentFormalization/QICLean/worktrees/area-law-iid-surprisal/blueprint/print"  "print.tex"'
------------
This is XeTeX, Version 3.141592653-2.6-0.999998 (TeX Live 2026/Homebrew) (preloaded format=xelatex)
 restricted \write18 enabled.
entering extended mode
(./print.tex
LaTeX2e <2025-11-01>
L3 programming layer <2026-01-19>

(/opt/homebrew/Cellar/texlive/20260301/share/texmf-dist/tex/latex/base/report.c
ls
Document Class: report 2025/01/22 v1.4n Standard LaTeX document class

(/opt/homebrew/Cellar/texlive/20260301/share/texmf-dist/tex/latex/base/size10.c
lo))
(/opt/homebrew/Cellar/texlive/20260301/share/texmf-dist/tex/latex/geometry/geom
etry.sty
(/opt/homebrew/Cellar/texlive/20260301/share/texmf-dist/tex/latex/graphics/keyv
al.sty)
(/opt/homebrew/Cellar/texlive/20260301/share/texmf-dist/tex/generic/iftex/ifvte
x.sty
(/opt/homebrew/Cellar/texlive/20260301/share/texmf-dist/tex/generic/iftex/iftex
.sty)))
(/opt/homebrew/Cellar/texlive/20260301/share/texmf-dist/tex/latex/l3kernel/expl
3.sty
(/opt/homebrew/Cellar/texlive/20260301/share/texmf-dist/tex/latex/l3backend/l3b
ackend-xetex.def))
(/opt/homebrew/Cellar/texlive/20260301/share/texmf-dist/tex/latex/amsfonts/amss
ymb.sty
(/opt/homebrew/Cellar/texlive/20260301/share/texmf-dist/tex/latex/amsfonts/amsf
onts.sty))
(/opt/homebrew/Cellar/texlive/20260301/share/texmf-dist/tex/latex/amscls/amsthm
.sty)
(/opt/homebrew/Cellar/texlive/20260301/share/texmf-dist/tex/latex/mathtools/mat
htools.sty
(/opt/homebrew/Cellar/texlive/20260301/share/texmf-dist/tex/latex/tools/calc.st
y)
(/opt/homebrew/Cellar/texlive/20260301/share/texmf-dist/tex/latex/mathtools/mhs
etup.sty)
(/opt/homebrew/Cellar/texlive/20260301/share/texmf-dist/tex/latex/amsmath/amsma
th.sty
For additional information on amsmath, use the `?' option.

(/opt/homebrew/Cellar/texlive/20260301/share/texmf-dist/tex/latex/amsmath/amste
xt.sty
(/opt/homebrew/Cellar/texlive/20260301/share/texmf-dist/tex/latex/amsmath/amsge
n.sty))
(/opt/homebrew/Cellar/texlive/20260301/share/texmf-dist/tex/latex/amsmath/amsbs
y.sty)
(/opt/homebrew/Cellar/texlive/20260301/share/texmf-dist/tex/latex/amsmath/amsop
n.sty)))
(/opt/homebrew/Cellar/texlive/20260301/share/texmf-dist/tex/latex/pgf/frontendl
ayer/tikz.sty
(/opt/homebrew/Cellar/texlive/20260301/share/texmf-dist/tex/latex/pgf/basiclaye
r/pgf.sty
(/opt/homebrew/Cellar/texlive/20260301/share/texmf-dist/tex/latex/pgf/utilities
/pgfrcs.sty
(/opt/homebrew/Cellar/texlive/20260301/share/texmf-dist/tex/generic/pgf/utiliti
es/pgfutil-common.tex)
(/opt/homebrew/Cellar/texlive/20260301/share/texmf-dist/tex/generic/pgf/utiliti
es/pgfutil-latex.def)
(/opt/homebrew/Cellar/texlive/20260301/share/texmf-dist/tex/generic/pgf/utiliti
es/pgfrcs.code.tex
(/opt/homebrew/Cellar/texlive/20260301/share/texmf-dist/tex/generic/pgf/pgf.rev
ision.tex)))
(/opt/homebrew/Cellar/texlive/20260301/share/texmf-dist/tex/latex/pgf/basiclaye
r/pgfcore.sty
(/opt/homebrew/Cellar/texlive/20260301/share/texmf-dist/tex/latex/graphics/grap
hicx.sty
(/opt/homebrew/Cellar/texlive/20260301/share/texmf-dist/tex/latex/graphics/grap
hics.sty
(/opt/homebrew/Cellar/texlive/20260301/share/texmf-dist/tex/latex/graphics/trig
.sty)
(/opt/homebrew/Cellar/texlive/20260301/share/texmf-dist/tex/latex/graphics-cfg/
graphics.cfg)
(/opt/homebrew/Cellar/texlive/20260301/share/texmf-dist/tex/latex/graphics-def/
xetex.def)))
(/opt/homebrew/Cellar/texlive/20260301/share/texmf-dist/tex/latex/pgf/systemlay
er/pgfsys.sty
(/opt/homebrew/Cellar/texlive/20260301/share/texmf-dist/tex/generic/pgf/systeml
ayer/pgfsys.code.tex
(/opt/homebrew/Cellar/texlive/20260301/share/texmf-dist/tex/generic/pgf/utiliti
es/pgfkeys.code.tex
(/opt/homebrew/Cellar/texlive/20260301/share/texmf-dist/tex/generic/pgf/utiliti
es/pgfkeyslibraryfiltered.code.tex))
(/opt/homebrew/Cellar/texlive/20260301/share/texmf-dist/tex/generic/pgf/systeml
ayer/pgf.cfg)
(/opt/homebrew/Cellar/texlive/20260301/share/texmf-dist/tex/generic/pgf/systeml
ayer/pgfsys-xetex.def
(/opt/homebrew/Cellar/texlive/20260301/share/texmf-dist/tex/generic/pgf/systeml
ayer/pgfsys-dvipdfmx.def
(/opt/homebrew/Cellar/texlive/20260301/share/texmf-dist/tex/generic/pgf/systeml
ayer/pgfsys-common-pdf.def))))
(/opt/homebrew/Cellar/texlive/20260301/share/texmf-dist/tex/generic/pgf/systeml
ayer/pgfsyssoftpath.code.tex)
(/opt/homebrew/Cellar/texlive/20260301/share/texmf-dist/tex/generic/pgf/systeml
ayer/pgfsysprotocol.code.tex))
(/opt/homebrew/Cellar/texlive/20260301/share/texmf-dist/tex/latex/xcolor/xcolor
.sty
(/opt/homebrew/Cellar/texlive/20260301/share/texmf-dist/tex/latex/graphics-cfg/
color.cfg)
(/opt/homebrew/Cellar/texlive/20260301/share/texmf-dist/tex/latex/graphics/math
color.ltx))
(/opt/homebrew/Cellar/texlive/20260301/share/texmf-dist/tex/generic/pgf/basicla
yer/pgfcore.code.tex
(/opt/homebrew/Cellar/texlive/20260301/share/texmf-dist/tex/generic/pgf/math/pg
fmath.code.tex
(/opt/homebrew/Cellar/texlive/20260301/share/texmf-dist/tex/generic/pgf/math/pg
fmathutil.code.tex)
(/opt/homebrew/Cellar/texlive/20260301/share/texmf-dist/tex/generic/pgf/math/pg
fmathparser.code.tex)
(/opt/homebrew/Cellar/texlive/20260301/share/texmf-dist/tex/generic/pgf/math/pg
fmathfunctions.code.tex)
(/opt/homebrew/Cellar/texlive/20260301/share/texmf-dist/tex/generic/pgf/math/pg
fmathfunctions.basic.code.tex)
(/opt/homebrew/Cellar/texlive/20260301/share/texmf-dist/tex/generic/pgf/math/pg
fmathfunctions.trigonometric.code.tex)
(/opt/homebrew/Cellar/texlive/20260301/share/texmf-dist/tex/generic/pgf/math/pg
fmathfunctions.random.code.tex)
(/opt/homebrew/Cellar/texlive/20260301/share/texmf-dist/tex/generic/pgf/math/pg
fmathfunctions.comparison.code.tex)
(/opt/homebrew/Cellar/texlive/20260301/share/texmf-dist/tex/generic/pgf/math/pg
fmathfunctions.base.code.tex)
(/opt/homebrew/Cellar/texlive/20260301/share/texmf-dist/tex/generic/pgf/math/pg
fmathfunctions.round.code.tex)
(/opt/homebrew/Cellar/texlive/20260301/share/texmf-dist/tex/generic/pgf/math/pg
fmathfunctions.misc.code.tex)
(/opt/homebrew/Cellar/texlive/20260301/share/texmf-dist/tex/generic/pgf/math/pg
fmathfunctions.integerarithmetics.code.tex)
(/opt/homebrew/Cellar/texlive/20260301/share/texmf-dist/tex/generic/pgf/math/pg
fmathcalc.code.tex)
(/opt/homebrew/Cellar/texlive/20260301/share/texmf-dist/tex/generic/pgf/math/pg
fmathfloat.code.tex))
(/opt/homebrew/Cellar/texlive/20260301/share/texmf-dist/tex/generic/pgf/math/pg
fint.code.tex)
(/opt/homebrew/Cellar/texlive/20260301/share/texmf-dist/tex/generic/pgf/basicla
yer/pgfcorepoints.code.tex)
(/opt/homebrew/Cellar/texlive/20260301/share/texmf-dist/tex/generic/pgf/basicla
yer/pgfcorepathconstruct.code.tex)
(/opt/homebrew/Cellar/texlive/20260301/share/texmf-dist/tex/generic/pgf/basicla
yer/pgfcorepathusage.code.tex)
(/opt/homebrew/Cellar/texlive/20260301/share/texmf-dist/tex/generic/pgf/basicla
yer/pgfcorescopes.code.tex)
(/opt/homebrew/Cellar/texlive/20260301/share/texmf-dist/tex/generic/pgf/basicla
yer/pgfcoregraphicstate.code.tex)
(/opt/homebrew/Cellar/texlive/20260301/share/texmf-dist/tex/generic/pgf/basicla
yer/pgfcoretransformations.code.tex)
(/opt/homebrew/Cellar/texlive/20260301/share/texmf-dist/tex/generic/pgf/basicla
yer/pgfcorequick.code.tex)
(/opt/homebrew/Cellar/texlive/20260301/share/texmf-dist/tex/generic/pgf/basicla
yer/pgfcoreobjects.code.tex)
(/opt/homebrew/Cellar/texlive/20260301/share/texmf-dist/tex/generic/pgf/basicla
yer/pgfcorepathprocessing.code.tex)
(/opt/homebrew/Cellar/texlive/20260301/share/texmf-dist/tex/generic/pgf/basicla
yer/pgfcorearrows.code.tex)
(/opt/homebrew/Cellar/texlive/20260301/share/texmf-dist/tex/generic/pgf/basicla
yer/pgfcoreshade.code.tex)
(/opt/homebrew/Cellar/texlive/20260301/share/texmf-dist/tex/generic/pgf/basicla
yer/pgfcoreimage.code.tex)
(/opt/homebrew/Cellar/texlive/20260301/share/texmf-dist/tex/generic/pgf/basicla
yer/pgfcoreexternal.code.tex)
(/opt/homebrew/Cellar/texlive/20260301/share/texmf-dist/tex/generic/pgf/basicla
yer/pgfcorelayers.code.tex)
(/opt/homebrew/Cellar/texlive/20260301/share/texmf-dist/tex/generic/pgf/basicla
yer/pgfcoretransparency.code.tex)
(/opt/homebrew/Cellar/texlive/20260301/share/texmf-dist/tex/generic/pgf/basicla
yer/pgfcorepatterns.code.tex)
(/opt/homebrew/Cellar/texlive/20260301/share/texmf-dist/tex/generic/pgf/basicla
yer/pgfcorerdf.code.tex)))
(/opt/homebrew/Cellar/texlive/20260301/share/texmf-dist/tex/generic/pgf/modules
/pgfmoduleshapes.code.tex)
(/opt/homebrew/Cellar/texlive/20260301/share/texmf-dist/tex/generic/pgf/modules
/pgfmoduleplot.code.tex)
(/opt/homebrew/Cellar/texlive/20260301/share/texmf-dist/tex/latex/pgf/compatibi
lity/pgfcomp-version-0-65.sty)
(/opt/homebrew/Cellar/texlive/20260301/share/texmf-dist/tex/latex/pgf/compatibi
lity/pgfcomp-version-1-18.sty))
(/opt/homebrew/Cellar/texlive/20260301/share/texmf-dist/tex/latex/pgf/utilities
/pgffor.sty
(/opt/homebrew/Cellar/texlive/20260301/share/texmf-dist/tex/latex/pgf/utilities
/pgfkeys.sty
(/opt/homebrew/Cellar/texlive/20260301/share/texmf-dist/tex/generic/pgf/utiliti
es/pgfkeys.code.tex))
(/opt/homebrew/Cellar/texlive/20260301/share/texmf-dist/tex/latex/pgf/math/pgfm
ath.sty
(/opt/homebrew/Cellar/texlive/20260301/share/texmf-dist/tex/generic/pgf/math/pg
fmath.code.tex))
(/opt/homebrew/Cellar/texlive/20260301/share/texmf-dist/tex/generic/pgf/utiliti
es/pgffor.code.tex))
(/opt/homebrew/Cellar/texlive/20260301/share/texmf-dist/tex/generic/pgf/fronten
dlayer/tikz/tikz.code.tex
(/opt/homebrew/Cellar/texlive/20260301/share/texmf-dist/tex/generic/pgf/librari
es/pgflibraryplothandlers.code.tex)
(/opt/homebrew/Cellar/texlive/20260301/share/texmf-dist/tex/generic/pgf/modules
/pgfmodulematrix.code.tex)
(/opt/homebrew/Cellar/texlive/20260301/share/texmf-dist/tex/generic/pgf/fronten
dlayer/tikz/libraries/tikzlibrarytopaths.code.tex)))
(/opt/homebrew/Cellar/texlive/20260301/share/texmf-dist/tex/latex/hyperref/hype
rref.sty
(/opt/homebrew/Cellar/texlive/20260301/share/texmf-dist/tex/latex/kvsetkeys/kvs
etkeys.sty)
(/opt/homebrew/Cellar/texlive/20260301/share/texmf-dist/tex/generic/kvdefinekey
s/kvdefinekeys.sty)
(/opt/homebrew/Cellar/texlive/20260301/share/texmf-dist/tex/generic/pdfescape/p
dfescape.sty
(/opt/homebrew/Cellar/texlive/20260301/share/texmf-dist/tex/generic/ltxcmds/ltx
cmds.sty)
(/opt/homebrew/Cellar/texlive/20260301/share/texmf-dist/tex/generic/pdftexcmds/
pdftexcmds.sty
(/opt/homebrew/Cellar/texlive/20260301/share/texmf-dist/tex/generic/infwarerr/i
nfwarerr.sty)))
(/opt/homebrew/Cellar/texlive/20260301/share/texmf-dist/tex/latex/hycolor/hycol
or.sty)
(/opt/homebrew/Cellar/texlive/20260301/share/texmf-dist/tex/latex/hyperref/name
ref.sty
(/opt/homebrew/Cellar/texlive/20260301/share/texmf-dist/tex/latex/refcount/refc
ount.sty)
(/opt/homebrew/Cellar/texlive/20260301/share/texmf-dist/tex/generic/gettitlestr
ing/gettitlestring.sty
(/opt/homebrew/Cellar/texlive/20260301/share/texmf-dist/tex/latex/kvoptions/kvo
ptions.sty)))
(/opt/homebrew/Cellar/texlive/20260301/share/texmf-dist/tex/latex/etoolbox/etoo
lbox.sty)
(/opt/homebrew/Cellar/texlive/20260301/share/texmf-dist/tex/generic/stringenc/s
tringenc.sty)
(/opt/homebrew/Cellar/texlive/20260301/share/texmf-dist/tex/latex/hyperref/pd1e
nc.def)
(/opt/homebrew/Cellar/texlive/20260301/share/texmf-dist/tex/generic/intcalc/int
calc.sty)
(/opt/homebrew/Cellar/texlive/20260301/share/texmf-dist/tex/latex/hyperref/puen
c.def)
(/opt/homebrew/Cellar/texlive/20260301/share/texmf-dist/tex/latex/url/url.sty)
(/opt/homebrew/Cellar/texlive/20260301/share/texmf-dist/tex/generic/bitset/bits
et.sty
(/opt/homebrew/Cellar/texlive/20260301/share/texmf-dist/tex/generic/bigintcalc/
bigintcalc.sty)))
(/opt/homebrew/Cellar/texlive/20260301/share/texmf-dist/tex/latex/hyperref/hxet
ex.def
(/opt/homebrew/Cellar/texlive/20260301/share/texmf-dist/tex/latex/rerunfilechec
k/rerunfilecheck.sty
(/opt/homebrew/Cellar/texlive/20260301/share/texmf-dist/tex/generic/uniquecount
er/uniquecounter.sty)))
(/opt/homebrew/Cellar/texlive/20260301/share/texmf-dist/tex/latex/unicode-math/
unicode-math.sty
(/opt/homebrew/Cellar/texlive/20260301/share/texmf-dist/tex/latex/unicode-math/
unicode-math-xetex.sty
(/opt/homebrew/Cellar/texlive/20260301/share/texmf-dist/tex/latex/l3packages/xp
arse/xparse.sty)
(/opt/homebrew/Cellar/texlive/20260301/share/texmf-dist/tex/latex/l3packages/l3
keys2e/l3keys2e.sty)
(/opt/homebrew/Cellar/texlive/20260301/share/texmf-dist/tex/latex/fontspec/font
spec.sty
(/opt/homebrew/Cellar/texlive/20260301/share/texmf-dist/tex/latex/fontspec/font
spec-xetex.sty
(/opt/homebrew/Cellar/texlive/20260301/share/texmf-dist/tex/latex/base/fontenc.
sty)
(/opt/homebrew/Cellar/texlive/20260301/share/texmf-dist/tex/latex/fontspec/font
spec.cfg)))
(/opt/homebrew/Cellar/texlive/20260301/share/texmf-dist/tex/latex/base/fix-cm.s
ty
(/opt/homebrew/Cellar/texlive/20260301/share/texmf-dist/tex/latex/base/ts1enc.d
ef))
(/opt/homebrew/Cellar/texlive/20260301/share/texmf-dist/tex/latex/unicode-math/
unicode-math-table.tex))) (./macros/common.tex) (./macros/print.tex)
(/Users/siruilu/Local/agentFormalization/QICLean/worktrees/area-law-iid-surpris
al/.deps/tenkz/tex/tenkz/tenkz.sty
(/opt/homebrew/Cellar/texlive/20260301/share/texmf-dist/tex/generic/pgf/fronten
dlayer/tikz/libraries/tikzlibrarycalc.code.tex)
(/opt/homebrew/Cellar/texlive/20260301/share/texmf-dist/tex/generic/pgf/librari
es/pgflibraryarrows.meta.code.tex)
(/opt/homebrew/Cellar/texlive/20260301/share/texmf-dist/tex/generic/pgf/fronten
dlayer/tikz/libraries/tikzlibrarybackgrounds.code.tex)
(/opt/homebrew/Cellar/texlive/20260301/share/texmf-dist/tex/generic/pgf/fronten
dlayer/tikz/libraries/tikzlibrarydecorations.pathreplacing.code.tex
(/opt/homebrew/Cellar/texlive/20260301/share/texmf-dist/tex/generic/pgf/fronten
dlayer/tikz/libraries/tikzlibrarydecorations.code.tex
(/opt/homebrew/Cellar/texlive/20260301/share/texmf-dist/tex/generic/pgf/modules
/pgfmoduledecorations.code.tex))
(/opt/homebrew/Cellar/texlive/20260301/share/texmf-dist/tex/generic/pgf/librari
es/decorations/pgflibrarydecorations.pathreplacing.code.tex))
(/opt/homebrew/Cellar/texlive/20260301/share/texmf-dist/tex/generic/pgf/fronten
dlayer/tikz/libraries/tikzlibrarydecorations.markings.code.tex
(/opt/homebrew/Cellar/texlive/20260301/share/texmf-dist/tex/generic/pgf/librari
es/decorations/pgflibrarydecorations.markings.code.tex))
(/opt/homebrew/Cellar/texlive/20260301/share/texmf-dist/tex/generic/pgf/fronten
dlayer/tikz/libraries/tikzlibraryfit.code.tex)
(/opt/homebrew/Cellar/texlive/20260301/share/texmf-dist/tex/generic/pgf/fronten
dlayer/tikz/libraries/tikzlibraryshapes.geometric.code.tex
(/opt/homebrew/Cellar/texlive/20260301/share/texmf-dist/tex/generic/pgf/librari
es/shapes/pgflibraryshapes.geometric.code.tex))
(/opt/homebrew/Cellar/texlive/20260301/share/texmf-dist/tex/latex/hobby/tikzlib
raryhobby.code.tex
(/opt/homebrew/Cellar/texlive/20260301/share/texmf-dist/tex/latex/hobby/pgflibr
aryhobby.code.tex
(/opt/homebrew/Cellar/texlive/20260301/share/texmf-dist/tex/latex/hobby/hobby.c
ode.tex
(/opt/homebrew/Cellar/texlive/20260301/share/texmf-dist/tex/latex/hobby/pml3arr
ay.sty))))
(/opt/homebrew/Cellar/texlive/20260301/share/texmf-dist/tex/latex/spath3/tikzli
braryspath3.code.tex
(/opt/homebrew/Cellar/texlive/20260301/share/texmf-dist/tex/latex/spath3/spath3
.sty))
(/opt/homebrew/Cellar/texlive/20260301/share/texmf-dist/tex/generic/pgf/fronten
dlayer/tikz/libraries/tikzlibraryintersections.code.tex
(/opt/homebrew/Cellar/texlive/20260301/share/texmf-dist/tex/generic/pgf/librari
es/pgflibraryintersections.code.tex
(/opt/homebrew/Cellar/texlive/20260301/share/texmf-dist/tex/generic/pgf/librari
es/pgflibraryfpu.code.tex)))
(/Users/siruilu/Local/agentFormalization/QICLean/worktrees/area-law-iid-surpris
al/.deps/tenkz/tex/tenkz/tenkz-language.code.tex
(/Users/siruilu/Local/agentFormalization/QICLean/worktrees/area-law-iid-surpris
al/.deps/tenkz/tex/tenkz/tenkz-language-registry.tex))
(/Users/siruilu/Local/agentFormalization/QICLean/worktrees/area-law-iid-surpris
al/.deps/tenkz/tex/tenkz/tenkz-model.code.tex)
(/Users/siruilu/Local/agentFormalization/QICLean/worktrees/area-law-iid-surpris
al/.deps/tenkz/tex/tenkz/tenkz-core.code.tex)
(/Users/siruilu/Local/agentFormalization/QICLean/worktrees/area-law-iid-surpris
al/.deps/tenkz/tex/tenkz/tenkz-metric.code.tex)
(/Users/siruilu/Local/agentFormalization/QICLean/worktrees/area-law-iid-surpris
al/.deps/tenkz/tex/tenkz/tenkz-geometry.code.tex)
(/Users/siruilu/Local/agentFormalization/QICLean/worktrees/area-law-iid-surpris
al/.deps/tenkz/tex/tenkz/tenkz-string.code.tex)
(/Users/siruilu/Local/agentFormalization/QICLean/worktrees/area-law-iid-surpris
al/.deps/tenkz/tex/tenkz/tenkz-tree.code.tex)
(/Users/siruilu/Local/agentFormalization/QICLean/worktrees/area-law-iid-surpris
al/.deps/tenkz/tex/tenkz/tenkz-render.code.tex)
(/Users/siruilu/Local/agentFormalization/QICLean/worktrees/area-law-iid-surpris
al/.deps/tenkz/tex/tenkz/tenkz-kernel.code.tex
(/Users/siruilu/Local/agentFormalization/QICLean/worktrees/area-law-iid-surpris
al/.deps/tenkz/tex/tenkz/tenkz-kernel-language.code.tex)
(/Users/siruilu/Local/agentFormalization/QICLean/worktrees/area-law-iid-surpris
al/.deps/tenkz/tex/tenkz/tenkz-kernel-policy.code.tex)
(/Users/siruilu/Local/agentFormalization/QICLean/worktrees/area-law-iid-surpris
al/.deps/tenkz/tex/tenkz/tenkz-kernel-resolve.code.tex)
(/Users/siruilu/Local/agentFormalization/QICLean/worktrees/area-law-iid-surpris
al/.deps/tenkz/tex/tenkz/tenkz-kernel-ink.code.tex)
(/Users/siruilu/Local/agentFormalization/QICLean/worktrees/area-law-iid-surpris
al/.deps/tenkz/tex/tenkz/tenkz-kernel-annotate.code.tex)
(/Users/siruilu/Local/agentFormalization/QICLean/worktrees/area-law-iid-surpris
al/.deps/tenkz/tex/tenkz/tenkz-kernel-surface.code.tex)))
(./macros/diagrams.tex
(/opt/homebrew/Cellar/texlive/20260301/share/texmf-dist/tex/latex/tikz-cd/tikz-
cd.sty
(/opt/homebrew/Cellar/texlive/20260301/share/texmf-dist/tex/generic/tikz-cd/tik
zlibrarycd.code.tex
(/opt/homebrew/Cellar/texlive/20260301/share/texmf-dist/tex/generic/pgf/fronten
dlayer/tikz/libraries/tikzlibrarymatrix.code.tex)
(/opt/homebrew/Cellar/texlive/20260301/share/texmf-dist/tex/generic/pgf/fronten
dlayer/tikz/libraries/tikzlibraryquotes.code.tex))))
(/Users/siruilu/Local/agentFormalization/QICLean/worktrees/area-law-iid-surpris
al/blueprint/print/print.aux)
*geometry* driver: auto-detecting
*geometry* detected driver: xetex

(/Users/siruilu/Local/agentFormalization/QICLean/worktrees/area-law-iid-surpris
al/blueprint/print/print.out)
(/Users/siruilu/Local/agentFormalization/QICLean/worktrees/area-law-iid-surpris
al/blueprint/print/print.out)
(/opt/homebrew/Cellar/texlive/20260301/share/texmf-dist/tex/latex/amsfonts/umsa
.fd)
(/opt/homebrew/Cellar/texlive/20260301/share/texmf-dist/tex/latex/amsfonts/umsb
.fd) [1]
(/Users/siruilu/Local/agentFormalization/QICLean/worktrees/area-law-iid-surpris
al/blueprint/print/print.toc [1] [2] [3] [4] [5]) (./content.tex
(./chapter/ch01_deconstructing_quantum.tex [6]
Chapter 1.
(./chapter/ch01_states.tex
Overfull \hbox (8.30865pt too wide) in paragraph at lines 7--13
[][]\TU/lmr/bx/n/10 Definition 1.1.1 \TU/lmr/m/n/10 (Schmidt decomposition)\TU/
lmr/bx/n/10 . [][][] [][][] [][] [][][] \TU/lmr/m/n/10 For $[] [] [][] [] [][]$
 with $[] [] [][][][][] [][][]$,
[7] [8]) (./chapter/ch01_shifted_density_powers.tex [9])
(./chapter/ch01_shifted_density_truncation.tex [10] [11])
(./chapter/ch01_shifted_power_derivative.tex [12])
(./chapter/ch01_positive_maps.tex [13] [14]
Overfull \hbox (0.76086pt too wide) in paragraph at lines 323--327
[][]\TU/lmr/bx/n/10 Definition 1.8.9 \TU/lmr/m/n/10 (State-preparation map)\TU/
lmr/bx/n/10 . [][][] [][][] [][] [][][] \TU/lmr/m/n/10 Let $[]$ be a matrix on 
a finite-dimensional
[15]
Overfull \hbox (4.87057pt too wide) in paragraph at lines 385--388
[][]\TU/lmr/bx/n/10 Theorem 1.9.3 \TU/lmr/m/n/10 (Trace of the maximally mixed 
matrix)\TU/lmr/bx/n/10 . [][][] [][][] [][] [][][] \TU/lmr/m/it/10 If $[] [] []
$, then $[][][][][][][] []
[16] [17] [18]
Overfull \hbox (0.73889pt too wide) in paragraph at lines 762--772
[][]\TU/lmr/bx/n/10 Lemma 1.9.15 \TU/lmr/m/n/10 (Reconstructing a Kraus map fro
m $[][]$)\TU/lmr/bx/n/10 . [][][] [][][] [][] [][][] \TU/lmr/m/it/10 Let $[][]$
 be as in Lemma [][]1.9.12[][]

Overfull \hbox (28.53387pt too wide) in paragraph at lines 774--777
[] [][][] \TU/lmr/m/n/10 Both sides expand, entry by entry, to the same double 
sum $[] [][] [][] [] [][] [][][][][] [][]$.
[19] [20] [21] [22] [23] [24]
Overfull \hbox (5.29309pt too wide) in paragraph at lines 1340--1344
[] [][][] \TU/lmr/m/n/10 For every $[][][] [][]$ and $[] [] []$, the zero-exten
ded operator satisfies $[][][][][][] []
[25]
Overfull \hbox (0.58412pt too wide) in paragraph at lines 1512--1516
[] [][][] \TU/lmr/m/n/10 Since $[]$ is Hermitian and $[][] [] []$, the diagonal
 entries of the sum are $[][] [][][] []
) (./chapter/ch01_spectrum_and_wigner.tex [26] [27] [28] [29] [30] [31])
(./chapter/ch01_cyclic_trace_power.tex) (./chapter/ch01_coherent_frames.tex
[32])) (./chapter/ch02_channels.tex [33]
Chapter 2.
(./chapter/ch02_channels_positive_map_and_channel_foundations.tex [34] [35])
(./chapter/ch02_channels_rectangular_kraus_maps.tex [36]
Overfull \hbox (4.21751pt too wide) in paragraph at lines 88--93
[][]\TU/lmr/bx/n/10 Theorem 2.5.8 \TU/lmr/m/n/10 (Trace preservation from a Kra
us resolution)\TU/lmr/bx/n/10 . [][][] [][][] [][] [][][] []\TU/lmr/m/it/10 Eve
ry trace-preserving
[37]
Overfull \hbox (6.7766pt too wide) in paragraph at lines 148--148
[]\TU/lmr/bx/n/14.4 The Choi–Jamiolkowski representation of maps between
[38] [39]
Overfull \hbox (19.3712pt too wide) in paragraph at lines 420--428
[][]\TU/lmr/bx/n/10 Theorem 2.7.1 \TU/lmr/m/n/10 (Kraus normalization condition
s)\TU/lmr/bx/n/10 . [][][] [][][] [][][][] [][][] [][][][] [][][] [][] [][][] [
]\TU/lmr/m/it/10 Let $[][][][] [] [][] [][][][][]$
[40]) (./chapter/ch02_channels_tensor_maps_and_controlled_trace.tex [41])
(./chapter/ch02_channels_transfer_map_foundations.tex [42] [43])
(./chapter/ch02_channels_peripheral_spectrum_and_primitivity.tex [44] [45]
[46] [47] [48]
Overfull \hbox (8.69438pt too wide) in paragraph at lines 488--494
[][]\TU/lmr/bx/n/10 Lemma 2.13.2.1 \TU/lmr/m/n/10 (Peripheral closure via adjoi
nt fixed point)\TU/lmr/bx/n/10 . [][][] [][][] [][] [][][] [][][][]\TU/lmr/m/it
/10 Let $[][][][] [] [][] [][][][][]$

Overfull \hbox (0.28438pt too wide) in paragraph at lines 535--544
[][]\TU/lmr/bx/n/10 Theorem 2.13.2.2 \TU/lmr/m/n/10 (Roots of unity via adjoint
 fixed point)\TU/lmr/bx/n/10 . [][][] [][][] [][] [][][] [][][][][]\TU/lmr/m/it
/10 Let $[][][][] [] [][] [][][][][]$
[49] [50])) (./chapter/ch03_channel_representations.tex [51]
Chapter 3.
(./chapter/ch03_channel_representations_choi_foundations.tex
Overfull \hbox (1.66296pt too wide) in paragraph at lines 16--22
\TU/lmr/m/n/10 When $[] [] []$, this is the \TU/lmr/m/it/10 maximally entangled
 state\TU/lmr/m/n/10 : a rank-one projector with $[][][][] [][][][][] []
[52] [53]) (./chapter/ch03_channel_representations_rectangular_choi_bounds.tex
[54]
Overfull \hbox (7.94478pt too wide) in paragraph at lines 83--87
[][]\TU/lmr/bx/n/10 Definition 3.2.5 \TU/lmr/m/n/10 (Hilbert–Schmidt contractio
n)\TU/lmr/bx/n/10 . [][][] [][][] [][] [][][] \TU/lmr/m/n/10 A complex-linear m
ap $[] [] [][][][][] []
)
(./chapter/ch03_channel_representations_no_information_without_disturbance.tex
[55]) (./chapter/ch03_channel_representations_choi_and_kraus.tex [56] [57]
[58] [59] [60] [61]
Overfull \hbox (11.82436pt too wide) in paragraph at lines 778--783
[][]\TU/lmr/bx/n/10 Theorem 3.7.4 \TU/lmr/m/n/10 (Unitality implies Kraus unita
l normalization)\TU/lmr/bx/n/10 . [][][] [][][] [][] [][][] []\TU/lmr/m/it/10 I
f $[][][][] [] [][] [][][][][]$
[62] [63]) (./chapter/ch03_channel_representations_kraus_iterate_choi.tex
[64] [65]) (./chapter/ch03_channel_representations_ensemble_equivalence.tex
[66]
Overfull \hbox (0.58437pt too wide) in paragraph at lines 128--132
[]\TU/lmr/m/n/10 Conversely, a unitary $[]$ satisfies $[][][] [] []$, so Theore
m [][]3.6.6[][] gives $[][] [][][][] [][][][] [] [][] [][][][] [][][][]$.
) (./chapter/ch03_channel_representations_hermitian_intertwiners.tex [67])
(./chapter/ch03_channel_representations_dilations_and_ordered_cp.tex [68]
[69] [70]
Overfull \hbox (3.29pt too wide) in paragraph at lines 292--292
[]\TU/lmr/bx/n/14.4 Ordered CP maps, Radon–Nikodym, and open-system
[71] [72] [73]
Overfull \hbox (1.84756pt too wide) in paragraph at lines 679--690
[][]\TU/lmr/bx/n/10 Corollary 3.12.15 \TU/lmr/m/n/10 (Square-algebra Radon–Niko
dym theorem)\TU/lmr/bx/n/10 . [][][] [][][] [][] [][][] []\TU/lmr/m/it/10 Let $
[]$ be a nonempty
[74]
Overfull \hbox (11.32751pt too wide) in paragraph at lines 795--799
[][]\TU/lmr/bx/n/10 Lemma 3.12.21 \TU/lmr/m/n/10 (First environment embedding i
s an isometry)\TU/lmr/bx/n/10 . [][][] [][][] [][] [][][] []\TU/lmr/m/it/10 The
 first-environment
[75] [76] [77] [78] [79] [80])
(./chapter/ch03_channel_representations_normal_forms_and_determinant.tex
[81] [82] [83] [84] [85] [86] [87] [88] [89]
Overfull \hbox (27.40834pt too wide) in paragraph at lines 1026--1031
\TU/lmr/m/n/10 nates used immediately before [[], Eq. (2.41)]; see also the loc
al source $[][][][][] [] [][][][][][][][][][][][][][][][][] []
[90] [91] [92] [93]
Overfull \hbox (15.74634pt too wide) in paragraph at lines 1439--1446
[]\TU/lmr/m/n/10 Thus $[]$ maps the positive-semidefinite cone onto itself. The
 already formalized cone/rank/Wigner
[94] [95]) (./chapter/ch03_channel_representations_determinant_choi_bound.tex
[96]
Overfull \hbox (8.04791pt too wide) in paragraph at lines 53--59
\TU/lmr/m/n/10 Substituting $[][][][] [][][]$ for the row pair and $[][][][] []
[][]$ for the column pair in ([][]3.120[][]) gives $[][][][][][][][][]$,
) (./chapter/ch03_channel_representations_self_dual.tex [97]
Overfull \hbox (8.98033pt too wide) in paragraph at lines 60--66
[][]\TU/lmr/bx/n/10 Theorem 3.19.4 \TU/lmr/m/n/10 (Transfer matrix of a Kraus r
epresentation)\TU/lmr/bx/n/10 . [][][] [][][] [][] [][][] []\TU/lmr/m/it/10 If 
$[][][][] [] [][] [][][][][]$,
[98] [99] [100])
(./chapter/ch03_channel_representations_transfer_matrix_identities.tex [101])
(./chapter/ch03_channel_representations_sic_povms.tex [102] [103] [104]
[105])) (./chapter/ch04_positive_not_cp.tex [106]
Chapter 4.
(./chapter/ch04_positive_not_cp_trace_normalization_and_lorentz_cone.tex
[107]) (./chapter/ch04_positive_not_cp_two_positive_schmidt_and_choi.tex

Package hyperref Warning: Token not allowed in a PDF string (Unicode):
(hyperref)                removing `math shift' on input line 1.


Package hyperref Warning: Token not allowed in a PDF string (Unicode):
(hyperref)                removing `math shift' on input line 1.

[108] [109] [110] [111] [112] [113]
Overfull \hbox (1.33026pt too wide) in paragraph at lines 743--748
[] [][][] \TU/lmr/m/n/10 The forward direction is Theorem [][]4.2.3.8[][]. The 
reverse direction is Theorem [][]4.2.3.9[][].
[114]) (./chapter/ch04_positive_not_cp_npositivity_infimum.tex [115] [116])
(./chapter/ch04_positive_not_cp_positivity_reduction_and_breuer_hall.tex
[117] [118] [119] [120] [121] [122] [123]
Overfull \hbox (7.63916pt too wide) in paragraph at lines 751--758
[] [][][] []\TU/lmr/m/n/10 A positive semidefinite matrix is a sum of rank-one 
operators $[][][][][][]$. By Lemma [][]4.7.2[][]
[124]) (./chapter/ch04_positive_not_cp_choi_and_decomposable_maps.tex [125]
[126] [127] [128]
Overfull \hbox (5.33284pt too wide) in paragraph at lines 402--411
[]\TU/lmr/m/n/10 The comparison cannot in general be made strict. For $[][][] [
][] [][] [] [][][] [][] [][]$ and $[] [] [][][] [][] [][] [][] [][]$,
[129] [130] [131] [132] [133] [134] [135] [136] [137] [138] [139])
(./chapter/ch04_positive_not_cp_ppt_and_separable_states.tex [140] [141]
Overfull \hbox (3.90086pt too wide) in paragraph at lines 211--219
\TU/lmr/m/n/10 A bipartite state is separable when it is a convex combination o
f pure product states $[][] [][] [][][][][][][][] []
[142]) (./chapter/ch04_positive_not_cp_schmidt_number_and_entanglement.tex
[143] [144] [145]) (./chapter/ch04_positive_not_cp_kramers_degeneracy.tex
[146] [147])) (./chapter/ch04_positive_not_cp_supporting_results.tex [148]
Overfull \hbox (3.34654pt too wide) in paragraph at lines 185--189
[][]\TU/lmr/bx/n/10 Lemma 4.17.2 \TU/lmr/m/n/10 (Rank factorization through a c
oordinate space)\TU/lmr/bx/n/10 . [][][] [][][] [][] [][][] \TU/lmr/m/it/10 If 
$[] [] [][][][][][][][]$
[149]
Overfull \hbox (7.86009pt too wide) in paragraph at lines 264--269
[] [][][] \TU/lmr/m/n/10 The eigenvectors form an orthonormal basis, so with $[
] [] [][][]$ one has $[][] [][][][][][][][][] []
[150]
Overfull \hbox (7.40033pt too wide) in paragraph at lines 331--340
\TU/lmr/m/n/10 Choi criterion, the rectangular compression criterion, and the r
ank-$[]$ projection criterion. Through-
[151] [152] [153]
Overfull \hbox (0.84254pt too wide) in paragraph at lines 680--684
[][]\TU/lmr/bx/n/10 Lemma 4.19.16 \TU/lmr/m/n/10 (Rank-$[]$ Hermitian projectio
n factorization)\TU/lmr/bx/n/10 . [][][] [][][] [][] [][][] \TU/lmr/m/it/10 Let
 $[] [] [][][][][][][][]$

Package hyperref Warning: Token not allowed in a PDF string (Unicode):
(hyperref)                removing `math shift' on input line 703.


Package hyperref Warning: Token not allowed in a PDF string (Unicode):
(hyperref)                removing `math shift' on input line 703.

[154]
Overfull \hbox (9.13817pt too wide) in paragraph at lines 796--796
[]\TU/lmr/bx/n/14.4 Schmidt-number geometry and entanglement witnesses 
[155] [156]) (./chapter/ch04_convex_structure.tex [157]
Chapter 5.
[158] [159]
Overfull \hbox (0.17003pt too wide) in paragraph at lines 312--325
[] [][][] []\TU/lmr/m/n/10 The equality constraints and equality of the objecti
ves give $[][][][][] [] [][] [][][][][][][][] []
) (./chapter/ch05_schwarz.tex [160]
Chapter 6.
(./chapter/ch05_schwarz_ft_core.tex [161] [162])
(./chapter/ch05_schwarz_retractions_and_peripheral_equality.tex [163] [164])
(./chapter/ch05_schwarz_douglas.tex [165])
(./chapter/ch05_schwarz_schur_complement.tex)
(./chapter/ch05_schwarz_abstract_domains_and_order.tex [166] [167] [168]
[169] [170]
Overfull \hbox (41.15291pt too wide) in paragraph at lines 495--501
\TU/lmr/m/it/10 This is the pseudoinverse-free form of [[], Eq. (5.4)]: the usu
al statement $[][][][][][] [][][][][][][][][][][][][] []

Overfull \hbox (2.29807pt too wide) in paragraph at lines 506--517
\TU/lmr/m/n/10 Evaluating the PSD quadratic form on the vector $[][][] [][][]$ 
and using the side condition $[][][][][][][] []
[171]
Overfull \hbox (7.76178pt too wide) in paragraph at lines 644--649
[][]\TU/lmr/bx/n/10 Definition 6.9.2.7 \TU/lmr/m/n/10 (Per-$[]$ Schwarz hypothe
sis)\TU/lmr/bx/n/10 . [][][] [][][] [][] [][][] []\TU/lmr/m/n/10 A complex-line
ar map $[] [] [][][][][] []

Overfull \hbox (2.08957pt too wide) in paragraph at lines 693--701
[][]\TU/lmr/bx/n/10 Theorem 6.9.2.10 \TU/lmr/m/n/10 (Equality in the operator S
chwarz inequality)\TU/lmr/bx/n/10 . [][][] [][][] [][] [][][] [][]\TU/lmr/m/it/
10 Let $[] [] [][][][][] []
[172])) (./chapter/ch05_schwarz_supporting_results.tex
Overfull \hbox (3.5749pt too wide) in paragraph at lines 49--53
[][]\TU/lmr/bx/n/10 Theorem 6.11.3 \TU/lmr/m/n/10 (Nondegeneracy of the trace p
airing)\TU/lmr/bx/n/10 . [][][] [][][] [][] [][][] \TU/lmr/m/it/10 For $[] [] [
][][][][]$, $[][][][][] []
[173] [174]
Overfull \hbox (4.08379pt too wide) in paragraph at lines 287--287
[]\TU/lmr/bx/n/14.4 Faithful weighted traces and peripheral Schwarz equal-
[175]) (./chapter/ch06_operator_convexity.tex [176]
Chapter 7.
(./chapter/ch06_operator_convexity_schwarz_and_jensen.tex [177] [178] [179]
[180] [181] [182] [183])
(./chapter/ch06_operator_convexity_lieb_and_resolvent.tex [184] [185]
Overfull \hbox (2.84213pt too wide) in paragraph at lines 266--281
\TU/lmr/m/it/10 matrix $[]$, and positive-\TU/lmr/m/n/10 semidefinite \TU/lmr/m
/it/10 matrices $[][][] [][][] [][][] [][]$, the map $[][][] [][] [] [] [][][][
][][][][][][]$
[186] [187]) (./chapter/ch06_operator_convexity_matrix_means.tex
Overfull \hbox (5.76697pt too wide) in paragraph at lines 37--40
[]\TU/lmr/m/it/10 for $[] [] [] [] []$ the mean is monotone in each argument, a
nd for every vector $[]$, $[][][] [][][][][][][][] []
[188] [189]
Overfull \hbox (13.00826pt too wide) in paragraph at lines 197--206
[] [][][] []\TU/lmr/m/n/10 By the chain rule, $[][][][][][] [] [][][][][][][][]
[][][][][][][][]$ with $[] [] [][][][][]$,
[190]
Overfull \hbox (11.05424pt too wide) in paragraph at lines 279--281
\TU/lmr/m/n/10 For $[] [] [] [] [][][]$ let $[][][][][] [] [][][][][][] [][][][
][][]$ with $[][][][][] [] [][]$, and $[][][][][] [] [][][][][][][][][][][][][]
[] []
[191])) (./chapter/ch07_qpf.tex [192]
Chapter 8.
(./chapter/ch07_qpf_cesaro_fixed_points.tex
Overfull \hbox (29.7827pt too wide) in paragraph at lines 45--49
[] [][][] \TU/lmr/m/n/10 Pigeonhole principle on the integer lattice of side $[
][]$: the $[][] [] []$ points $[][][][][][][] [] [] [][][][][][]$
[193] [194] [195] [196]) (./chapter/ch07_qpf_weighted_cesaro.tex [197] [198])
[199] [200] [201] [202] [203] [204] [205] [206] [207]
Overfull \hbox (2.23955pt too wide) in paragraph at lines 1037--1043
[][]\TU/lmr/bx/n/10 Theorem 8.9.8 \TU/lmr/m/n/10 (Eigenvalue $[]$ for positive 
trace-preserving maps)\TU/lmr/bx/n/10 . [][][] [][][] [][] [][][] [][]\TU/lmr/m
/it/10 Let $[] [] [][][][][] []
[208]
Overfull \hbox (5.01353pt too wide) in paragraph at lines 1228--1243
[][]\TU/lmr/bx/n/10 Theorem 8.12.1 \TU/lmr/m/n/10 (Positive fixed-point decompo
sition)\TU/lmr/bx/n/10 . [][][] [][][] [][] [][] [][][] [][] [][] [][][] [][] [
][][] [][]\TU/lmr/m/it/10 Let $[] [] [] [][][][][] []
[209] (./chapter/ch07_qpf_irreducibility_and_ergodicity.tex [210] [211]
[212])) (./chapter/ch07_qpf_supporting_results.tex [213]
Overfull \hbox (1.41978pt too wide) in paragraph at lines 6--6
[]\TU/lmr/bx/n/14.4 Density matrices, Brouwer’s theorem, and Cesàro lim-
[214] [215] [216] [217]) (./chapter/ch08_spectral.tex [218]
Chapter 9.
(./chapter/ch08_spectral_ft_peripheral_cyclic.tex [219] [220])
(./chapter/ch08_spectral_supporting_results.tex [221] [222] [223] [224]))
(./chapter/ch09_channel_asymptotics.tex [225]
Chapter 10.
(./chapter/ch09_channel_asymptotics_jordan_block_power.tex [226])
(./chapter/ch09_channel_asymptotics_upper_triangular_power.tex [227] [228]
[229]) (./chapter/ch09_channel_asymptotics_detailed_balance.tex [230])
(./chapter/ch09_channel_asymptotics_mean_ergodic.tex [231] [232] [233])
(./chapter/ch09_channel_asymptotics_fixed_point_algebras.tex [234])
(./chapter/ch09_channel_asymptotics_fixed_points_and_wedderburn_i.tex [235]
[236] [237] [238] [239] [240] [241] [242] [243]
Overfull \hbox (11.51134pt too wide) in paragraph at lines 982--989
[] [][][] []\TU/lmr/m/n/10 Each pair $[] [] [][]$, $[][] [] [][]$ is of differe
nt type, hence orthogonal by Lemma [][]10.5.22[][].
) (./chapter/ch09_channel_asymptotics_wedderburn_ii.tex [244]
Overfull \hbox (8.43947pt too wide) in paragraph at lines 35--39
[]\TU/lmr/m/n/10 Finally, let $[] [] [][]$ and $[][] [] [][]$ be irreducible un
der $[]$, with $[][] [] [][]$. By Lemma [][]10.5.24[][],
[245] [246]
Overfull \hbox (27.08902pt too wide) in paragraph at lines 176--184
[][]\TU/lmr/bx/n/10 Lemma 10.6.5 \TU/lmr/m/n/10 (Unitary change of basis to blo
ck-diagonal form)\TU/lmr/bx/n/10 . [][][] [][][] [][] [][][] \TU/lmr/m/it/10 Le
t $[][][][][]$
[247] [248] [249] [250] [251] [252] [253])
(./chapter/ch09_channel_asymptotics_corner_and_overlap_decompositions.tex
[254] [255] [256])
(./chapter/ch09_channel_asymptotics_direct_sum_schwarz_maps.tex [257] [258]
Overfull \hbox (3.03027pt too wide) in paragraph at lines 188--201
[] [][][] \TU/lmr/m/n/10 Complete positivity and trace preservation make both t
race adjoints unital Schwarz
[259] [260] [261] [262]

Package hyperref Warning: Token not allowed in a PDF string (Unicode):
(hyperref)                removing `math shift' on input line 616.


Package hyperref Warning: Token not allowed in a PDF string (Unicode):
(hyperref)                removing `math shift' on input line 616.

[263])
(./chapter/ch09_channel_asymptotics_direct_sum_corners_and_maximal_support.tex
[264] [265]
Overfull \hbox (1.70528pt too wide) in paragraph at lines 194--196
[]\TU/lmr/m/n/10 Closure under multiplication transports back through the corre
spondence. A corner-supported
[266] [267] [268] [269])
(./chapter/ch09_channel_asymptotics_fixed_point_structure_and_cycles.tex
[270] [271] [272]
Overfull \hbox (31.08292pt too wide) in paragraph at lines 346--352
[] [][][] []\TU/lmr/m/n/10 In the spectral decomposition $[] [] [] [][][][][][]
$, the support projection is $[] [][][][][][][]$.
[273]
Overfull \hbox (137.52632pt too wide) in paragraph at lines 485--490
[]\TU/lmr/m/n/10 The declarations \TU/lmtt/m/n/10 Kraus.maximalSupport_of_maxim
alRank \TU/lmr/m/n/10 and \TU/lmtt/m/n/10 Kraus.exists_weightedCorner_sqrt_eq_o
f_maximalRank

Overfull \hbox (15.73227pt too wide) in paragraph at lines 501--505
[][]\TU/lmr/bx/n/10 Definition 10.12.1 \TU/lmr/m/n/10 (Exact Kraus word spans)\
TU/lmr/bx/n/10 . [][][] [][][] [][] [][][] \TU/lmr/m/n/10 For a finite Kraus fa
mily $[][][] [] [] [][] []
[274]
Overfull \hbox (11.32634pt too wide) in paragraph at lines 567--571
\TU/lmr/m/n/10 This section develops the block-permutation structure underlying
 the cycle decomposition of [[],
[275] [276] [277]
Overfull \hbox (26.44983pt too wide) in paragraph at lines 1006--1012
[]\TU/lmr/m/it/10 The compiled statement retains the equivalence $[][]$ and the
 literal zero extension $[][][][] [][] [][] [][]$
[278] [279])) (./chapter/ch09_channel_asymptotics_supporting_results.tex
[280] [281]) (./chapter/ch10_wielandt.tex [282]
Chapter 11.
(./chapter/ch10_wielandt_cumulative_bound.tex
Overfull \hbox (35.38342pt too wide) in paragraph at lines 60--65
[] [][][] []\TU/lmr/m/n/10 Expand the Kraus representation of the $[]$-fold ite
rate. Each summand is $[][][][][] [][][][][][][][] []
[283] [284] [285] [286] [287])) (./chapter/ch10_wielandt_supporting_results.tex
 [288] [289]) (./chapter/ch11_semigroup.tex [290]
Chapter 12.
(./chapter/ch11_semigroup_hermitian_paths.tex [291])
(./chapter/ch11_semigroup_dynamics_and_gksl.tex [292]
Overfull \hbox (20.50978pt too wide) in paragraph at lines 27--30
[][]\TU/lmr/bx/n/10 Definition 12.3.3 \TU/lmr/m/n/10 (Exponential semigroup)\TU
/lmr/bx/n/10 . [][][] [][][] [][][][] [][][] [][] [][][] \TU/lmr/m/n/10 Given a
 generator $[] [] [][][][][][][][][]$,
[293] [294] [295]
Overfull \hbox (8.99596pt too wide) in paragraph at lines 499--508
[] [][][] \TU/lmr/m/n/10 Let $[][][][] [] [][] [][][][][]$. By the cyclic prope
rty of trace, $[][][][][][][] [] [][][][][] [][][][][][][] []
[296] [297] [298] [299] [300])
(./chapter/ch11_semigroup_dissipation_and_primitivity.tex [301] [302] [303]
[304] [305]) (./chapter/ch11_semigroup_adjoint_kernel_and_reducibility.tex
[306] [307] [308]
Overfull \hbox (13.29822pt too wide) in paragraph at lines 355--365
[] [][][] \TU/lmr/m/n/10 The block-upper-triangular structure implies $[]$ pres
erves the compression $[][][][][][][]$.
[309] [310]
Overfull \hbox (8.15552pt too wide) in paragraph at lines 648--655
[][]\TU/lmr/bx/n/10 Theorem 12.9.1.16 \TU/lmr/m/n/10 (Large Kossakowski rank im
plies non-reducibility)\TU/lmr/bx/n/10 . [][][] [][][] [][] [][][] [][][][][][]
\TU/lmr/m/it/10 If $[][][][] []
[311])) (./chapter/ch12_entropy.tex [312]
Chapter 13.
(./chapter/ch12_entropy_trace_norm.tex [313] [314] [315]
Overfull \hbox (5.46825pt too wide) in paragraph at lines 455--463
[] [][][] [][][]\TU/lmr/m/n/10 Let $[][]$ be the support projection of $[][][][
][]$ from Lemma [][]13.1.14[][], so that $[][][][][][] []
[316] [317] [318] [319] [320]) (./chapter/ch12_polar_unitary_correction.tex
[321]) (./chapter/ch12_rectangular_windows.tex [322] [323])
(./chapter/ch12_entropy_majorization.tex)
(./chapter/ch12_entropy_von_neumann_and_relative_i.tex [324] [325] [326]
[327] [328] [329] [330] [331])
(./chapter/ch12_entropy_von_neumann_and_relative_ii.tex [332] [333] [334]
[335] [336] [337] [338] [339]
Overfull \hbox (0.6799pt too wide) in paragraph at lines 1010--1020
[] [][][] [][][]\TU/lmr/m/n/10 Kernel inclusion descends through the partial tr
ace, giving $[][][][] [][] [] [][][][] [][]$.
[340] [341]) (./chapter/ch12_entropy_tripartite_and_ssa_i.tex [342] [343]
[344] [345] [346] [347] [348] [349] [350]
Overfull \hbox (6.02043pt too wide) in paragraph at lines 1009--1015
\TU/lmr/m/it/10 This is the source-$[]$ pointwise-vanishing passage in Jenčová–
Ruskai, arXiv:0903.2895v4, lines 433–
[351] [352]) (./chapter/ch12_entropy_tripartite_and_ssa_ii.tex [353] [354]
[355] [356] [357]
Overfull \hbox (3.43794pt too wide) in paragraph at lines 605--612
[][]\TU/lmr/bx/n/10 Lemma 13.8.39 \TU/lmr/m/n/10 (Relative modular square-root 
ratio on the support)\TU/lmr/bx/n/10 . [][][] [][][] [][] [][][] []\TU/lmr/m/it
/10 Let $[][] [][] [][] []$
[358] [359] [360] [361] [362] [363] [364] [365] [366] [367] [368] [369]
[370] [371]
Overfull \hbox (24.00725pt too wide) in paragraph at lines 2195--2208
[][]$\TU/lmr/m/n/10 . The von Neumann entropy of a weighted orthogonal direct s
um is $[][][][] [][] [][][] [] [] [][] [][] [] [][] []
[372]) (./chapter/ch12_entropy_mutual_information.tex [373]
Overfull \hbox (14.84778pt too wide) in paragraph at lines 118--118
[]\TU/lmr/bx/n/14.4 Mutual information: monotonicity and area-law bound 
[374]) (./chapter/ch12_entropy_data_processing.tex)
(./chapter/ch12_entropy_conditional_continuity.tex [375] [376])
(./chapter/ch12_entropy_classical_operator_schmidt_and_renyi.tex [377] [378]
Overfull \hbox (13.46095pt too wide) in paragraph at lines 159--168
[]\TU/lmr/m/n/10 The minimality theorem at the preceding definition proves that
 the range dimension $[] [] [][]$
[379] [380] [381] [382] [383]
Overfull \hbox (1.78531pt too wide) in paragraph at lines 761--765
\TU/lmr/m/it/10 Thus this theorem reduces the singular-reference case to the fa
ithful comparison. Theorem [][]13.15.14[][]
[384] [385] [386] [387]) (./chapter/ch12_entropy_finite_product.tex [388]
[389]) (./chapter/ch12_entropy_conditional_two_families.tex)
(./chapter/ch12_entropy_physical_buffer_overlap.tex [390] [391] [392])
(./chapter/ch12_entropy_doubled_system_gap.tex [393])
(./fragment/iid_surprisal.tex [394]
Overfull \hbox (9.80414pt too wide) in paragraph at lines 54--61
[] [][][] \TU/lmr/m/n/10 Choose independent samples $[][][] [] [] [][]$ with la
w $[][][][][]$. The sum $[] [] [][] [] [] [][]$
)) (./chapter/ch12_entropy_corollaries.tex [395])
(./chapter/ch13_buffered_filters.tex [396]
Chapter 14.
) (./chapter/ch13_spectral_filter.tex [397]
Chapter 15.
[398] [399] [400]
Overfull \hbox (14.4764pt too wide) in paragraph at lines 402--409
\TU/lmr/m/it/10 There are $[][][] [][] [] []$, depending only on $[][] [][] [][
] [][] []$, such that $[][][][][][] [] [][][][][][][] [] [][][] [][][][] [][][]
[]$
[401]) (./chapter/ch13_marginal_tails.tex [402]
Chapter 16.
[403] [404] [405]) (./chapter/ch13_schur_labels.tex [406]
Chapter 17.
[407] [408]))
(/Users/siruilu/Local/agentFormalization/QICLean/worktrees/area-law-iid-surpris
al/blueprint/print/print.bbl [409]
Underfull \hbox (badness 1158) in paragraph at lines 52--58
[]\TU/lmr/m/n/10 The QICLean contributors.  Exact-rank wording in Wolf’s Choi a
nd wit-

Underfull \hbox (badness 1472) in paragraph at lines 52--58
\TU/lmr/m/n/10 CLean, 2026.  [][]$[][][][][] [] [] [] [][][][][][][][][] [] [][
][] [] [][][][][][][] [] [][][][][][][][][][][] [] [][][][] [] [][][][][] [] []
 []

Underfull \hbox (badness 10000) in paragraph at lines 60--66
\TU/lmr/m/n/10 QICLean, 2026.  [][]$[][][][][] [] [] [] [][][][][][][][][] [] [
][][] [] [][][][][][][] [] [][][][][][][][][][][] [] [][][][][][][] []

Underfull \hbox (badness 1297) in paragraph at lines 68--74
[]\TU/lmr/m/n/10 The QICLean contributors.  The missing order hypothesis in Wol
f’s uni-

Underfull \hbox (badness 5548) in paragraph at lines 68--74
\TU/lmr/m/n/10 QICLean, 2026.  [][]$[][][][][] [] [] [] [][][][][][][][][] [] [
][][] [] [][][][][][][] [] [][][][][][][][][][][] [] [][][][] [] [][][] []

Underfull \hbox (badness 1253) in paragraph at lines 76--81
\TU/lmr/m/n/10 QICLean, 2026.  [][]$[][][][][] [] [] [] [][][][][][][][][] [] [
][][] [] [][][][][][][] [] [][][][][][][][][][][] [] [][][][] [] [][][][][] []
[410]
Underfull \hbox (badness 1478) in paragraph at lines 90--96
[]\TU/lmr/m/n/10 The QICLean contributors.  Scope of Wolf chapter 5 operator co
nvexity

Underfull \hbox (badness 5548) in paragraph at lines 90--96
\TU/lmr/m/n/10 QICLean, 2026.  [][]$[][][][][] [] [] [] [][][][][][][][][] [] [
][][] [] [][][][][][][] [] [][][][][][][][][][][] [] [][][][] [] [][][] []

Underfull \hbox (badness 1817) in paragraph at lines 105--110
\TU/lmr/m/n/10 attainment.  Paper-gap note wolf_slater_attainment_conditions, Q
ICLean,

Underfull \hbox (badness 1803) in paragraph at lines 112--118
[]\TU/lmr/m/n/10 The QICLean contributors.  The structure theorem for finite-di
mensional

Underfull \hbox (badness 10000) in paragraph at lines 112--118
[][]$\TU/lmr/m/n/10 -algebras: Matrix-realized single-block scope.  Paper-gap n
ote

Underfull \hbox (badness 5548) in paragraph at lines 120--126
\TU/lmr/m/n/10 QICLean, 2026.  [][]$[][][][][] [] [] [] [][][][][][][][][] [] [
][][] [] [][][][][][][] [] [][][][][][][][][][][] [] [][][][] [] [][][] []

Underfull \hbox (badness 1152) in paragraph at lines 128--134
[]\TU/lmr/m/n/10 The QICLean contributors.  Wolf proposition 1.5: Factor and co
ordinate

Underfull \hbox (badness 10000) in paragraph at lines 136--143
[]\TU/lmr/m/n/10 The QICLean contributors.  Wolf proposition 1.6: Complete

Underfull \hbox (badness 10000) in paragraph at lines 136--143
\TU/lmr/m/n/10 positivity from positivity, commutative side.  Paper-gap note

Underfull \hbox (badness 7168) in paragraph at lines 136--143
\TU/lmr/m/n/10 wolf_prop16_cp_positivity_commutative_side, QICLean, 2026.  [][]
$[][][][][] []

Underfull \hbox (badness 10000) in paragraph at lines 136--143
[] [] [][][][][][][][][] [] [][][] [] [][][][][][][] [] [][][][][][][][][][][] 
[] [][][][] [] [][][][][][] [] [][] [] [][][][][][][][][][] []

Underfull \hbox (badness 2884) in paragraph at lines 153--159
\TU/lmr/m/n/10 QICLean, 2026.  [][]$[][][][][] [] [] [] [][][][][][][][][] [] [
][][] [] [][][][][][][] [] [][][][][][][][][][][] [] [][][][] [] [][][][] []
[411]
Underfull \hbox (badness 3428) in paragraph at lines 168--174
[]\TU/lmr/m/n/10 The QICLean contributors.  Yamagami’s simultaneous-singularity
 bound-

Underfull \hbox (badness 1253) in paragraph at lines 168--174
\TU/lmr/m/n/10 QICLean, 2026.  [][]$[][][][][] [] [] [] [][][][][][][][][] [] [
][][] [] [][][][][][][] [] [][][][][][][][][][][] [] [][][][][][][][][][] []

Underfull \hbox (badness 2376) in paragraph at lines 176--182
\TU/lmr/m/n/10 ity characterization and Hayashi–Markov decomposition.  Paper-ga
p note

Underfull \hbox (badness 2376) in paragraph at lines 184--190
\TU/lmr/m/n/10 TNLean, 2026.  [][]$[][][][][] [] [] [] [][][][][][][][][] [] []
[][] [] [][][][][][] [] [][][][][][][][][][][] [] [][][][][][] [] [][][][] []
[412]
Underfull \hbox (badness 10000) in paragraph at lines 288--293
[]\TU/lmr/m/n/10 OpenAI.  Polynomial peps approximation of gapped square-

Underfull \hbox (badness 10000) in paragraph at lines 288--293
\TU/lmr/m/n/10 grid ground states, 2026.  September 24, 2026; source revision
[413]) [414]
(/Users/siruilu/Local/agentFormalization/QICLean/worktrees/area-law-iid-surpris
al/blueprint/print/print.aux)

LaTeX Warning: Label(s) may have changed. Rerun to get cross-references right.

 )
(see the transcript file for additional information)
Output written on /Users/siruilu/Local/agentFormalization/QICLean/worktrees/are
a-law-iid-surprisal/blueprint/print/print.pdf (415 pages).
SyncTeX written on /Users/siruilu/Local/agentFormalization/QICLean/worktrees/area-law-iid-surprisal/blueprint/print/print.synctex.gz.
Transcript written on /Users/siruilu/Local/agentFormalization/QICLean/worktrees
/area-law-iid-surprisal/blueprint/print/print.log.
Latexmk: Getting log file '/Users/siruilu/Local/agentFormalization/QICLean/worktrees/area-law-iid-surprisal/blueprint/print/print.log'
Latexmk: Examining '/Users/siruilu/Local/agentFormalization/QICLean/worktrees/area-law-iid-surprisal/blueprint/print/print.fls'
Latexmk: Examining '/Users/siruilu/Local/agentFormalization/QICLean/worktrees/area-law-iid-surprisal/blueprint/print/print.log'
Latexmk: Found input bbl file '/Users/siruilu/Local/agentFormalization/QICLean/worktrees/area-law-iid-surprisal/blueprint/print/print.bbl'
Latexmk: References changed.
Latexmk: Log file says output to '/Users/siruilu/Local/agentFormalization/QICLean/worktrees/area-law-iid-surprisal/blueprint/print/print.pdf'
Latexmk: Using bibtex to make bibliography file(s).
  ===Source file '/Users/siruilu/Local/agentFormalization/QICLean/worktrees/area-law-iid-surprisal/blueprint/print/print.bbl' for 'pdflatex'
Latexmk: Found bibliography file(s):
  ./references.bib
Latexmk: applying rule 'bibtex /Users/siruilu/Local/agentFormalization/QICLean/worktrees/area-law-iid-surprisal/blueprint/print/print'...
Rule 'bibtex /Users/siruilu/Local/agentFormalization/QICLean/worktrees/area-law-iid-surprisal/blueprint/print/print':  Reasons for rerun
Changed files or newly in use/created:
  /Users/siruilu/Local/agentFormalization/QICLean/worktrees/area-law-iid-surprisal/blueprint/print/print.aux

------------
Run number 3 of rule 'bibtex /Users/siruilu/Local/agentFormalization/QICLean/worktrees/area-law-iid-surprisal/blueprint/print/print'
------------
Latexmk: Change directory to '/Users/siruilu/Local/agentFormalization/QICLean/worktrees/area-law-iid-surprisal/blueprint/print/'.
To assist finding of files in document directory, I set
  BIBINPUTS='/Users/siruilu/Local/agentFormalization/QICLean/worktrees/area-law-iid-surprisal/blueprint/src:/Users/siruilu/Local/agentFormalization/QICLean/worktrees/area-law-iid-surprisal/blueprint/print:/Users/siruilu/Local/TEX:'
  BSTINPUTS='/Users/siruilu/Local/agentFormalization/QICLean/worktrees/area-law-iid-surprisal/blueprint/src:/Users/siruilu/Local/TEX:'.
------------
Running 'bibtex  "print.aux"'
------------
This is BibTeX, Version 0.99e (TeX Live 2026/Homebrew)
The top-level auxiliary file: print.aux
The style file: alpha.bst
Database file #1: references.bib
Latexmk: Change directory back to '/Users/siruilu/Local/agentFormalization/QICLean/worktrees/area-law-iid-surprisal/blueprint/src'
Latexmk: applying rule 'pdflatex'...
Rule 'pdflatex':  Reasons for rerun
Changed files or newly in use/created:
  /Users/siruilu/Local/agentFormalization/QICLean/worktrees/area-law-iid-surprisal/blueprint/print/print.aux
  /Users/siruilu/Local/agentFormalization/QICLean/worktrees/area-law-iid-surprisal/blueprint/print/print.toc

------------
Run number 4 of rule 'pdflatex'
------------
------------
Running 'xelatex -synctex=1  -recorder -output-directory="/Users/siruilu/Local/agentFormalization/QICLean/worktrees/area-law-iid-surprisal/blueprint/print"  "print.tex"'
------------
This is XeTeX, Version 3.141592653-2.6-0.999998 (TeX Live 2026/Homebrew) (preloaded format=xelatex)
 restricted \write18 enabled.
entering extended mode
(./print.tex
LaTeX2e <2025-11-01>
L3 programming layer <2026-01-19>

(/opt/homebrew/Cellar/texlive/20260301/share/texmf-dist/tex/latex/base/report.c
ls
Document Class: report 2025/01/22 v1.4n Standard LaTeX document class

(/opt/homebrew/Cellar/texlive/20260301/share/texmf-dist/tex/latex/base/size10.c
lo))
(/opt/homebrew/Cellar/texlive/20260301/share/texmf-dist/tex/latex/geometry/geom
etry.sty
(/opt/homebrew/Cellar/texlive/20260301/share/texmf-dist/tex/latex/graphics/keyv
al.sty)
(/opt/homebrew/Cellar/texlive/20260301/share/texmf-dist/tex/generic/iftex/ifvte
x.sty
(/opt/homebrew/Cellar/texlive/20260301/share/texmf-dist/tex/generic/iftex/iftex
.sty)))
(/opt/homebrew/Cellar/texlive/20260301/share/texmf-dist/tex/latex/l3kernel/expl
3.sty
(/opt/homebrew/Cellar/texlive/20260301/share/texmf-dist/tex/latex/l3backend/l3b
ackend-xetex.def))
(/opt/homebrew/Cellar/texlive/20260301/share/texmf-dist/tex/latex/amsfonts/amss
ymb.sty
(/opt/homebrew/Cellar/texlive/20260301/share/texmf-dist/tex/latex/amsfonts/amsf
onts.sty))
(/opt/homebrew/Cellar/texlive/20260301/share/texmf-dist/tex/latex/amscls/amsthm
.sty)
(/opt/homebrew/Cellar/texlive/20260301/share/texmf-dist/tex/latex/mathtools/mat
htools.sty
(/opt/homebrew/Cellar/texlive/20260301/share/texmf-dist/tex/latex/tools/calc.st
y)
(/opt/homebrew/Cellar/texlive/20260301/share/texmf-dist/tex/latex/mathtools/mhs
etup.sty)
(/opt/homebrew/Cellar/texlive/20260301/share/texmf-dist/tex/latex/amsmath/amsma
th.sty
For additional information on amsmath, use the `?' option.

(/opt/homebrew/Cellar/texlive/20260301/share/texmf-dist/tex/latex/amsmath/amste
xt.sty
(/opt/homebrew/Cellar/texlive/20260301/share/texmf-dist/tex/latex/amsmath/amsge
n.sty))
(/opt/homebrew/Cellar/texlive/20260301/share/texmf-dist/tex/latex/amsmath/amsbs
y.sty)
(/opt/homebrew/Cellar/texlive/20260301/share/texmf-dist/tex/latex/amsmath/amsop
n.sty)))
(/opt/homebrew/Cellar/texlive/20260301/share/texmf-dist/tex/latex/pgf/frontendl
ayer/tikz.sty
(/opt/homebrew/Cellar/texlive/20260301/share/texmf-dist/tex/latex/pgf/basiclaye
r/pgf.sty
(/opt/homebrew/Cellar/texlive/20260301/share/texmf-dist/tex/latex/pgf/utilities
/pgfrcs.sty
(/opt/homebrew/Cellar/texlive/20260301/share/texmf-dist/tex/generic/pgf/utiliti
es/pgfutil-common.tex)
(/opt/homebrew/Cellar/texlive/20260301/share/texmf-dist/tex/generic/pgf/utiliti
es/pgfutil-latex.def)
(/opt/homebrew/Cellar/texlive/20260301/share/texmf-dist/tex/generic/pgf/utiliti
es/pgfrcs.code.tex
(/opt/homebrew/Cellar/texlive/20260301/share/texmf-dist/tex/generic/pgf/pgf.rev
ision.tex)))
(/opt/homebrew/Cellar/texlive/20260301/share/texmf-dist/tex/latex/pgf/basiclaye
r/pgfcore.sty
(/opt/homebrew/Cellar/texlive/20260301/share/texmf-dist/tex/latex/graphics/grap
hicx.sty
(/opt/homebrew/Cellar/texlive/20260301/share/texmf-dist/tex/latex/graphics/grap
hics.sty
(/opt/homebrew/Cellar/texlive/20260301/share/texmf-dist/tex/latex/graphics/trig
.sty)
(/opt/homebrew/Cellar/texlive/20260301/share/texmf-dist/tex/latex/graphics-cfg/
graphics.cfg)
(/opt/homebrew/Cellar/texlive/20260301/share/texmf-dist/tex/latex/graphics-def/
xetex.def)))
(/opt/homebrew/Cellar/texlive/20260301/share/texmf-dist/tex/latex/pgf/systemlay
er/pgfsys.sty
(/opt/homebrew/Cellar/texlive/20260301/share/texmf-dist/tex/generic/pgf/systeml
ayer/pgfsys.code.tex
(/opt/homebrew/Cellar/texlive/20260301/share/texmf-dist/tex/generic/pgf/utiliti
es/pgfkeys.code.tex
(/opt/homebrew/Cellar/texlive/20260301/share/texmf-dist/tex/generic/pgf/utiliti
es/pgfkeyslibraryfiltered.code.tex))
(/opt/homebrew/Cellar/texlive/20260301/share/texmf-dist/tex/generic/pgf/systeml
ayer/pgf.cfg)
(/opt/homebrew/Cellar/texlive/20260301/share/texmf-dist/tex/generic/pgf/systeml
ayer/pgfsys-xetex.def
(/opt/homebrew/Cellar/texlive/20260301/share/texmf-dist/tex/generic/pgf/systeml
ayer/pgfsys-dvipdfmx.def
(/opt/homebrew/Cellar/texlive/20260301/share/texmf-dist/tex/generic/pgf/systeml
ayer/pgfsys-common-pdf.def))))
(/opt/homebrew/Cellar/texlive/20260301/share/texmf-dist/tex/generic/pgf/systeml
ayer/pgfsyssoftpath.code.tex)
(/opt/homebrew/Cellar/texlive/20260301/share/texmf-dist/tex/generic/pgf/systeml
ayer/pgfsysprotocol.code.tex))
(/opt/homebrew/Cellar/texlive/20260301/share/texmf-dist/tex/latex/xcolor/xcolor
.sty
(/opt/homebrew/Cellar/texlive/20260301/share/texmf-dist/tex/latex/graphics-cfg/
color.cfg)
(/opt/homebrew/Cellar/texlive/20260301/share/texmf-dist/tex/latex/graphics/math
color.ltx))
(/opt/homebrew/Cellar/texlive/20260301/share/texmf-dist/tex/generic/pgf/basicla
yer/pgfcore.code.tex
(/opt/homebrew/Cellar/texlive/20260301/share/texmf-dist/tex/generic/pgf/math/pg
fmath.code.tex
(/opt/homebrew/Cellar/texlive/20260301/share/texmf-dist/tex/generic/pgf/math/pg
fmathutil.code.tex)
(/opt/homebrew/Cellar/texlive/20260301/share/texmf-dist/tex/generic/pgf/math/pg
fmathparser.code.tex)
(/opt/homebrew/Cellar/texlive/20260301/share/texmf-dist/tex/generic/pgf/math/pg
fmathfunctions.code.tex)
(/opt/homebrew/Cellar/texlive/20260301/share/texmf-dist/tex/generic/pgf/math/pg
fmathfunctions.basic.code.tex)
(/opt/homebrew/Cellar/texlive/20260301/share/texmf-dist/tex/generic/pgf/math/pg
fmathfunctions.trigonometric.code.tex)
(/opt/homebrew/Cellar/texlive/20260301/share/texmf-dist/tex/generic/pgf/math/pg
fmathfunctions.random.code.tex)
(/opt/homebrew/Cellar/texlive/20260301/share/texmf-dist/tex/generic/pgf/math/pg
fmathfunctions.comparison.code.tex)
(/opt/homebrew/Cellar/texlive/20260301/share/texmf-dist/tex/generic/pgf/math/pg
fmathfunctions.base.code.tex)
(/opt/homebrew/Cellar/texlive/20260301/share/texmf-dist/tex/generic/pgf/math/pg
fmathfunctions.round.code.tex)
(/opt/homebrew/Cellar/texlive/20260301/share/texmf-dist/tex/generic/pgf/math/pg
fmathfunctions.misc.code.tex)
(/opt/homebrew/Cellar/texlive/20260301/share/texmf-dist/tex/generic/pgf/math/pg
fmathfunctions.integerarithmetics.code.tex)
(/opt/homebrew/Cellar/texlive/20260301/share/texmf-dist/tex/generic/pgf/math/pg
fmathcalc.code.tex)
(/opt/homebrew/Cellar/texlive/20260301/share/texmf-dist/tex/generic/pgf/math/pg
fmathfloat.code.tex))
(/opt/homebrew/Cellar/texlive/20260301/share/texmf-dist/tex/generic/pgf/math/pg
fint.code.tex)
(/opt/homebrew/Cellar/texlive/20260301/share/texmf-dist/tex/generic/pgf/basicla
yer/pgfcorepoints.code.tex)
(/opt/homebrew/Cellar/texlive/20260301/share/texmf-dist/tex/generic/pgf/basicla
yer/pgfcorepathconstruct.code.tex)
(/opt/homebrew/Cellar/texlive/20260301/share/texmf-dist/tex/generic/pgf/basicla
yer/pgfcorepathusage.code.tex)
(/opt/homebrew/Cellar/texlive/20260301/share/texmf-dist/tex/generic/pgf/basicla
yer/pgfcorescopes.code.tex)
(/opt/homebrew/Cellar/texlive/20260301/share/texmf-dist/tex/generic/pgf/basicla
yer/pgfcoregraphicstate.code.tex)
(/opt/homebrew/Cellar/texlive/20260301/share/texmf-dist/tex/generic/pgf/basicla
yer/pgfcoretransformations.code.tex)
(/opt/homebrew/Cellar/texlive/20260301/share/texmf-dist/tex/generic/pgf/basicla
yer/pgfcorequick.code.tex)
(/opt/homebrew/Cellar/texlive/20260301/share/texmf-dist/tex/generic/pgf/basicla
yer/pgfcoreobjects.code.tex)
(/opt/homebrew/Cellar/texlive/20260301/share/texmf-dist/tex/generic/pgf/basicla
yer/pgfcorepathprocessing.code.tex)
(/opt/homebrew/Cellar/texlive/20260301/share/texmf-dist/tex/generic/pgf/basicla
yer/pgfcorearrows.code.tex)
(/opt/homebrew/Cellar/texlive/20260301/share/texmf-dist/tex/generic/pgf/basicla
yer/pgfcoreshade.code.tex)
(/opt/homebrew/Cellar/texlive/20260301/share/texmf-dist/tex/generic/pgf/basicla
yer/pgfcoreimage.code.tex)
(/opt/homebrew/Cellar/texlive/20260301/share/texmf-dist/tex/generic/pgf/basicla
yer/pgfcoreexternal.code.tex)
(/opt/homebrew/Cellar/texlive/20260301/share/texmf-dist/tex/generic/pgf/basicla
yer/pgfcorelayers.code.tex)
(/opt/homebrew/Cellar/texlive/20260301/share/texmf-dist/tex/generic/pgf/basicla
yer/pgfcoretransparency.code.tex)
(/opt/homebrew/Cellar/texlive/20260301/share/texmf-dist/tex/generic/pgf/basicla
yer/pgfcorepatterns.code.tex)
(/opt/homebrew/Cellar/texlive/20260301/share/texmf-dist/tex/generic/pgf/basicla
yer/pgfcorerdf.code.tex)))
(/opt/homebrew/Cellar/texlive/20260301/share/texmf-dist/tex/generic/pgf/modules
/pgfmoduleshapes.code.tex)
(/opt/homebrew/Cellar/texlive/20260301/share/texmf-dist/tex/generic/pgf/modules
/pgfmoduleplot.code.tex)
(/opt/homebrew/Cellar/texlive/20260301/share/texmf-dist/tex/latex/pgf/compatibi
lity/pgfcomp-version-0-65.sty)
(/opt/homebrew/Cellar/texlive/20260301/share/texmf-dist/tex/latex/pgf/compatibi
lity/pgfcomp-version-1-18.sty))
(/opt/homebrew/Cellar/texlive/20260301/share/texmf-dist/tex/latex/pgf/utilities
/pgffor.sty
(/opt/homebrew/Cellar/texlive/20260301/share/texmf-dist/tex/latex/pgf/utilities
/pgfkeys.sty
(/opt/homebrew/Cellar/texlive/20260301/share/texmf-dist/tex/generic/pgf/utiliti
es/pgfkeys.code.tex))
(/opt/homebrew/Cellar/texlive/20260301/share/texmf-dist/tex/latex/pgf/math/pgfm
ath.sty
(/opt/homebrew/Cellar/texlive/20260301/share/texmf-dist/tex/generic/pgf/math/pg
fmath.code.tex))
(/opt/homebrew/Cellar/texlive/20260301/share/texmf-dist/tex/generic/pgf/utiliti
es/pgffor.code.tex))
(/opt/homebrew/Cellar/texlive/20260301/share/texmf-dist/tex/generic/pgf/fronten
dlayer/tikz/tikz.code.tex
(/opt/homebrew/Cellar/texlive/20260301/share/texmf-dist/tex/generic/pgf/librari
es/pgflibraryplothandlers.code.tex)
(/opt/homebrew/Cellar/texlive/20260301/share/texmf-dist/tex/generic/pgf/modules
/pgfmodulematrix.code.tex)
(/opt/homebrew/Cellar/texlive/20260301/share/texmf-dist/tex/generic/pgf/fronten
dlayer/tikz/libraries/tikzlibrarytopaths.code.tex)))
(/opt/homebrew/Cellar/texlive/20260301/share/texmf-dist/tex/latex/hyperref/hype
rref.sty
(/opt/homebrew/Cellar/texlive/20260301/share/texmf-dist/tex/latex/kvsetkeys/kvs
etkeys.sty)
(/opt/homebrew/Cellar/texlive/20260301/share/texmf-dist/tex/generic/kvdefinekey
s/kvdefinekeys.sty)
(/opt/homebrew/Cellar/texlive/20260301/share/texmf-dist/tex/generic/pdfescape/p
dfescape.sty
(/opt/homebrew/Cellar/texlive/20260301/share/texmf-dist/tex/generic/ltxcmds/ltx
cmds.sty)
(/opt/homebrew/Cellar/texlive/20260301/share/texmf-dist/tex/generic/pdftexcmds/
pdftexcmds.sty
(/opt/homebrew/Cellar/texlive/20260301/share/texmf-dist/tex/generic/infwarerr/i
nfwarerr.sty)))
(/opt/homebrew/Cellar/texlive/20260301/share/texmf-dist/tex/latex/hycolor/hycol
or.sty)
(/opt/homebrew/Cellar/texlive/20260301/share/texmf-dist/tex/latex/hyperref/name
ref.sty
(/opt/homebrew/Cellar/texlive/20260301/share/texmf-dist/tex/latex/refcount/refc
ount.sty)
(/opt/homebrew/Cellar/texlive/20260301/share/texmf-dist/tex/generic/gettitlestr
ing/gettitlestring.sty
(/opt/homebrew/Cellar/texlive/20260301/share/texmf-dist/tex/latex/kvoptions/kvo
ptions.sty)))
(/opt/homebrew/Cellar/texlive/20260301/share/texmf-dist/tex/latex/etoolbox/etoo
lbox.sty)
(/opt/homebrew/Cellar/texlive/20260301/share/texmf-dist/tex/generic/stringenc/s
tringenc.sty)
(/opt/homebrew/Cellar/texlive/20260301/share/texmf-dist/tex/latex/hyperref/pd1e
nc.def)
(/opt/homebrew/Cellar/texlive/20260301/share/texmf-dist/tex/generic/intcalc/int
calc.sty)
(/opt/homebrew/Cellar/texlive/20260301/share/texmf-dist/tex/latex/hyperref/puen
c.def)
(/opt/homebrew/Cellar/texlive/20260301/share/texmf-dist/tex/latex/url/url.sty)
(/opt/homebrew/Cellar/texlive/20260301/share/texmf-dist/tex/generic/bitset/bits
et.sty
(/opt/homebrew/Cellar/texlive/20260301/share/texmf-dist/tex/generic/bigintcalc/
bigintcalc.sty)))
(/opt/homebrew/Cellar/texlive/20260301/share/texmf-dist/tex/latex/hyperref/hxet
ex.def
(/opt/homebrew/Cellar/texlive/20260301/share/texmf-dist/tex/latex/rerunfilechec
k/rerunfilecheck.sty
(/opt/homebrew/Cellar/texlive/20260301/share/texmf-dist/tex/generic/uniquecount
er/uniquecounter.sty)))
(/opt/homebrew/Cellar/texlive/20260301/share/texmf-dist/tex/latex/unicode-math/
unicode-math.sty
(/opt/homebrew/Cellar/texlive/20260301/share/texmf-dist/tex/latex/unicode-math/
unicode-math-xetex.sty
(/opt/homebrew/Cellar/texlive/20260301/share/texmf-dist/tex/latex/l3packages/xp
arse/xparse.sty)
(/opt/homebrew/Cellar/texlive/20260301/share/texmf-dist/tex/latex/l3packages/l3
keys2e/l3keys2e.sty)
(/opt/homebrew/Cellar/texlive/20260301/share/texmf-dist/tex/latex/fontspec/font
spec.sty
(/opt/homebrew/Cellar/texlive/20260301/share/texmf-dist/tex/latex/fontspec/font
spec-xetex.sty
(/opt/homebrew/Cellar/texlive/20260301/share/texmf-dist/tex/latex/base/fontenc.
sty)
(/opt/homebrew/Cellar/texlive/20260301/share/texmf-dist/tex/latex/fontspec/font
spec.cfg)))
(/opt/homebrew/Cellar/texlive/20260301/share/texmf-dist/tex/latex/base/fix-cm.s
ty
(/opt/homebrew/Cellar/texlive/20260301/share/texmf-dist/tex/latex/base/ts1enc.d
ef))
(/opt/homebrew/Cellar/texlive/20260301/share/texmf-dist/tex/latex/unicode-math/
unicode-math-table.tex))) (./macros/common.tex) (./macros/print.tex)
(/Users/siruilu/Local/agentFormalization/QICLean/worktrees/area-law-iid-surpris
al/.deps/tenkz/tex/tenkz/tenkz.sty
(/opt/homebrew/Cellar/texlive/20260301/share/texmf-dist/tex/generic/pgf/fronten
dlayer/tikz/libraries/tikzlibrarycalc.code.tex)
(/opt/homebrew/Cellar/texlive/20260301/share/texmf-dist/tex/generic/pgf/librari
es/pgflibraryarrows.meta.code.tex)
(/opt/homebrew/Cellar/texlive/20260301/share/texmf-dist/tex/generic/pgf/fronten
dlayer/tikz/libraries/tikzlibrarybackgrounds.code.tex)
(/opt/homebrew/Cellar/texlive/20260301/share/texmf-dist/tex/generic/pgf/fronten
dlayer/tikz/libraries/tikzlibrarydecorations.pathreplacing.code.tex
(/opt/homebrew/Cellar/texlive/20260301/share/texmf-dist/tex/generic/pgf/fronten
dlayer/tikz/libraries/tikzlibrarydecorations.code.tex
(/opt/homebrew/Cellar/texlive/20260301/share/texmf-dist/tex/generic/pgf/modules
/pgfmoduledecorations.code.tex))
(/opt/homebrew/Cellar/texlive/20260301/share/texmf-dist/tex/generic/pgf/librari
es/decorations/pgflibrarydecorations.pathreplacing.code.tex))
(/opt/homebrew/Cellar/texlive/20260301/share/texmf-dist/tex/generic/pgf/fronten
dlayer/tikz/libraries/tikzlibrarydecorations.markings.code.tex
(/opt/homebrew/Cellar/texlive/20260301/share/texmf-dist/tex/generic/pgf/librari
es/decorations/pgflibrarydecorations.markings.code.tex))
(/opt/homebrew/Cellar/texlive/20260301/share/texmf-dist/tex/generic/pgf/fronten
dlayer/tikz/libraries/tikzlibraryfit.code.tex)
(/opt/homebrew/Cellar/texlive/20260301/share/texmf-dist/tex/generic/pgf/fronten
dlayer/tikz/libraries/tikzlibraryshapes.geometric.code.tex
(/opt/homebrew/Cellar/texlive/20260301/share/texmf-dist/tex/generic/pgf/librari
es/shapes/pgflibraryshapes.geometric.code.tex))
(/opt/homebrew/Cellar/texlive/20260301/share/texmf-dist/tex/latex/hobby/tikzlib
raryhobby.code.tex
(/opt/homebrew/Cellar/texlive/20260301/share/texmf-dist/tex/latex/hobby/pgflibr
aryhobby.code.tex
(/opt/homebrew/Cellar/texlive/20260301/share/texmf-dist/tex/latex/hobby/hobby.c
ode.tex
(/opt/homebrew/Cellar/texlive/20260301/share/texmf-dist/tex/latex/hobby/pml3arr
ay.sty))))
(/opt/homebrew/Cellar/texlive/20260301/share/texmf-dist/tex/latex/spath3/tikzli
braryspath3.code.tex
(/opt/homebrew/Cellar/texlive/20260301/share/texmf-dist/tex/latex/spath3/spath3
.sty))
(/opt/homebrew/Cellar/texlive/20260301/share/texmf-dist/tex/generic/pgf/fronten
dlayer/tikz/libraries/tikzlibraryintersections.code.tex
(/opt/homebrew/Cellar/texlive/20260301/share/texmf-dist/tex/generic/pgf/librari
es/pgflibraryintersections.code.tex
(/opt/homebrew/Cellar/texlive/20260301/share/texmf-dist/tex/generic/pgf/librari
es/pgflibraryfpu.code.tex)))
(/Users/siruilu/Local/agentFormalization/QICLean/worktrees/area-law-iid-surpris
al/.deps/tenkz/tex/tenkz/tenkz-language.code.tex
(/Users/siruilu/Local/agentFormalization/QICLean/worktrees/area-law-iid-surpris
al/.deps/tenkz/tex/tenkz/tenkz-language-registry.tex))
(/Users/siruilu/Local/agentFormalization/QICLean/worktrees/area-law-iid-surpris
al/.deps/tenkz/tex/tenkz/tenkz-model.code.tex)
(/Users/siruilu/Local/agentFormalization/QICLean/worktrees/area-law-iid-surpris
al/.deps/tenkz/tex/tenkz/tenkz-core.code.tex)
(/Users/siruilu/Local/agentFormalization/QICLean/worktrees/area-law-iid-surpris
al/.deps/tenkz/tex/tenkz/tenkz-metric.code.tex)
(/Users/siruilu/Local/agentFormalization/QICLean/worktrees/area-law-iid-surpris
al/.deps/tenkz/tex/tenkz/tenkz-geometry.code.tex)
(/Users/siruilu/Local/agentFormalization/QICLean/worktrees/area-law-iid-surpris
al/.deps/tenkz/tex/tenkz/tenkz-string.code.tex)
(/Users/siruilu/Local/agentFormalization/QICLean/worktrees/area-law-iid-surpris
al/.deps/tenkz/tex/tenkz/tenkz-tree.code.tex)
(/Users/siruilu/Local/agentFormalization/QICLean/worktrees/area-law-iid-surpris
al/.deps/tenkz/tex/tenkz/tenkz-render.code.tex)
(/Users/siruilu/Local/agentFormalization/QICLean/worktrees/area-law-iid-surpris
al/.deps/tenkz/tex/tenkz/tenkz-kernel.code.tex
(/Users/siruilu/Local/agentFormalization/QICLean/worktrees/area-law-iid-surpris
al/.deps/tenkz/tex/tenkz/tenkz-kernel-language.code.tex)
(/Users/siruilu/Local/agentFormalization/QICLean/worktrees/area-law-iid-surpris
al/.deps/tenkz/tex/tenkz/tenkz-kernel-policy.code.tex)
(/Users/siruilu/Local/agentFormalization/QICLean/worktrees/area-law-iid-surpris
al/.deps/tenkz/tex/tenkz/tenkz-kernel-resolve.code.tex)
(/Users/siruilu/Local/agentFormalization/QICLean/worktrees/area-law-iid-surpris
al/.deps/tenkz/tex/tenkz/tenkz-kernel-ink.code.tex)
(/Users/siruilu/Local/agentFormalization/QICLean/worktrees/area-law-iid-surpris
al/.deps/tenkz/tex/tenkz/tenkz-kernel-annotate.code.tex)
(/Users/siruilu/Local/agentFormalization/QICLean/worktrees/area-law-iid-surpris
al/.deps/tenkz/tex/tenkz/tenkz-kernel-surface.code.tex)))
(./macros/diagrams.tex
(/opt/homebrew/Cellar/texlive/20260301/share/texmf-dist/tex/latex/tikz-cd/tikz-
cd.sty
(/opt/homebrew/Cellar/texlive/20260301/share/texmf-dist/tex/generic/tikz-cd/tik
zlibrarycd.code.tex
(/opt/homebrew/Cellar/texlive/20260301/share/texmf-dist/tex/generic/pgf/fronten
dlayer/tikz/libraries/tikzlibrarymatrix.code.tex)
(/opt/homebrew/Cellar/texlive/20260301/share/texmf-dist/tex/generic/pgf/fronten
dlayer/tikz/libraries/tikzlibraryquotes.code.tex))))
(/Users/siruilu/Local/agentFormalization/QICLean/worktrees/area-law-iid-surpris
al/blueprint/print/print.aux)
*geometry* driver: auto-detecting
*geometry* detected driver: xetex

(/Users/siruilu/Local/agentFormalization/QICLean/worktrees/area-law-iid-surpris
al/blueprint/print/print.out)
(/Users/siruilu/Local/agentFormalization/QICLean/worktrees/area-law-iid-surpris
al/blueprint/print/print.out)
(/opt/homebrew/Cellar/texlive/20260301/share/texmf-dist/tex/latex/amsfonts/umsa
.fd)
(/opt/homebrew/Cellar/texlive/20260301/share/texmf-dist/tex/latex/amsfonts/umsb
.fd) [1]
(/Users/siruilu/Local/agentFormalization/QICLean/worktrees/area-law-iid-surpris
al/blueprint/print/print.toc [1] [2] [3] [4] [5]) (./content.tex
(./chapter/ch01_deconstructing_quantum.tex [6]
Chapter 1.
(./chapter/ch01_states.tex
Overfull \hbox (8.30865pt too wide) in paragraph at lines 7--13
[][]\TU/lmr/bx/n/10 Definition 1.1.1 \TU/lmr/m/n/10 (Schmidt decomposition)\TU/
lmr/bx/n/10 . [][][] [][][] [][] [][][] \TU/lmr/m/n/10 For $[] [] [][] [] [][]$
 with $[] [] [][][][][] [][][]$,
[7] [8]) (./chapter/ch01_shifted_density_powers.tex [9])
(./chapter/ch01_shifted_density_truncation.tex [10] [11])
(./chapter/ch01_shifted_power_derivative.tex [12])
(./chapter/ch01_positive_maps.tex [13] [14]
Overfull \hbox (0.76086pt too wide) in paragraph at lines 323--327
[][]\TU/lmr/bx/n/10 Definition 1.8.9 \TU/lmr/m/n/10 (State-preparation map)\TU/
lmr/bx/n/10 . [][][] [][][] [][] [][][] \TU/lmr/m/n/10 Let $[]$ be a matrix on 
a finite-dimensional
[15]
Overfull \hbox (4.87057pt too wide) in paragraph at lines 385--388
[][]\TU/lmr/bx/n/10 Theorem 1.9.3 \TU/lmr/m/n/10 (Trace of the maximally mixed 
matrix)\TU/lmr/bx/n/10 . [][][] [][][] [][] [][][] \TU/lmr/m/it/10 If $[] [] []
$, then $[][][][][][][] []
[16] [17] [18]
Overfull \hbox (0.73889pt too wide) in paragraph at lines 762--772
[][]\TU/lmr/bx/n/10 Lemma 1.9.15 \TU/lmr/m/n/10 (Reconstructing a Kraus map fro
m $[][]$)\TU/lmr/bx/n/10 . [][][] [][][] [][] [][][] \TU/lmr/m/it/10 Let $[][]$
 be as in Lemma [][]1.9.12[][]

Overfull \hbox (28.53387pt too wide) in paragraph at lines 774--777
[] [][][] \TU/lmr/m/n/10 Both sides expand, entry by entry, to the same double 
sum $[] [][] [][] [] [][] [][][][][] [][]$.
[19] [20] [21] [22] [23] [24]
Overfull \hbox (5.29309pt too wide) in paragraph at lines 1340--1344
[] [][][] \TU/lmr/m/n/10 For every $[][][] [][]$ and $[] [] []$, the zero-exten
ded operator satisfies $[][][][][][] []
[25]
Overfull \hbox (0.58412pt too wide) in paragraph at lines 1512--1516
[] [][][] \TU/lmr/m/n/10 Since $[]$ is Hermitian and $[][] [] []$, the diagonal
 entries of the sum are $[][] [][][] []
) (./chapter/ch01_spectrum_and_wigner.tex [26] [27] [28] [29] [30] [31])
(./chapter/ch01_cyclic_trace_power.tex) (./chapter/ch01_coherent_frames.tex
[32])) (./chapter/ch02_channels.tex [33]
Chapter 2.
(./chapter/ch02_channels_positive_map_and_channel_foundations.tex [34] [35])
(./chapter/ch02_channels_rectangular_kraus_maps.tex [36]
Overfull \hbox (4.21751pt too wide) in paragraph at lines 88--93
[][]\TU/lmr/bx/n/10 Theorem 2.5.8 \TU/lmr/m/n/10 (Trace preservation from a Kra
us resolution)\TU/lmr/bx/n/10 . [][][] [][][] [][] [][][] []\TU/lmr/m/it/10 Eve
ry trace-preserving
[37]
Overfull \hbox (6.7766pt too wide) in paragraph at lines 148--148
[]\TU/lmr/bx/n/14.4 The Choi–Jamiolkowski representation of maps between
[38] [39]
Overfull \hbox (19.3712pt too wide) in paragraph at lines 420--428
[][]\TU/lmr/bx/n/10 Theorem 2.7.1 \TU/lmr/m/n/10 (Kraus normalization condition
s)\TU/lmr/bx/n/10 . [][][] [][][] [][][][] [][][] [][][][] [][][] [][] [][][] [
]\TU/lmr/m/it/10 Let $[][][][] [] [][] [][][][][]$
[40]) (./chapter/ch02_channels_tensor_maps_and_controlled_trace.tex [41])
(./chapter/ch02_channels_transfer_map_foundations.tex [42] [43])
(./chapter/ch02_channels_peripheral_spectrum_and_primitivity.tex [44] [45]
[46] [47] [48]
Overfull \hbox (8.69438pt too wide) in paragraph at lines 488--494
[][]\TU/lmr/bx/n/10 Lemma 2.13.2.1 \TU/lmr/m/n/10 (Peripheral closure via adjoi
nt fixed point)\TU/lmr/bx/n/10 . [][][] [][][] [][] [][][] [][][][]\TU/lmr/m/it
/10 Let $[][][][] [] [][] [][][][][]$

Overfull \hbox (0.28438pt too wide) in paragraph at lines 535--544
[][]\TU/lmr/bx/n/10 Theorem 2.13.2.2 \TU/lmr/m/n/10 (Roots of unity via adjoint
 fixed point)\TU/lmr/bx/n/10 . [][][] [][][] [][] [][][] [][][][][]\TU/lmr/m/it
/10 Let $[][][][] [] [][] [][][][][]$
[49] [50])) (./chapter/ch03_channel_representations.tex [51]
Chapter 3.
(./chapter/ch03_channel_representations_choi_foundations.tex
Overfull \hbox (1.66296pt too wide) in paragraph at lines 16--22
\TU/lmr/m/n/10 When $[] [] []$, this is the \TU/lmr/m/it/10 maximally entangled
 state\TU/lmr/m/n/10 : a rank-one projector with $[][][][] [][][][][] []
[52] [53]) (./chapter/ch03_channel_representations_rectangular_choi_bounds.tex
[54]
Overfull \hbox (7.94478pt too wide) in paragraph at lines 83--87
[][]\TU/lmr/bx/n/10 Definition 3.2.5 \TU/lmr/m/n/10 (Hilbert–Schmidt contractio
n)\TU/lmr/bx/n/10 . [][][] [][][] [][] [][][] \TU/lmr/m/n/10 A complex-linear m
ap $[] [] [][][][][] []
)
(./chapter/ch03_channel_representations_no_information_without_disturbance.tex
[55]) (./chapter/ch03_channel_representations_choi_and_kraus.tex [56] [57]
[58] [59] [60] [61]
Overfull \hbox (11.82436pt too wide) in paragraph at lines 778--783
[][]\TU/lmr/bx/n/10 Theorem 3.7.4 \TU/lmr/m/n/10 (Unitality implies Kraus unita
l normalization)\TU/lmr/bx/n/10 . [][][] [][][] [][] [][][] []\TU/lmr/m/it/10 I
f $[][][][] [] [][] [][][][][]$
[62] [63]) (./chapter/ch03_channel_representations_kraus_iterate_choi.tex
[64] [65]) (./chapter/ch03_channel_representations_ensemble_equivalence.tex
[66]
Overfull \hbox (0.58437pt too wide) in paragraph at lines 128--132
[]\TU/lmr/m/n/10 Conversely, a unitary $[]$ satisfies $[][][] [] []$, so Theore
m [][]3.6.6[][] gives $[][] [][][][] [][][][] [] [][] [][][][] [][][][]$.
) (./chapter/ch03_channel_representations_hermitian_intertwiners.tex [67])
(./chapter/ch03_channel_representations_dilations_and_ordered_cp.tex [68]
[69] [70]
Overfull \hbox (3.29pt too wide) in paragraph at lines 292--292
[]\TU/lmr/bx/n/14.4 Ordered CP maps, Radon–Nikodym, and open-system
[71] [72] [73]
Overfull \hbox (1.84756pt too wide) in paragraph at lines 679--690
[][]\TU/lmr/bx/n/10 Corollary 3.12.15 \TU/lmr/m/n/10 (Square-algebra Radon–Niko
dym theorem)\TU/lmr/bx/n/10 . [][][] [][][] [][] [][][] []\TU/lmr/m/it/10 Let $
[]$ be a nonempty
[74]
Overfull \hbox (11.32751pt too wide) in paragraph at lines 795--799
[][]\TU/lmr/bx/n/10 Lemma 3.12.21 \TU/lmr/m/n/10 (First environment embedding i
s an isometry)\TU/lmr/bx/n/10 . [][][] [][][] [][] [][][] []\TU/lmr/m/it/10 The
 first-environment
[75] [76] [77] [78] [79] [80])
(./chapter/ch03_channel_representations_normal_forms_and_determinant.tex
[81] [82] [83] [84] [85] [86] [87] [88] [89]
Overfull \hbox (27.40834pt too wide) in paragraph at lines 1026--1031
\TU/lmr/m/n/10 nates used immediately before [[], Eq. (2.41)]; see also the loc
al source $[][][][][] [] [][][][][][][][][][][][][][][][][] []
[90] [91] [92] [93]
Overfull \hbox (15.74634pt too wide) in paragraph at lines 1439--1446
[]\TU/lmr/m/n/10 Thus $[]$ maps the positive-semidefinite cone onto itself. The
 already formalized cone/rank/Wigner
[94] [95]) (./chapter/ch03_channel_representations_determinant_choi_bound.tex
[96]
Overfull \hbox (8.04791pt too wide) in paragraph at lines 53--59
\TU/lmr/m/n/10 Substituting $[][][][] [][][]$ for the row pair and $[][][][] []
[][]$ for the column pair in ([][]3.120[][]) gives $[][][][][][][][][]$,
) (./chapter/ch03_channel_representations_self_dual.tex [97]
Overfull \hbox (8.98033pt too wide) in paragraph at lines 60--66
[][]\TU/lmr/bx/n/10 Theorem 3.19.4 \TU/lmr/m/n/10 (Transfer matrix of a Kraus r
epresentation)\TU/lmr/bx/n/10 . [][][] [][][] [][] [][][] []\TU/lmr/m/it/10 If 
$[][][][] [] [][] [][][][][]$,
[98] [99] [100])
(./chapter/ch03_channel_representations_transfer_matrix_identities.tex [101])
(./chapter/ch03_channel_representations_sic_povms.tex [102] [103] [104]
[105])) (./chapter/ch04_positive_not_cp.tex [106]
Chapter 4.
(./chapter/ch04_positive_not_cp_trace_normalization_and_lorentz_cone.tex
[107]) (./chapter/ch04_positive_not_cp_two_positive_schmidt_and_choi.tex

Package hyperref Warning: Token not allowed in a PDF string (Unicode):
(hyperref)                removing `math shift' on input line 1.


Package hyperref Warning: Token not allowed in a PDF string (Unicode):
(hyperref)                removing `math shift' on input line 1.

[108] [109] [110] [111] [112] [113]
Overfull \hbox (1.33026pt too wide) in paragraph at lines 743--748
[] [][][] \TU/lmr/m/n/10 The forward direction is Theorem [][]4.2.3.8[][]. The 
reverse direction is Theorem [][]4.2.3.9[][].
[114]) (./chapter/ch04_positive_not_cp_npositivity_infimum.tex [115] [116])
(./chapter/ch04_positive_not_cp_positivity_reduction_and_breuer_hall.tex
[117] [118] [119] [120] [121] [122] [123]
Overfull \hbox (7.63916pt too wide) in paragraph at lines 751--758
[] [][][] []\TU/lmr/m/n/10 A positive semidefinite matrix is a sum of rank-one 
operators $[][][][][][]$. By Lemma [][]4.7.2[][]
[124]) (./chapter/ch04_positive_not_cp_choi_and_decomposable_maps.tex [125]
[126] [127] [128]
Overfull \hbox (5.33284pt too wide) in paragraph at lines 402--411
[]\TU/lmr/m/n/10 The comparison cannot in general be made strict. For $[][][] [
][] [][] [] [][][] [][] [][]$ and $[] [] [][][] [][] [][] [][] [][]$,
[129] [130] [131] [132] [133] [134] [135] [136] [137] [138] [139])
(./chapter/ch04_positive_not_cp_ppt_and_separable_states.tex [140] [141]
Overfull \hbox (3.90086pt too wide) in paragraph at lines 211--219
\TU/lmr/m/n/10 A bipartite state is separable when it is a convex combination o
f pure product states $[][] [][] [][][][][][][][] []
[142]) (./chapter/ch04_positive_not_cp_schmidt_number_and_entanglement.tex
[143] [144] [145]) (./chapter/ch04_positive_not_cp_kramers_degeneracy.tex
[146] [147])) (./chapter/ch04_positive_not_cp_supporting_results.tex [148]
Overfull \hbox (3.34654pt too wide) in paragraph at lines 185--189
[][]\TU/lmr/bx/n/10 Lemma 4.17.2 \TU/lmr/m/n/10 (Rank factorization through a c
oordinate space)\TU/lmr/bx/n/10 . [][][] [][][] [][] [][][] \TU/lmr/m/it/10 If 
$[] [] [][][][][][][][]$
[149]
Overfull \hbox (7.86009pt too wide) in paragraph at lines 264--269
[] [][][] \TU/lmr/m/n/10 The eigenvectors form an orthonormal basis, so with $[
] [] [][][]$ one has $[][] [][][][][][][][][] []
[150]
Overfull \hbox (7.40033pt too wide) in paragraph at lines 331--340
\TU/lmr/m/n/10 Choi criterion, the rectangular compression criterion, and the r
ank-$[]$ projection criterion. Through-
[151] [152] [153]
Overfull \hbox (0.84254pt too wide) in paragraph at lines 680--684
[][]\TU/lmr/bx/n/10 Lemma 4.19.16 \TU/lmr/m/n/10 (Rank-$[]$ Hermitian projectio
n factorization)\TU/lmr/bx/n/10 . [][][] [][][] [][] [][][] \TU/lmr/m/it/10 Let
 $[] [] [][][][][][][][]$

Package hyperref Warning: Token not allowed in a PDF string (Unicode):
(hyperref)                removing `math shift' on input line 703.


Package hyperref Warning: Token not allowed in a PDF string (Unicode):
(hyperref)                removing `math shift' on input line 703.

[154]
Overfull \hbox (9.13817pt too wide) in paragraph at lines 796--796
[]\TU/lmr/bx/n/14.4 Schmidt-number geometry and entanglement witnesses 
[155] [156]) (./chapter/ch04_convex_structure.tex [157]
Chapter 5.
[158] [159]
Overfull \hbox (0.17003pt too wide) in paragraph at lines 312--325
[] [][][] []\TU/lmr/m/n/10 The equality constraints and equality of the objecti
ves give $[][][][][] [] [][] [][][][][][][][] []
) (./chapter/ch05_schwarz.tex [160]
Chapter 6.
(./chapter/ch05_schwarz_ft_core.tex [161] [162])
(./chapter/ch05_schwarz_retractions_and_peripheral_equality.tex [163] [164])
(./chapter/ch05_schwarz_douglas.tex [165])
(./chapter/ch05_schwarz_schur_complement.tex)
(./chapter/ch05_schwarz_abstract_domains_and_order.tex [166] [167] [168]
[169] [170]
Overfull \hbox (41.15291pt too wide) in paragraph at lines 495--501
\TU/lmr/m/it/10 This is the pseudoinverse-free form of [[], Eq. (5.4)]: the usu
al statement $[][][][][][] [][][][][][][][][][][][][] []

Overfull \hbox (2.29807pt too wide) in paragraph at lines 506--517
\TU/lmr/m/n/10 Evaluating the PSD quadratic form on the vector $[][][] [][][]$ 
and using the side condition $[][][][][][][] []
[171]
Overfull \hbox (7.76178pt too wide) in paragraph at lines 644--649
[][]\TU/lmr/bx/n/10 Definition 6.9.2.7 \TU/lmr/m/n/10 (Per-$[]$ Schwarz hypothe
sis)\TU/lmr/bx/n/10 . [][][] [][][] [][] [][][] []\TU/lmr/m/n/10 A complex-line
ar map $[] [] [][][][][] []

Overfull \hbox (2.08957pt too wide) in paragraph at lines 693--701
[][]\TU/lmr/bx/n/10 Theorem 6.9.2.10 \TU/lmr/m/n/10 (Equality in the operator S
chwarz inequality)\TU/lmr/bx/n/10 . [][][] [][][] [][] [][][] [][]\TU/lmr/m/it/
10 Let $[] [] [][][][][] []
[172])) (./chapter/ch05_schwarz_supporting_results.tex
Overfull \hbox (3.5749pt too wide) in paragraph at lines 49--53
[][]\TU/lmr/bx/n/10 Theorem 6.11.3 \TU/lmr/m/n/10 (Nondegeneracy of the trace p
airing)\TU/lmr/bx/n/10 . [][][] [][][] [][] [][][] \TU/lmr/m/it/10 For $[] [] [
][][][][]$, $[][][][][] []
[173] [174]
Overfull \hbox (4.08379pt too wide) in paragraph at lines 287--287
[]\TU/lmr/bx/n/14.4 Faithful weighted traces and peripheral Schwarz equal-
[175]) (./chapter/ch06_operator_convexity.tex [176]
Chapter 7.
(./chapter/ch06_operator_convexity_schwarz_and_jensen.tex [177] [178] [179]
[180] [181] [182] [183])
(./chapter/ch06_operator_convexity_lieb_and_resolvent.tex [184] [185]
Overfull \hbox (2.84213pt too wide) in paragraph at lines 266--281
\TU/lmr/m/it/10 matrix $[]$, and positive-\TU/lmr/m/n/10 semidefinite \TU/lmr/m
/it/10 matrices $[][][] [][][] [][][] [][]$, the map $[][][] [][] [] [] [][][][
][][][][][][]$
[186] [187]) (./chapter/ch06_operator_convexity_matrix_means.tex
Overfull \hbox (5.76697pt too wide) in paragraph at lines 37--40
[]\TU/lmr/m/it/10 for $[] [] [] [] []$ the mean is monotone in each argument, a
nd for every vector $[]$, $[][][] [][][][][][][][] []
[188] [189]
Overfull \hbox (13.00826pt too wide) in paragraph at lines 197--206
[] [][][] []\TU/lmr/m/n/10 By the chain rule, $[][][][][][] [] [][][][][][][][]
[][][][][][][][]$ with $[] [] [][][][][]$,
[190]
Overfull \hbox (11.05424pt too wide) in paragraph at lines 279--281
\TU/lmr/m/n/10 For $[] [] [] [] [][][]$ let $[][][][][] [] [][][][][][] [][][][
][][]$ with $[][][][][] [] [][]$, and $[][][][][] [] [][][][][][][][][][][][][]
[] []
[191])) (./chapter/ch07_qpf.tex [192]
Chapter 8.
(./chapter/ch07_qpf_cesaro_fixed_points.tex
Overfull \hbox (29.7827pt too wide) in paragraph at lines 45--49
[] [][][] \TU/lmr/m/n/10 Pigeonhole principle on the integer lattice of side $[
][]$: the $[][] [] []$ points $[][][][][][][] [] [] [][][][][][]$
[193] [194] [195] [196]) (./chapter/ch07_qpf_weighted_cesaro.tex [197] [198])
[199] [200] [201] [202] [203] [204] [205] [206] [207]
Overfull \hbox (2.23955pt too wide) in paragraph at lines 1037--1043
[][]\TU/lmr/bx/n/10 Theorem 8.9.8 \TU/lmr/m/n/10 (Eigenvalue $[]$ for positive 
trace-preserving maps)\TU/lmr/bx/n/10 . [][][] [][][] [][] [][][] [][]\TU/lmr/m
/it/10 Let $[] [] [][][][][] []
[208]
Overfull \hbox (5.01353pt too wide) in paragraph at lines 1228--1243
[][]\TU/lmr/bx/n/10 Theorem 8.12.1 \TU/lmr/m/n/10 (Positive fixed-point decompo
sition)\TU/lmr/bx/n/10 . [][][] [][][] [][] [][] [][][] [][] [][] [][][] [][] [
][][] [][]\TU/lmr/m/it/10 Let $[] [] [] [][][][][] []
[209] (./chapter/ch07_qpf_irreducibility_and_ergodicity.tex [210] [211]
[212])) (./chapter/ch07_qpf_supporting_results.tex [213]
Overfull \hbox (1.41978pt too wide) in paragraph at lines 6--6
[]\TU/lmr/bx/n/14.4 Density matrices, Brouwer’s theorem, and Cesàro lim-
[214] [215] [216] [217]) (./chapter/ch08_spectral.tex [218]
Chapter 9.
(./chapter/ch08_spectral_ft_peripheral_cyclic.tex [219] [220])
(./chapter/ch08_spectral_supporting_results.tex [221] [222] [223] [224]))
(./chapter/ch09_channel_asymptotics.tex [225]
Chapter 10.
(./chapter/ch09_channel_asymptotics_jordan_block_power.tex [226])
(./chapter/ch09_channel_asymptotics_upper_triangular_power.tex [227] [228]
[229]) (./chapter/ch09_channel_asymptotics_detailed_balance.tex [230])
(./chapter/ch09_channel_asymptotics_mean_ergodic.tex [231] [232] [233])
(./chapter/ch09_channel_asymptotics_fixed_point_algebras.tex [234])
(./chapter/ch09_channel_asymptotics_fixed_points_and_wedderburn_i.tex [235]
[236] [237] [238] [239] [240] [241] [242] [243]
Overfull \hbox (11.51134pt too wide) in paragraph at lines 982--989
[] [][][] []\TU/lmr/m/n/10 Each pair $[] [] [][]$, $[][] [] [][]$ is of differe
nt type, hence orthogonal by Lemma [][]10.5.22[][].
) (./chapter/ch09_channel_asymptotics_wedderburn_ii.tex [244]
Overfull \hbox (8.43947pt too wide) in paragraph at lines 35--39
[]\TU/lmr/m/n/10 Finally, let $[] [] [][]$ and $[][] [] [][]$ be irreducible un
der $[]$, with $[][] [] [][]$. By Lemma [][]10.5.24[][],
[245] [246]
Overfull \hbox (27.08902pt too wide) in paragraph at lines 176--184
[][]\TU/lmr/bx/n/10 Lemma 10.6.5 \TU/lmr/m/n/10 (Unitary change of basis to blo
ck-diagonal form)\TU/lmr/bx/n/10 . [][][] [][][] [][] [][][] \TU/lmr/m/it/10 Le
t $[][][][][]$
[247] [248] [249] [250] [251] [252] [253])
(./chapter/ch09_channel_asymptotics_corner_and_overlap_decompositions.tex
[254] [255] [256])
(./chapter/ch09_channel_asymptotics_direct_sum_schwarz_maps.tex [257] [258]
Overfull \hbox (3.03027pt too wide) in paragraph at lines 188--201
[] [][][] \TU/lmr/m/n/10 Complete positivity and trace preservation make both t
race adjoints unital Schwarz
[259] [260] [261] [262]

Package hyperref Warning: Token not allowed in a PDF string (Unicode):
(hyperref)                removing `math shift' on input line 616.


Package hyperref Warning: Token not allowed in a PDF string (Unicode):
(hyperref)                removing `math shift' on input line 616.

[263])
(./chapter/ch09_channel_asymptotics_direct_sum_corners_and_maximal_support.tex
[264] [265]
Overfull \hbox (1.70528pt too wide) in paragraph at lines 194--196
[]\TU/lmr/m/n/10 Closure under multiplication transports back through the corre
spondence. A corner-supported
[266] [267] [268] [269])
(./chapter/ch09_channel_asymptotics_fixed_point_structure_and_cycles.tex
[270] [271] [272]
Overfull \hbox (31.08292pt too wide) in paragraph at lines 346--352
[] [][][] []\TU/lmr/m/n/10 In the spectral decomposition $[] [] [] [][][][][][]
$, the support projection is $[] [][][][][][][]$.
[273]
Overfull \hbox (137.52632pt too wide) in paragraph at lines 485--490
[]\TU/lmr/m/n/10 The declarations \TU/lmtt/m/n/10 Kraus.maximalSupport_of_maxim
alRank \TU/lmr/m/n/10 and \TU/lmtt/m/n/10 Kraus.exists_weightedCorner_sqrt_eq_o
f_maximalRank

Overfull \hbox (15.73227pt too wide) in paragraph at lines 501--505
[][]\TU/lmr/bx/n/10 Definition 10.12.1 \TU/lmr/m/n/10 (Exact Kraus word spans)\
TU/lmr/bx/n/10 . [][][] [][][] [][] [][][] \TU/lmr/m/n/10 For a finite Kraus fa
mily $[][][] [] [] [][] []
[274]
Overfull \hbox (11.32634pt too wide) in paragraph at lines 567--571
\TU/lmr/m/n/10 This section develops the block-permutation structure underlying
 the cycle decomposition of [[],
[275] [276] [277]
Overfull \hbox (26.44983pt too wide) in paragraph at lines 1006--1012
[]\TU/lmr/m/it/10 The compiled statement retains the equivalence $[][]$ and the
 literal zero extension $[][][][] [][] [][] [][]$
[278] [279])) (./chapter/ch09_channel_asymptotics_supporting_results.tex
[280] [281]) (./chapter/ch10_wielandt.tex [282]
Chapter 11.
(./chapter/ch10_wielandt_cumulative_bound.tex
Overfull \hbox (35.38342pt too wide) in paragraph at lines 60--65
[] [][][] []\TU/lmr/m/n/10 Expand the Kraus representation of the $[]$-fold ite
rate. Each summand is $[][][][][] [][][][][][][][] []
[283] [284] [285] [286] [287])) (./chapter/ch10_wielandt_supporting_results.tex
 [288] [289]) (./chapter/ch11_semigroup.tex [290]
Chapter 12.
(./chapter/ch11_semigroup_hermitian_paths.tex [291])
(./chapter/ch11_semigroup_dynamics_and_gksl.tex [292]
Overfull \hbox (20.50978pt too wide) in paragraph at lines 27--30
[][]\TU/lmr/bx/n/10 Definition 12.3.3 \TU/lmr/m/n/10 (Exponential semigroup)\TU
/lmr/bx/n/10 . [][][] [][][] [][][][] [][][] [][] [][][] \TU/lmr/m/n/10 Given a
 generator $[] [] [][][][][][][][][]$,
[293] [294] [295]
Overfull \hbox (8.99596pt too wide) in paragraph at lines 499--508
[] [][][] \TU/lmr/m/n/10 Let $[][][][] [] [][] [][][][][]$. By the cyclic prope
rty of trace, $[][][][][][][] [] [][][][][] [][][][][][][] []
[296] [297] [298] [299] [300])
(./chapter/ch11_semigroup_dissipation_and_primitivity.tex [301] [302] [303]
[304] [305]) (./chapter/ch11_semigroup_adjoint_kernel_and_reducibility.tex
[306] [307] [308]
Overfull \hbox (13.29822pt too wide) in paragraph at lines 355--365
[] [][][] \TU/lmr/m/n/10 The block-upper-triangular structure implies $[]$ pres
erves the compression $[][][][][][][]$.
[309] [310]
Overfull \hbox (8.15552pt too wide) in paragraph at lines 648--655
[][]\TU/lmr/bx/n/10 Theorem 12.9.1.16 \TU/lmr/m/n/10 (Large Kossakowski rank im
plies non-reducibility)\TU/lmr/bx/n/10 . [][][] [][][] [][] [][][] [][][][][][]
\TU/lmr/m/it/10 If $[][][][] []
[311])) (./chapter/ch12_entropy.tex [312]
Chapter 13.
(./chapter/ch12_entropy_trace_norm.tex [313] [314] [315]
Overfull \hbox (5.46825pt too wide) in paragraph at lines 455--463
[] [][][] [][][]\TU/lmr/m/n/10 Let $[][]$ be the support projection of $[][][][
][]$ from Lemma [][]13.1.14[][], so that $[][][][][][] []
[316] [317] [318] [319] [320]) (./chapter/ch12_polar_unitary_correction.tex
[321]) (./chapter/ch12_rectangular_windows.tex [322] [323])
(./chapter/ch12_entropy_majorization.tex)
(./chapter/ch12_entropy_von_neumann_and_relative_i.tex [324] [325] [326]
[327] [328] [329] [330] [331])
(./chapter/ch12_entropy_von_neumann_and_relative_ii.tex [332] [333] [334]
[335] [336] [337] [338] [339]
Overfull \hbox (0.6799pt too wide) in paragraph at lines 1010--1020
[] [][][] [][][]\TU/lmr/m/n/10 Kernel inclusion descends through the partial tr
ace, giving $[][][][] [][] [] [][][][] [][]$.
[340] [341]) (./chapter/ch12_entropy_tripartite_and_ssa_i.tex [342] [343]
[344] [345] [346] [347] [348] [349] [350]
Overfull \hbox (6.02043pt too wide) in paragraph at lines 1009--1015
\TU/lmr/m/it/10 This is the source-$[]$ pointwise-vanishing passage in Jenčová–
Ruskai, arXiv:0903.2895v4, lines 433–
[351] [352]) (./chapter/ch12_entropy_tripartite_and_ssa_ii.tex [353] [354]
[355] [356] [357]
Overfull \hbox (3.43794pt too wide) in paragraph at lines 605--612
[][]\TU/lmr/bx/n/10 Lemma 13.8.39 \TU/lmr/m/n/10 (Relative modular square-root 
ratio on the support)\TU/lmr/bx/n/10 . [][][] [][][] [][] [][][] []\TU/lmr/m/it
/10 Let $[][] [][] [][] []$
[358] [359] [360] [361] [362] [363] [364] [365] [366] [367] [368] [369]
[370] [371]
Overfull \hbox (24.00725pt too wide) in paragraph at lines 2195--2208
[][]$\TU/lmr/m/n/10 . The von Neumann entropy of a weighted orthogonal direct s
um is $[][][][] [][] [][][] [] [] [][] [][] [] [][] []
[372]) (./chapter/ch12_entropy_mutual_information.tex [373]
Overfull \hbox (14.84778pt too wide) in paragraph at lines 118--118
[]\TU/lmr/bx/n/14.4 Mutual information: monotonicity and area-law bound 
[374]) (./chapter/ch12_entropy_data_processing.tex)
(./chapter/ch12_entropy_conditional_continuity.tex [375] [376])
(./chapter/ch12_entropy_classical_operator_schmidt_and_renyi.tex [377] [378]
Overfull \hbox (13.46095pt too wide) in paragraph at lines 159--168
[]\TU/lmr/m/n/10 The minimality theorem at the preceding definition proves that
 the range dimension $[] [] [][]$
[379] [380] [381] [382] [383]
Overfull \hbox (1.78531pt too wide) in paragraph at lines 761--765
\TU/lmr/m/it/10 Thus this theorem reduces the singular-reference case to the fa
ithful comparison. Theorem [][]13.15.14[][]
[384] [385] [386] [387]) (./chapter/ch12_entropy_finite_product.tex [388]
[389]) (./chapter/ch12_entropy_conditional_two_families.tex)
(./chapter/ch12_entropy_physical_buffer_overlap.tex [390] [391] [392])
(./chapter/ch12_entropy_doubled_system_gap.tex [393])
(./fragment/iid_surprisal.tex [394]
Overfull \hbox (9.80414pt too wide) in paragraph at lines 54--61
[] [][][] \TU/lmr/m/n/10 Choose independent samples $[][][] [] [] [][]$ with la
w $[][][][][]$. The sum $[] [] [][] [] [] [][]$
)) (./chapter/ch12_entropy_corollaries.tex [395])
(./chapter/ch13_buffered_filters.tex [396]
Chapter 14.
) (./chapter/ch13_spectral_filter.tex [397]
Chapter 15.
[398] [399] [400]
Overfull \hbox (14.4764pt too wide) in paragraph at lines 402--409
\TU/lmr/m/it/10 There are $[][][] [][] [] []$, depending only on $[][] [][] [][
] [][] []$, such that $[][][][][][] [] [][][][][][][] [] [][][] [][][][] [][][]
[]$
[401]) (./chapter/ch13_marginal_tails.tex [402]
Chapter 16.
[403] [404] [405]) (./chapter/ch13_schur_labels.tex [406]
Chapter 17.
[407] [408]))
(/Users/siruilu/Local/agentFormalization/QICLean/worktrees/area-law-iid-surpris
al/blueprint/print/print.bbl [409]
Underfull \hbox (badness 1158) in paragraph at lines 52--58
[]\TU/lmr/m/n/10 The QICLean contributors.  Exact-rank wording in Wolf’s Choi a
nd wit-

Underfull \hbox (badness 1472) in paragraph at lines 52--58
\TU/lmr/m/n/10 CLean, 2026.  [][]$[][][][][] [] [] [] [][][][][][][][][] [] [][
][] [] [][][][][][][] [] [][][][][][][][][][][] [] [][][][] [] [][][][][] [] []
 []

Underfull \hbox (badness 10000) in paragraph at lines 60--66
\TU/lmr/m/n/10 QICLean, 2026.  [][]$[][][][][] [] [] [] [][][][][][][][][] [] [
][][] [] [][][][][][][] [] [][][][][][][][][][][] [] [][][][][][][] []

Underfull \hbox (badness 1297) in paragraph at lines 68--74
[]\TU/lmr/m/n/10 The QICLean contributors.  The missing order hypothesis in Wol
f’s uni-

Underfull \hbox (badness 5548) in paragraph at lines 68--74
\TU/lmr/m/n/10 QICLean, 2026.  [][]$[][][][][] [] [] [] [][][][][][][][][] [] [
][][] [] [][][][][][][] [] [][][][][][][][][][][] [] [][][][] [] [][][] []

Underfull \hbox (badness 1253) in paragraph at lines 76--81
\TU/lmr/m/n/10 QICLean, 2026.  [][]$[][][][][] [] [] [] [][][][][][][][][] [] [
][][] [] [][][][][][][] [] [][][][][][][][][][][] [] [][][][] [] [][][][][] []
[410]
Underfull \hbox (badness 1478) in paragraph at lines 90--96
[]\TU/lmr/m/n/10 The QICLean contributors.  Scope of Wolf chapter 5 operator co
nvexity

Underfull \hbox (badness 5548) in paragraph at lines 90--96
\TU/lmr/m/n/10 QICLean, 2026.  [][]$[][][][][] [] [] [] [][][][][][][][][] [] [
][][] [] [][][][][][][] [] [][][][][][][][][][][] [] [][][][] [] [][][] []

Underfull \hbox (badness 1817) in paragraph at lines 105--110
\TU/lmr/m/n/10 attainment.  Paper-gap note wolf_slater_attainment_conditions, Q
ICLean,

Underfull \hbox (badness 1803) in paragraph at lines 112--118
[]\TU/lmr/m/n/10 The QICLean contributors.  The structure theorem for finite-di
mensional

Underfull \hbox (badness 10000) in paragraph at lines 112--118
[][]$\TU/lmr/m/n/10 -algebras: Matrix-realized single-block scope.  Paper-gap n
ote

Underfull \hbox (badness 5548) in paragraph at lines 120--126
\TU/lmr/m/n/10 QICLean, 2026.  [][]$[][][][][] [] [] [] [][][][][][][][][] [] [
][][] [] [][][][][][][] [] [][][][][][][][][][][] [] [][][][] [] [][][] []

Underfull \hbox (badness 1152) in paragraph at lines 128--134
[]\TU/lmr/m/n/10 The QICLean contributors.  Wolf proposition 1.5: Factor and co
ordinate

Underfull \hbox (badness 10000) in paragraph at lines 136--143
[]\TU/lmr/m/n/10 The QICLean contributors.  Wolf proposition 1.6: Complete

Underfull \hbox (badness 10000) in paragraph at lines 136--143
\TU/lmr/m/n/10 positivity from positivity, commutative side.  Paper-gap note

Underfull \hbox (badness 7168) in paragraph at lines 136--143
\TU/lmr/m/n/10 wolf_prop16_cp_positivity_commutative_side, QICLean, 2026.  [][]
$[][][][][] []

Underfull \hbox (badness 10000) in paragraph at lines 136--143
[] [] [][][][][][][][][] [] [][][] [] [][][][][][][] [] [][][][][][][][][][][] 
[] [][][][] [] [][][][][][] [] [][] [] [][][][][][][][][][] []

Underfull \hbox (badness 2884) in paragraph at lines 153--159
\TU/lmr/m/n/10 QICLean, 2026.  [][]$[][][][][] [] [] [] [][][][][][][][][] [] [
][][] [] [][][][][][][] [] [][][][][][][][][][][] [] [][][][] [] [][][][] []
[411]
Underfull \hbox (badness 3428) in paragraph at lines 168--174
[]\TU/lmr/m/n/10 The QICLean contributors.  Yamagami’s simultaneous-singularity
 bound-

Underfull \hbox (badness 1253) in paragraph at lines 168--174
\TU/lmr/m/n/10 QICLean, 2026.  [][]$[][][][][] [] [] [] [][][][][][][][][] [] [
][][] [] [][][][][][][] [] [][][][][][][][][][][] [] [][][][][][][][][][] []

Underfull \hbox (badness 2376) in paragraph at lines 176--182
\TU/lmr/m/n/10 ity characterization and Hayashi–Markov decomposition.  Paper-ga
p note

Underfull \hbox (badness 2376) in paragraph at lines 184--190
\TU/lmr/m/n/10 TNLean, 2026.  [][]$[][][][][] [] [] [] [][][][][][][][][] [] []
[][] [] [][][][][][] [] [][][][][][][][][][][] [] [][][][][][] [] [][][][] []
[412]
Underfull \hbox (badness 10000) in paragraph at lines 288--293
[]\TU/lmr/m/n/10 OpenAI.  Polynomial peps approximation of gapped square-

Underfull \hbox (badness 10000) in paragraph at lines 288--293
\TU/lmr/m/n/10 grid ground states, 2026.  September 24, 2026; source revision
[413]) [414]
(/Users/siruilu/Local/agentFormalization/QICLean/worktrees/area-law-iid-surpris
al/blueprint/print/print.aux) )
(see the transcript file for additional information)
Output written on /Users/siruilu/Local/agentFormalization/QICLean/worktrees/are
a-law-iid-surprisal/blueprint/print/print.pdf (415 pages).
SyncTeX written on /Users/siruilu/Local/agentFormalization/QICLean/worktrees/area-law-iid-surprisal/blueprint/print/print.synctex.gz.
Transcript written on /Users/siruilu/Local/agentFormalization/QICLean/worktrees
/area-law-iid-surprisal/blueprint/print/print.log.
Latexmk: Getting log file '/Users/siruilu/Local/agentFormalization/QICLean/worktrees/area-law-iid-surprisal/blueprint/print/print.log'
Latexmk: Examining '/Users/siruilu/Local/agentFormalization/QICLean/worktrees/area-law-iid-surprisal/blueprint/print/print.fls'
Latexmk: Examining '/Users/siruilu/Local/agentFormalization/QICLean/worktrees/area-law-iid-surprisal/blueprint/print/print.log'
Latexmk: Found input bbl file '/Users/siruilu/Local/agentFormalization/QICLean/worktrees/area-law-iid-surprisal/blueprint/print/print.bbl'
Latexmk: Log file says output to '/Users/siruilu/Local/agentFormalization/QICLean/worktrees/area-law-iid-surprisal/blueprint/print/print.pdf'
Latexmk: Using bibtex to make bibliography file(s).
  ===Source file '/Users/siruilu/Local/agentFormalization/QICLean/worktrees/area-law-iid-surprisal/blueprint/print/print.bbl' for 'pdflatex'
Latexmk: Found bibliography file(s):
  ./references.bib
Latexmk: All targets (/Users/siruilu/Local/agentFormalization/QICLean/worktrees/area-law-iid-surprisal/blueprint/print/print.pdf) are up-to-date

