Rc files read:
  latexmkrc
Latexmk: This is Latexmk, John Collins, 15 June 2025. Version 4.87.
Latexmk: applying rule 'pdflatex'...
Rule 'pdflatex':  Reasons for rerun
Changed files or newly in use/created:
  chapter/ch12_entropy.tex
  chapter/ch13_marginal_tails.tex
  chapter/ch13_schur_labels.tex
  content.tex
Category 'changed_user':
  chapter/ch12_entropy.tex
  chapter/ch13_marginal_tails.tex
  chapter/ch13_schur_labels.tex
  content.tex

------------
Run number 1 of rule 'pdflatex'
------------
------------
Running 'xelatex -synctex=1  -recorder -output-directory="/Users/siruilu/Local/agentFormalization/QICLean/worktrees/area-law-bell-pin-powers/blueprint/print"  "print.tex"'
------------
This is XeTeX, Version 3.141592653-2.6-0.999998 (TeX Live 2026/Homebrew) (preloaded format=xelatex)
 restricted \write18 enabled.
entering extended mode
(./print.tex
LaTeX2e <2025-11-01>
L3 programming layer <2026-01-19>

(/opt/homebrew/Cellar/texlive/20260301/share/texmf-dist/tex/latex/base/report.c
ls
Document Class: report 2025/01/22 v1.4n Standard LaTeX document class

(/opt/homebrew/Cellar/texlive/20260301/share/texmf-dist/tex/latex/base/size10.c
lo))
(/opt/homebrew/Cellar/texlive/20260301/share/texmf-dist/tex/latex/geometry/geom
etry.sty
(/opt/homebrew/Cellar/texlive/20260301/share/texmf-dist/tex/latex/graphics/keyv
al.sty)
(/opt/homebrew/Cellar/texlive/20260301/share/texmf-dist/tex/generic/iftex/ifvte
x.sty
(/opt/homebrew/Cellar/texlive/20260301/share/texmf-dist/tex/generic/iftex/iftex
.sty)))
(/opt/homebrew/Cellar/texlive/20260301/share/texmf-dist/tex/latex/l3kernel/expl
3.sty
(/opt/homebrew/Cellar/texlive/20260301/share/texmf-dist/tex/latex/l3backend/l3b
ackend-xetex.def))
(/opt/homebrew/Cellar/texlive/20260301/share/texmf-dist/tex/latex/amsfonts/amss
ymb.sty
(/opt/homebrew/Cellar/texlive/20260301/share/texmf-dist/tex/latex/amsfonts/amsf
onts.sty))
(/opt/homebrew/Cellar/texlive/20260301/share/texmf-dist/tex/latex/amscls/amsthm
.sty)
(/opt/homebrew/Cellar/texlive/20260301/share/texmf-dist/tex/latex/mathtools/mat
htools.sty
(/opt/homebrew/Cellar/texlive/20260301/share/texmf-dist/tex/latex/tools/calc.st
y)
(/opt/homebrew/Cellar/texlive/20260301/share/texmf-dist/tex/latex/mathtools/mhs
etup.sty)
(/opt/homebrew/Cellar/texlive/20260301/share/texmf-dist/tex/latex/amsmath/amsma
th.sty
For additional information on amsmath, use the `?' option.

(/opt/homebrew/Cellar/texlive/20260301/share/texmf-dist/tex/latex/amsmath/amste
xt.sty
(/opt/homebrew/Cellar/texlive/20260301/share/texmf-dist/tex/latex/amsmath/amsge
n.sty))
(/opt/homebrew/Cellar/texlive/20260301/share/texmf-dist/tex/latex/amsmath/amsbs
y.sty)
(/opt/homebrew/Cellar/texlive/20260301/share/texmf-dist/tex/latex/amsmath/amsop
n.sty)))
(/opt/homebrew/Cellar/texlive/20260301/share/texmf-dist/tex/latex/pgf/frontendl
ayer/tikz.sty
(/opt/homebrew/Cellar/texlive/20260301/share/texmf-dist/tex/latex/pgf/basiclaye
r/pgf.sty
(/opt/homebrew/Cellar/texlive/20260301/share/texmf-dist/tex/latex/pgf/utilities
/pgfrcs.sty
(/opt/homebrew/Cellar/texlive/20260301/share/texmf-dist/tex/generic/pgf/utiliti
es/pgfutil-common.tex)
(/opt/homebrew/Cellar/texlive/20260301/share/texmf-dist/tex/generic/pgf/utiliti
es/pgfutil-latex.def)
(/opt/homebrew/Cellar/texlive/20260301/share/texmf-dist/tex/generic/pgf/utiliti
es/pgfrcs.code.tex
(/opt/homebrew/Cellar/texlive/20260301/share/texmf-dist/tex/generic/pgf/pgf.rev
ision.tex)))
(/opt/homebrew/Cellar/texlive/20260301/share/texmf-dist/tex/latex/pgf/basiclaye
r/pgfcore.sty
(/opt/homebrew/Cellar/texlive/20260301/share/texmf-dist/tex/latex/graphics/grap
hicx.sty
(/opt/homebrew/Cellar/texlive/20260301/share/texmf-dist/tex/latex/graphics/grap
hics.sty
(/opt/homebrew/Cellar/texlive/20260301/share/texmf-dist/tex/latex/graphics/trig
.sty)
(/opt/homebrew/Cellar/texlive/20260301/share/texmf-dist/tex/latex/graphics-cfg/
graphics.cfg)
(/opt/homebrew/Cellar/texlive/20260301/share/texmf-dist/tex/latex/graphics-def/
xetex.def)))
(/opt/homebrew/Cellar/texlive/20260301/share/texmf-dist/tex/latex/pgf/systemlay
er/pgfsys.sty
(/opt/homebrew/Cellar/texlive/20260301/share/texmf-dist/tex/generic/pgf/systeml
ayer/pgfsys.code.tex
(/opt/homebrew/Cellar/texlive/20260301/share/texmf-dist/tex/generic/pgf/utiliti
es/pgfkeys.code.tex
(/opt/homebrew/Cellar/texlive/20260301/share/texmf-dist/tex/generic/pgf/utiliti
es/pgfkeyslibraryfiltered.code.tex))
(/opt/homebrew/Cellar/texlive/20260301/share/texmf-dist/tex/generic/pgf/systeml
ayer/pgf.cfg)
(/opt/homebrew/Cellar/texlive/20260301/share/texmf-dist/tex/generic/pgf/systeml
ayer/pgfsys-xetex.def
(/opt/homebrew/Cellar/texlive/20260301/share/texmf-dist/tex/generic/pgf/systeml
ayer/pgfsys-dvipdfmx.def
(/opt/homebrew/Cellar/texlive/20260301/share/texmf-dist/tex/generic/pgf/systeml
ayer/pgfsys-common-pdf.def))))
(/opt/homebrew/Cellar/texlive/20260301/share/texmf-dist/tex/generic/pgf/systeml
ayer/pgfsyssoftpath.code.tex)
(/opt/homebrew/Cellar/texlive/20260301/share/texmf-dist/tex/generic/pgf/systeml
ayer/pgfsysprotocol.code.tex))
(/opt/homebrew/Cellar/texlive/20260301/share/texmf-dist/tex/latex/xcolor/xcolor
.sty
(/opt/homebrew/Cellar/texlive/20260301/share/texmf-dist/tex/latex/graphics-cfg/
color.cfg)
(/opt/homebrew/Cellar/texlive/20260301/share/texmf-dist/tex/latex/graphics/math
color.ltx))
(/opt/homebrew/Cellar/texlive/20260301/share/texmf-dist/tex/generic/pgf/basicla
yer/pgfcore.code.tex
(/opt/homebrew/Cellar/texlive/20260301/share/texmf-dist/tex/generic/pgf/math/pg
fmath.code.tex
(/opt/homebrew/Cellar/texlive/20260301/share/texmf-dist/tex/generic/pgf/math/pg
fmathutil.code.tex)
(/opt/homebrew/Cellar/texlive/20260301/share/texmf-dist/tex/generic/pgf/math/pg
fmathparser.code.tex)
(/opt/homebrew/Cellar/texlive/20260301/share/texmf-dist/tex/generic/pgf/math/pg
fmathfunctions.code.tex)
(/opt/homebrew/Cellar/texlive/20260301/share/texmf-dist/tex/generic/pgf/math/pg
fmathfunctions.basic.code.tex)
(/opt/homebrew/Cellar/texlive/20260301/share/texmf-dist/tex/generic/pgf/math/pg
fmathfunctions.trigonometric.code.tex)
(/opt/homebrew/Cellar/texlive/20260301/share/texmf-dist/tex/generic/pgf/math/pg
fmathfunctions.random.code.tex)
(/opt/homebrew/Cellar/texlive/20260301/share/texmf-dist/tex/generic/pgf/math/pg
fmathfunctions.comparison.code.tex)
(/opt/homebrew/Cellar/texlive/20260301/share/texmf-dist/tex/generic/pgf/math/pg
fmathfunctions.base.code.tex)
(/opt/homebrew/Cellar/texlive/20260301/share/texmf-dist/tex/generic/pgf/math/pg
fmathfunctions.round.code.tex)
(/opt/homebrew/Cellar/texlive/20260301/share/texmf-dist/tex/generic/pgf/math/pg
fmathfunctions.misc.code.tex)
(/opt/homebrew/Cellar/texlive/20260301/share/texmf-dist/tex/generic/pgf/math/pg
fmathfunctions.integerarithmetics.code.tex)
(/opt/homebrew/Cellar/texlive/20260301/share/texmf-dist/tex/generic/pgf/math/pg
fmathcalc.code.tex)
(/opt/homebrew/Cellar/texlive/20260301/share/texmf-dist/tex/generic/pgf/math/pg
fmathfloat.code.tex))
(/opt/homebrew/Cellar/texlive/20260301/share/texmf-dist/tex/generic/pgf/math/pg
fint.code.tex)
(/opt/homebrew/Cellar/texlive/20260301/share/texmf-dist/tex/generic/pgf/basicla
yer/pgfcorepoints.code.tex)
(/opt/homebrew/Cellar/texlive/20260301/share/texmf-dist/tex/generic/pgf/basicla
yer/pgfcorepathconstruct.code.tex)
(/opt/homebrew/Cellar/texlive/20260301/share/texmf-dist/tex/generic/pgf/basicla
yer/pgfcorepathusage.code.tex)
(/opt/homebrew/Cellar/texlive/20260301/share/texmf-dist/tex/generic/pgf/basicla
yer/pgfcorescopes.code.tex)
(/opt/homebrew/Cellar/texlive/20260301/share/texmf-dist/tex/generic/pgf/basicla
yer/pgfcoregraphicstate.code.tex)
(/opt/homebrew/Cellar/texlive/20260301/share/texmf-dist/tex/generic/pgf/basicla
yer/pgfcoretransformations.code.tex)
(/opt/homebrew/Cellar/texlive/20260301/share/texmf-dist/tex/generic/pgf/basicla
yer/pgfcorequick.code.tex)
(/opt/homebrew/Cellar/texlive/20260301/share/texmf-dist/tex/generic/pgf/basicla
yer/pgfcoreobjects.code.tex)
(/opt/homebrew/Cellar/texlive/20260301/share/texmf-dist/tex/generic/pgf/basicla
yer/pgfcorepathprocessing.code.tex)
(/opt/homebrew/Cellar/texlive/20260301/share/texmf-dist/tex/generic/pgf/basicla
yer/pgfcorearrows.code.tex)
(/opt/homebrew/Cellar/texlive/20260301/share/texmf-dist/tex/generic/pgf/basicla
yer/pgfcoreshade.code.tex)
(/opt/homebrew/Cellar/texlive/20260301/share/texmf-dist/tex/generic/pgf/basicla
yer/pgfcoreimage.code.tex)
(/opt/homebrew/Cellar/texlive/20260301/share/texmf-dist/tex/generic/pgf/basicla
yer/pgfcoreexternal.code.tex)
(/opt/homebrew/Cellar/texlive/20260301/share/texmf-dist/tex/generic/pgf/basicla
yer/pgfcorelayers.code.tex)
(/opt/homebrew/Cellar/texlive/20260301/share/texmf-dist/tex/generic/pgf/basicla
yer/pgfcoretransparency.code.tex)
(/opt/homebrew/Cellar/texlive/20260301/share/texmf-dist/tex/generic/pgf/basicla
yer/pgfcorepatterns.code.tex)
(/opt/homebrew/Cellar/texlive/20260301/share/texmf-dist/tex/generic/pgf/basicla
yer/pgfcorerdf.code.tex)))
(/opt/homebrew/Cellar/texlive/20260301/share/texmf-dist/tex/generic/pgf/modules
/pgfmoduleshapes.code.tex)
(/opt/homebrew/Cellar/texlive/20260301/share/texmf-dist/tex/generic/pgf/modules
/pgfmoduleplot.code.tex)
(/opt/homebrew/Cellar/texlive/20260301/share/texmf-dist/tex/latex/pgf/compatibi
lity/pgfcomp-version-0-65.sty)
(/opt/homebrew/Cellar/texlive/20260301/share/texmf-dist/tex/latex/pgf/compatibi
lity/pgfcomp-version-1-18.sty))
(/opt/homebrew/Cellar/texlive/20260301/share/texmf-dist/tex/latex/pgf/utilities
/pgffor.sty
(/opt/homebrew/Cellar/texlive/20260301/share/texmf-dist/tex/latex/pgf/utilities
/pgfkeys.sty
(/opt/homebrew/Cellar/texlive/20260301/share/texmf-dist/tex/generic/pgf/utiliti
es/pgfkeys.code.tex))
(/opt/homebrew/Cellar/texlive/20260301/share/texmf-dist/tex/latex/pgf/math/pgfm
ath.sty
(/opt/homebrew/Cellar/texlive/20260301/share/texmf-dist/tex/generic/pgf/math/pg
fmath.code.tex))
(/opt/homebrew/Cellar/texlive/20260301/share/texmf-dist/tex/generic/pgf/utiliti
es/pgffor.code.tex))
(/opt/homebrew/Cellar/texlive/20260301/share/texmf-dist/tex/generic/pgf/fronten
dlayer/tikz/tikz.code.tex
(/opt/homebrew/Cellar/texlive/20260301/share/texmf-dist/tex/generic/pgf/librari
es/pgflibraryplothandlers.code.tex)
(/opt/homebrew/Cellar/texlive/20260301/share/texmf-dist/tex/generic/pgf/modules
/pgfmodulematrix.code.tex)
(/opt/homebrew/Cellar/texlive/20260301/share/texmf-dist/tex/generic/pgf/fronten
dlayer/tikz/libraries/tikzlibrarytopaths.code.tex)))
(/opt/homebrew/Cellar/texlive/20260301/share/texmf-dist/tex/latex/hyperref/hype
rref.sty
(/opt/homebrew/Cellar/texlive/20260301/share/texmf-dist/tex/latex/kvsetkeys/kvs
etkeys.sty)
(/opt/homebrew/Cellar/texlive/20260301/share/texmf-dist/tex/generic/kvdefinekey
s/kvdefinekeys.sty)
(/opt/homebrew/Cellar/texlive/20260301/share/texmf-dist/tex/generic/pdfescape/p
dfescape.sty
(/opt/homebrew/Cellar/texlive/20260301/share/texmf-dist/tex/generic/ltxcmds/ltx
cmds.sty)
(/opt/homebrew/Cellar/texlive/20260301/share/texmf-dist/tex/generic/pdftexcmds/
pdftexcmds.sty
(/opt/homebrew/Cellar/texlive/20260301/share/texmf-dist/tex/generic/infwarerr/i
nfwarerr.sty)))
(/opt/homebrew/Cellar/texlive/20260301/share/texmf-dist/tex/latex/hycolor/hycol
or.sty)
(/opt/homebrew/Cellar/texlive/20260301/share/texmf-dist/tex/latex/hyperref/name
ref.sty
(/opt/homebrew/Cellar/texlive/20260301/share/texmf-dist/tex/latex/refcount/refc
ount.sty)
(/opt/homebrew/Cellar/texlive/20260301/share/texmf-dist/tex/generic/gettitlestr
ing/gettitlestring.sty
(/opt/homebrew/Cellar/texlive/20260301/share/texmf-dist/tex/latex/kvoptions/kvo
ptions.sty)))
(/opt/homebrew/Cellar/texlive/20260301/share/texmf-dist/tex/latex/etoolbox/etoo
lbox.sty)
(/opt/homebrew/Cellar/texlive/20260301/share/texmf-dist/tex/generic/stringenc/s
tringenc.sty)
(/opt/homebrew/Cellar/texlive/20260301/share/texmf-dist/tex/latex/hyperref/pd1e
nc.def)
(/opt/homebrew/Cellar/texlive/20260301/share/texmf-dist/tex/generic/intcalc/int
calc.sty)
(/opt/homebrew/Cellar/texlive/20260301/share/texmf-dist/tex/latex/hyperref/puen
c.def)
(/opt/homebrew/Cellar/texlive/20260301/share/texmf-dist/tex/latex/url/url.sty)
(/opt/homebrew/Cellar/texlive/20260301/share/texmf-dist/tex/generic/bitset/bits
et.sty
(/opt/homebrew/Cellar/texlive/20260301/share/texmf-dist/tex/generic/bigintcalc/
bigintcalc.sty)))
(/opt/homebrew/Cellar/texlive/20260301/share/texmf-dist/tex/latex/hyperref/hxet
ex.def
(/opt/homebrew/Cellar/texlive/20260301/share/texmf-dist/tex/latex/rerunfilechec
k/rerunfilecheck.sty
(/opt/homebrew/Cellar/texlive/20260301/share/texmf-dist/tex/generic/uniquecount
er/uniquecounter.sty)))
(/opt/homebrew/Cellar/texlive/20260301/share/texmf-dist/tex/latex/unicode-math/
unicode-math.sty
(/opt/homebrew/Cellar/texlive/20260301/share/texmf-dist/tex/latex/unicode-math/
unicode-math-xetex.sty
(/opt/homebrew/Cellar/texlive/20260301/share/texmf-dist/tex/latex/l3packages/xp
arse/xparse.sty)
(/opt/homebrew/Cellar/texlive/20260301/share/texmf-dist/tex/latex/l3packages/l3
keys2e/l3keys2e.sty)
(/opt/homebrew/Cellar/texlive/20260301/share/texmf-dist/tex/latex/fontspec/font
spec.sty
(/opt/homebrew/Cellar/texlive/20260301/share/texmf-dist/tex/latex/fontspec/font
spec-xetex.sty
(/opt/homebrew/Cellar/texlive/20260301/share/texmf-dist/tex/latex/base/fontenc.
sty)
(/opt/homebrew/Cellar/texlive/20260301/share/texmf-dist/tex/latex/fontspec/font
spec.cfg)))
(/opt/homebrew/Cellar/texlive/20260301/share/texmf-dist/tex/latex/base/fix-cm.s
ty
(/opt/homebrew/Cellar/texlive/20260301/share/texmf-dist/tex/latex/base/ts1enc.d
ef))
(/opt/homebrew/Cellar/texlive/20260301/share/texmf-dist/tex/latex/unicode-math/
unicode-math-table.tex))) (./macros/common.tex) (./macros/print.tex)
(/Users/siruilu/Local/agentFormalization/QICLean/worktrees/area-law-bell-pin-po
wers/.deps/tenkz/tex/tenkz/tenkz.sty
(/opt/homebrew/Cellar/texlive/20260301/share/texmf-dist/tex/generic/pgf/fronten
dlayer/tikz/libraries/tikzlibrarycalc.code.tex)
(/opt/homebrew/Cellar/texlive/20260301/share/texmf-dist/tex/generic/pgf/librari
es/pgflibraryarrows.meta.code.tex)
(/opt/homebrew/Cellar/texlive/20260301/share/texmf-dist/tex/generic/pgf/fronten
dlayer/tikz/libraries/tikzlibrarybackgrounds.code.tex)
(/opt/homebrew/Cellar/texlive/20260301/share/texmf-dist/tex/generic/pgf/fronten
dlayer/tikz/libraries/tikzlibrarydecorations.pathreplacing.code.tex
(/opt/homebrew/Cellar/texlive/20260301/share/texmf-dist/tex/generic/pgf/fronten
dlayer/tikz/libraries/tikzlibrarydecorations.code.tex
(/opt/homebrew/Cellar/texlive/20260301/share/texmf-dist/tex/generic/pgf/modules
/pgfmoduledecorations.code.tex))
(/opt/homebrew/Cellar/texlive/20260301/share/texmf-dist/tex/generic/pgf/librari
es/decorations/pgflibrarydecorations.pathreplacing.code.tex))
(/opt/homebrew/Cellar/texlive/20260301/share/texmf-dist/tex/generic/pgf/fronten
dlayer/tikz/libraries/tikzlibrarydecorations.markings.code.tex
(/opt/homebrew/Cellar/texlive/20260301/share/texmf-dist/tex/generic/pgf/librari
es/decorations/pgflibrarydecorations.markings.code.tex))
(/opt/homebrew/Cellar/texlive/20260301/share/texmf-dist/tex/generic/pgf/fronten
dlayer/tikz/libraries/tikzlibraryfit.code.tex)
(/opt/homebrew/Cellar/texlive/20260301/share/texmf-dist/tex/generic/pgf/fronten
dlayer/tikz/libraries/tikzlibraryshapes.geometric.code.tex
(/opt/homebrew/Cellar/texlive/20260301/share/texmf-dist/tex/generic/pgf/librari
es/shapes/pgflibraryshapes.geometric.code.tex))
(/opt/homebrew/Cellar/texlive/20260301/share/texmf-dist/tex/latex/hobby/tikzlib
raryhobby.code.tex
(/opt/homebrew/Cellar/texlive/20260301/share/texmf-dist/tex/latex/hobby/pgflibr
aryhobby.code.tex
(/opt/homebrew/Cellar/texlive/20260301/share/texmf-dist/tex/latex/hobby/hobby.c
ode.tex
(/opt/homebrew/Cellar/texlive/20260301/share/texmf-dist/tex/latex/hobby/pml3arr
ay.sty))))
(/opt/homebrew/Cellar/texlive/20260301/share/texmf-dist/tex/latex/spath3/tikzli
braryspath3.code.tex
(/opt/homebrew/Cellar/texlive/20260301/share/texmf-dist/tex/latex/spath3/spath3
.sty))
(/opt/homebrew/Cellar/texlive/20260301/share/texmf-dist/tex/generic/pgf/fronten
dlayer/tikz/libraries/tikzlibraryintersections.code.tex
(/opt/homebrew/Cellar/texlive/20260301/share/texmf-dist/tex/generic/pgf/librari
es/pgflibraryintersections.code.tex
(/opt/homebrew/Cellar/texlive/20260301/share/texmf-dist/tex/generic/pgf/librari
es/pgflibraryfpu.code.tex)))
(/Users/siruilu/Local/agentFormalization/QICLean/worktrees/area-law-bell-pin-po
wers/.deps/tenkz/tex/tenkz/tenkz-language.code.tex
(/Users/siruilu/Local/agentFormalization/QICLean/worktrees/area-law-bell-pin-po
wers/.deps/tenkz/tex/tenkz/tenkz-language-registry.tex))
(/Users/siruilu/Local/agentFormalization/QICLean/worktrees/area-law-bell-pin-po
wers/.deps/tenkz/tex/tenkz/tenkz-model.code.tex)
(/Users/siruilu/Local/agentFormalization/QICLean/worktrees/area-law-bell-pin-po
wers/.deps/tenkz/tex/tenkz/tenkz-core.code.tex)
(/Users/siruilu/Local/agentFormalization/QICLean/worktrees/area-law-bell-pin-po
wers/.deps/tenkz/tex/tenkz/tenkz-metric.code.tex)
(/Users/siruilu/Local/agentFormalization/QICLean/worktrees/area-law-bell-pin-po
wers/.deps/tenkz/tex/tenkz/tenkz-geometry.code.tex)
(/Users/siruilu/Local/agentFormalization/QICLean/worktrees/area-law-bell-pin-po
wers/.deps/tenkz/tex/tenkz/tenkz-string.code.tex)
(/Users/siruilu/Local/agentFormalization/QICLean/worktrees/area-law-bell-pin-po
wers/.deps/tenkz/tex/tenkz/tenkz-tree.code.tex)
(/Users/siruilu/Local/agentFormalization/QICLean/worktrees/area-law-bell-pin-po
wers/.deps/tenkz/tex/tenkz/tenkz-render.code.tex)
(/Users/siruilu/Local/agentFormalization/QICLean/worktrees/area-law-bell-pin-po
wers/.deps/tenkz/tex/tenkz/tenkz-kernel.code.tex
(/Users/siruilu/Local/agentFormalization/QICLean/worktrees/area-law-bell-pin-po
wers/.deps/tenkz/tex/tenkz/tenkz-kernel-language.code.tex)
(/Users/siruilu/Local/agentFormalization/QICLean/worktrees/area-law-bell-pin-po
wers/.deps/tenkz/tex/tenkz/tenkz-kernel-policy.code.tex)
(/Users/siruilu/Local/agentFormalization/QICLean/worktrees/area-law-bell-pin-po
wers/.deps/tenkz/tex/tenkz/tenkz-kernel-resolve.code.tex)
(/Users/siruilu/Local/agentFormalization/QICLean/worktrees/area-law-bell-pin-po
wers/.deps/tenkz/tex/tenkz/tenkz-kernel-ink.code.tex)
(/Users/siruilu/Local/agentFormalization/QICLean/worktrees/area-law-bell-pin-po
wers/.deps/tenkz/tex/tenkz/tenkz-kernel-annotate.code.tex)
(/Users/siruilu/Local/agentFormalization/QICLean/worktrees/area-law-bell-pin-po
wers/.deps/tenkz/tex/tenkz/tenkz-kernel-surface.code.tex)))
(./macros/diagrams.tex
(/opt/homebrew/Cellar/texlive/20260301/share/texmf-dist/tex/latex/tikz-cd/tikz-
cd.sty
(/opt/homebrew/Cellar/texlive/20260301/share/texmf-dist/tex/generic/tikz-cd/tik
zlibrarycd.code.tex
(/opt/homebrew/Cellar/texlive/20260301/share/texmf-dist/tex/generic/pgf/fronten
dlayer/tikz/libraries/tikzlibrarymatrix.code.tex)
(/opt/homebrew/Cellar/texlive/20260301/share/texmf-dist/tex/generic/pgf/fronten
dlayer/tikz/libraries/tikzlibraryquotes.code.tex))))
(/Users/siruilu/Local/agentFormalization/QICLean/worktrees/area-law-bell-pin-po
wers/blueprint/print/print.aux)
*geometry* driver: auto-detecting
*geometry* detected driver: xetex

(/Users/siruilu/Local/agentFormalization/QICLean/worktrees/area-law-bell-pin-po
wers/blueprint/print/print.out)
(/Users/siruilu/Local/agentFormalization/QICLean/worktrees/area-law-bell-pin-po
wers/blueprint/print/print.out)
(/opt/homebrew/Cellar/texlive/20260301/share/texmf-dist/tex/latex/amsfonts/umsa
.fd)
(/opt/homebrew/Cellar/texlive/20260301/share/texmf-dist/tex/latex/amsfonts/umsb
.fd) [1]
(/Users/siruilu/Local/agentFormalization/QICLean/worktrees/area-law-bell-pin-po
wers/blueprint/print/print.toc [1] [2] [3] [4] [5] [6]) (./content.tex
(./chapter/ch01_deconstructing_quantum.tex [7]
Chapter 1.
(./chapter/ch01_states.tex
Overfull \hbox (8.30865pt too wide) in paragraph at lines 7--13
[][]\TU/lmr/bx/n/10 Definition 1.1.1 \TU/lmr/m/n/10 (Schmidt decomposition)\TU/
lmr/bx/n/10 . [][][] [][][] [][] [][][] \TU/lmr/m/n/10 For $[] [] [][] [] [][]$
 with $[] [] [][][][][] [][][]$,
[8] [9]) (./chapter/ch01_shifted_density_powers.tex [10])
(./chapter/ch01_shifted_density_truncation.tex [11] [12])
(./chapter/ch01_shifted_power_derivative.tex [13])
(./chapter/ch01_patch_regulator.tex) (./chapter/ch01_positive_maps.tex [14]
[15] [16]
Overfull \hbox (0.76086pt too wide) in paragraph at lines 323--327
[][]\TU/lmr/bx/n/10 Definition 1.9.9 \TU/lmr/m/n/10 (State-preparation map)\TU/
lmr/bx/n/10 . [][][] [][][] [][] [][][] \TU/lmr/m/n/10 Let $[]$ be a matrix on 
a finite-dimensional
[17]
Overfull \hbox (10.62057pt too wide) in paragraph at lines 385--388
[][]\TU/lmr/bx/n/10 Theorem 1.10.3 \TU/lmr/m/n/10 (Trace of the maximally mixed
 matrix)\TU/lmr/bx/n/10 . [][][] [][][] [][] [][][] \TU/lmr/m/it/10 If $[] [] [
]$, then $[][][][][][][] []
[18] [19] [20]
Overfull \hbox (11.59889pt too wide) in paragraph at lines 762--772
[][]\TU/lmr/bx/n/10 Lemma 1.10.15 \TU/lmr/m/n/10 (Reconstructing a Kraus map fr
om $[][]$)\TU/lmr/bx/n/10 . [][][] [][][] [][] [][][] \TU/lmr/m/it/10 Let $[][]
$ be as in Lemma [][]1.10.12[][]

Overfull \hbox (28.53387pt too wide) in paragraph at lines 774--777
[] [][][] \TU/lmr/m/n/10 Both sides expand, entry by entry, to the same double 
sum $[] [][] [][] [] [][] [][][][][] [][]$.
[21] [22] [23] [24] [25]
Overfull \hbox (5.29309pt too wide) in paragraph at lines 1340--1344
[] [][][] \TU/lmr/m/n/10 For every $[][][] [][]$ and $[] [] []$, the zero-exten
ded operator satisfies $[][][][][][] []
[26] [27]
Overfull \hbox (0.58412pt too wide) in paragraph at lines 1512--1516
[] [][][] \TU/lmr/m/n/10 Since $[]$ is Hermitian and $[][] [] []$, the diagonal
 entries of the sum are $[][] [][][] []
) (./chapter/ch01_spectrum_and_wigner.tex [28] [29] [30] [31] [32] [33])
(./chapter/ch01_cyclic_trace_power.tex) (./chapter/ch01_coherent_frames.tex
[34])) (./chapter/ch02_channels.tex [35]
Chapter 2.
(./chapter/ch02_channels_positive_map_and_channel_foundations.tex [36] [37])
(./chapter/ch02_channels_rectangular_kraus_maps.tex [38]
Overfull \hbox (4.21751pt too wide) in paragraph at lines 88--93
[][]\TU/lmr/bx/n/10 Theorem 2.5.8 \TU/lmr/m/n/10 (Trace preservation from a Kra
us resolution)\TU/lmr/bx/n/10 . [][][] [][][] [][] [][][] []\TU/lmr/m/it/10 Eve
ry trace-preserving
[39]
Overfull \hbox (6.7766pt too wide) in paragraph at lines 148--148
[]\TU/lmr/bx/n/14.4 The Choi–Jamiolkowski representation of maps between
[40] [41]
Overfull \hbox (19.3712pt too wide) in paragraph at lines 420--428
[][]\TU/lmr/bx/n/10 Theorem 2.7.1 \TU/lmr/m/n/10 (Kraus normalization condition
s)\TU/lmr/bx/n/10 . [][][] [][][] [][][][] [][][] [][][][] [][][] [][] [][][] [
]\TU/lmr/m/it/10 Let $[][][][] [] [][] [][][][][]$
[42]) (./chapter/ch02_channels_tensor_maps_and_controlled_trace.tex [43])
(./chapter/ch02_channels_transfer_map_foundations.tex [44] [45])
(./chapter/ch02_channels_peripheral_spectrum_and_primitivity.tex [46] [47]
[48] [49] [50]
Overfull \hbox (8.69438pt too wide) in paragraph at lines 488--494
[][]\TU/lmr/bx/n/10 Lemma 2.13.2.1 \TU/lmr/m/n/10 (Peripheral closure via adjoi
nt fixed point)\TU/lmr/bx/n/10 . [][][] [][][] [][] [][][] [][][][]\TU/lmr/m/it
/10 Let $[][][][] [] [][] [][][][][]$

Overfull \hbox (0.28438pt too wide) in paragraph at lines 535--544
[][]\TU/lmr/bx/n/10 Theorem 2.13.2.2 \TU/lmr/m/n/10 (Roots of unity via adjoint
 fixed point)\TU/lmr/bx/n/10 . [][][] [][][] [][] [][][] [][][][][]\TU/lmr/m/it
/10 Let $[][][][] [] [][] [][][][][]$
[51] [52])) (./chapter/ch03_channel_representations.tex [53]
Chapter 3.
(./chapter/ch03_channel_representations_choi_foundations.tex
Overfull \hbox (1.66296pt too wide) in paragraph at lines 16--22
\TU/lmr/m/n/10 When $[] [] []$, this is the \TU/lmr/m/it/10 maximally entangled
 state\TU/lmr/m/n/10 : a rank-one projector with $[][][][] [][][][][] []
[54] [55]) (./chapter/ch03_channel_representations_rectangular_choi_bounds.tex
[56]
Overfull \hbox (7.94478pt too wide) in paragraph at lines 83--87
[][]\TU/lmr/bx/n/10 Definition 3.2.5 \TU/lmr/m/n/10 (Hilbert–Schmidt contractio
n)\TU/lmr/bx/n/10 . [][][] [][][] [][] [][][] \TU/lmr/m/n/10 A complex-linear m
ap $[] [] [][][][][] []
)
(./chapter/ch03_channel_representations_no_information_without_disturbance.tex
[57]) (./chapter/ch03_channel_representations_choi_and_kraus.tex [58] [59]
[60] [61] [62] [63]
Overfull \hbox (11.82436pt too wide) in paragraph at lines 778--783
[][]\TU/lmr/bx/n/10 Theorem 3.7.4 \TU/lmr/m/n/10 (Unitality implies Kraus unita
l normalization)\TU/lmr/bx/n/10 . [][][] [][][] [][] [][][] []\TU/lmr/m/it/10 I
f $[][][][] [] [][] [][][][][]$
[64] [65]) (./chapter/ch03_channel_representations_kraus_iterate_choi.tex
[66] [67]) (./chapter/ch03_channel_representations_ensemble_equivalence.tex
[68]
Overfull \hbox (0.58437pt too wide) in paragraph at lines 128--132
[]\TU/lmr/m/n/10 Conversely, a unitary $[]$ satisfies $[][][] [] []$, so Theore
m [][]3.6.6[][] gives $[][] [][][][] [][][][] [] [][] [][][][] [][][][]$.
) (./chapter/ch03_channel_representations_hermitian_intertwiners.tex [69])
(./chapter/ch03_channel_representations_dilations_and_ordered_cp.tex [70]
[71] [72]
Overfull \hbox (3.29pt too wide) in paragraph at lines 292--292
[]\TU/lmr/bx/n/14.4 Ordered CP maps, Radon–Nikodym, and open-system
[73] [74] [75]
Overfull \hbox (1.84756pt too wide) in paragraph at lines 679--690
[][]\TU/lmr/bx/n/10 Corollary 3.12.15 \TU/lmr/m/n/10 (Square-algebra Radon–Niko
dym theorem)\TU/lmr/bx/n/10 . [][][] [][][] [][] [][][] []\TU/lmr/m/it/10 Let $
[]$ be a nonempty
[76]
Overfull \hbox (11.32751pt too wide) in paragraph at lines 795--799
[][]\TU/lmr/bx/n/10 Lemma 3.12.21 \TU/lmr/m/n/10 (First environment embedding i
s an isometry)\TU/lmr/bx/n/10 . [][][] [][][] [][] [][][] []\TU/lmr/m/it/10 The
 first-environment
[77] [78] [79] [80] [81] [82])
(./chapter/ch03_channel_representations_normal_forms_and_determinant.tex
[83] [84] [85] [86] [87] [88] [89] [90] [91]
Overfull \hbox (27.40834pt too wide) in paragraph at lines 1026--1031
\TU/lmr/m/n/10 nates used immediately before [[], Eq. (2.41)]; see also the loc
al source $[][][][][] [] [][][][][][][][][][][][][][][][][] []
[92] [93] [94] [95]
Overfull \hbox (15.74634pt too wide) in paragraph at lines 1439--1446
[]\TU/lmr/m/n/10 Thus $[]$ maps the positive-semidefinite cone onto itself. The
 already formalized cone/rank/Wigner
[96] [97]) (./chapter/ch03_channel_representations_determinant_choi_bound.tex
[98]
Overfull \hbox (8.04791pt too wide) in paragraph at lines 53--59
\TU/lmr/m/n/10 Substituting $[][][][] [][][]$ for the row pair and $[][][][] []
[][]$ for the column pair in ([][]3.120[][]) gives $[][][][][][][][][]$,
) (./chapter/ch03_channel_representations_self_dual.tex [99]
Overfull \hbox (8.98033pt too wide) in paragraph at lines 60--66
[][]\TU/lmr/bx/n/10 Theorem 3.19.4 \TU/lmr/m/n/10 (Transfer matrix of a Kraus r
epresentation)\TU/lmr/bx/n/10 . [][][] [][][] [][] [][][] []\TU/lmr/m/it/10 If 
$[][][][] [] [][] [][][][][]$,
[100] [101] [102])
(./chapter/ch03_channel_representations_transfer_matrix_identities.tex [103])
(./chapter/ch03_channel_representations_sic_povms.tex [104] [105] [106]
[107])) (./chapter/ch04_positive_not_cp.tex [108]
Chapter 4.
(./chapter/ch04_positive_not_cp_trace_normalization_and_lorentz_cone.tex
[109]) (./chapter/ch04_positive_not_cp_two_positive_schmidt_and_choi.tex

Package hyperref Warning: Token not allowed in a PDF string (Unicode):
(hyperref)                removing `math shift' on input line 1.


Package hyperref Warning: Token not allowed in a PDF string (Unicode):
(hyperref)                removing `math shift' on input line 1.

[110] [111] [112] [113] [114] [115]
Overfull \hbox (1.33026pt too wide) in paragraph at lines 743--748
[] [][][] \TU/lmr/m/n/10 The forward direction is Theorem [][]4.2.3.8[][]. The 
reverse direction is Theorem [][]4.2.3.9[][].
[116]) (./chapter/ch04_positive_not_cp_npositivity_infimum.tex [117] [118])
(./chapter/ch04_positive_not_cp_positivity_reduction_and_breuer_hall.tex
[119] [120] [121] [122] [123] [124] [125]
Overfull \hbox (7.63916pt too wide) in paragraph at lines 751--758
[] [][][] []\TU/lmr/m/n/10 A positive semidefinite matrix is a sum of rank-one 
operators $[][][][][][]$. By Lemma [][]4.7.2[][]
[126]) (./chapter/ch04_positive_not_cp_choi_and_decomposable_maps.tex [127]
[128] [129] [130]
Overfull \hbox (5.33284pt too wide) in paragraph at lines 402--411
[]\TU/lmr/m/n/10 The comparison cannot in general be made strict. For $[][][] [
][] [][] [] [][][] [][] [][]$ and $[] [] [][][] [][] [][] [][] [][]$,
[131] [132] [133] [134] [135] [136] [137] [138] [139] [140] [141])
(./chapter/ch04_positive_not_cp_ppt_and_separable_states.tex [142] [143]
Overfull \hbox (3.90086pt too wide) in paragraph at lines 211--219
\TU/lmr/m/n/10 A bipartite state is separable when it is a convex combination o
f pure product states $[][] [][] [][][][][][][][] []
[144]) (./chapter/ch04_positive_not_cp_schmidt_number_and_entanglement.tex
[145] [146] [147]) (./chapter/ch04_positive_not_cp_kramers_degeneracy.tex
[148] [149])) (./chapter/ch04_positive_not_cp_supporting_results.tex [150]
Overfull \hbox (3.34654pt too wide) in paragraph at lines 185--189
[][]\TU/lmr/bx/n/10 Lemma 4.17.2 \TU/lmr/m/n/10 (Rank factorization through a c
oordinate space)\TU/lmr/bx/n/10 . [][][] [][][] [][] [][][] \TU/lmr/m/it/10 If 
$[] [] [][][][][][][][]$
[151]
Overfull \hbox (7.86009pt too wide) in paragraph at lines 264--269
[] [][][] \TU/lmr/m/n/10 The eigenvectors form an orthonormal basis, so with $[
] [] [][][]$ one has $[][] [][][][][][][][][] []
[152]
Overfull \hbox (7.40033pt too wide) in paragraph at lines 331--340
\TU/lmr/m/n/10 Choi criterion, the rectangular compression criterion, and the r
ank-$[]$ projection criterion. Through-
[153] [154] [155]
Overfull \hbox (0.84254pt too wide) in paragraph at lines 680--684
[][]\TU/lmr/bx/n/10 Lemma 4.19.16 \TU/lmr/m/n/10 (Rank-$[]$ Hermitian projectio
n factorization)\TU/lmr/bx/n/10 . [][][] [][][] [][] [][][] \TU/lmr/m/it/10 Let
 $[] [] [][][][][][][][]$

Package hyperref Warning: Token not allowed in a PDF string (Unicode):
(hyperref)                removing `math shift' on input line 703.


Package hyperref Warning: Token not allowed in a PDF string (Unicode):
(hyperref)                removing `math shift' on input line 703.

[156]
Overfull \hbox (9.13817pt too wide) in paragraph at lines 796--796
[]\TU/lmr/bx/n/14.4 Schmidt-number geometry and entanglement witnesses 
[157] [158]) (./chapter/ch04_convex_structure.tex [159]
Chapter 5.
[160] [161]
Overfull \hbox (0.17003pt too wide) in paragraph at lines 312--325
[] [][][] []\TU/lmr/m/n/10 The equality constraints and equality of the objecti
ves give $[][][][][] [] [][] [][][][][][][][] []
) (./chapter/ch05_schwarz.tex [162]
Chapter 6.
(./chapter/ch05_schwarz_ft_core.tex [163] [164])
(./chapter/ch05_schwarz_retractions_and_peripheral_equality.tex [165] [166])
(./chapter/ch05_schwarz_douglas.tex [167])
(./chapter/ch05_schwarz_schur_complement.tex)
(./chapter/ch05_schwarz_abstract_domains_and_order.tex [168] [169] [170]
[171] [172]
Overfull \hbox (41.15291pt too wide) in paragraph at lines 495--501
\TU/lmr/m/it/10 This is the pseudoinverse-free form of [[], Eq. (5.4)]: the usu
al statement $[][][][][][] [][][][][][][][][][][][][] []

Overfull \hbox (2.29807pt too wide) in paragraph at lines 506--517
\TU/lmr/m/n/10 Evaluating the PSD quadratic form on the vector $[][][] [][][]$ 
and using the side condition $[][][][][][][] []
[173]
Overfull \hbox (7.76178pt too wide) in paragraph at lines 644--649
[][]\TU/lmr/bx/n/10 Definition 6.9.2.7 \TU/lmr/m/n/10 (Per-$[]$ Schwarz hypothe
sis)\TU/lmr/bx/n/10 . [][][] [][][] [][] [][][] []\TU/lmr/m/n/10 A complex-line
ar map $[] [] [][][][][] []

Overfull \hbox (2.08957pt too wide) in paragraph at lines 693--701
[][]\TU/lmr/bx/n/10 Theorem 6.9.2.10 \TU/lmr/m/n/10 (Equality in the operator S
chwarz inequality)\TU/lmr/bx/n/10 . [][][] [][][] [][] [][][] [][]\TU/lmr/m/it/
10 Let $[] [] [][][][][] []
[174])) (./chapter/ch05_schwarz_supporting_results.tex
Overfull \hbox (3.5749pt too wide) in paragraph at lines 49--53
[][]\TU/lmr/bx/n/10 Theorem 6.11.3 \TU/lmr/m/n/10 (Nondegeneracy of the trace p
airing)\TU/lmr/bx/n/10 . [][][] [][][] [][] [][][] \TU/lmr/m/it/10 For $[] [] [
][][][][]$, $[][][][][] []
[175] [176]
Overfull \hbox (4.08379pt too wide) in paragraph at lines 287--287
[]\TU/lmr/bx/n/14.4 Faithful weighted traces and peripheral Schwarz equal-
[177]) (./chapter/ch06_operator_convexity.tex [178]
Chapter 7.
(./chapter/ch06_operator_convexity_schwarz_and_jensen.tex [179] [180] [181]
[182] [183] [184] [185])
(./chapter/ch06_operator_convexity_lieb_and_resolvent.tex [186] [187]
Overfull \hbox (2.84213pt too wide) in paragraph at lines 266--281
\TU/lmr/m/it/10 matrix $[]$, and positive-\TU/lmr/m/n/10 semidefinite \TU/lmr/m
/it/10 matrices $[][][] [][][] [][][] [][]$, the map $[][][] [][] [] [] [][][][
][][][][][][]$
[188] [189]) (./chapter/ch06_operator_convexity_matrix_means.tex
Overfull \hbox (5.76697pt too wide) in paragraph at lines 37--40
[]\TU/lmr/m/it/10 for $[] [] [] [] []$ the mean is monotone in each argument, a
nd for every vector $[]$, $[][][] [][][][][][][][] []
[190] [191]
Overfull \hbox (13.00826pt too wide) in paragraph at lines 197--206
[] [][][] []\TU/lmr/m/n/10 By the chain rule, $[][][][][][] [] [][][][][][][][]
[][][][][][][][]$ with $[] [] [][][][][]$,
[192]
Overfull \hbox (11.05424pt too wide) in paragraph at lines 279--281
\TU/lmr/m/n/10 For $[] [] [] [] [][][]$ let $[][][][][] [] [][][][][][] [][][][
][][]$ with $[][][][][] [] [][]$, and $[][][][][] [] [][][][][][][][][][][][][]
[] []
[193])) (./chapter/ch07_qpf.tex [194]
Chapter 8.
(./chapter/ch07_qpf_cesaro_fixed_points.tex
Overfull \hbox (29.7827pt too wide) in paragraph at lines 45--49
[] [][][] \TU/lmr/m/n/10 Pigeonhole principle on the integer lattice of side $[
][]$: the $[][] [] []$ points $[][][][][][][] [] [] [][][][][][]$
[195] [196] [197] [198]) (./chapter/ch07_qpf_weighted_cesaro.tex [199] [200])
[201] [202] [203] [204] [205] [206] [207] [208] [209]
Overfull \hbox (2.23955pt too wide) in paragraph at lines 1037--1043
[][]\TU/lmr/bx/n/10 Theorem 8.9.8 \TU/lmr/m/n/10 (Eigenvalue $[]$ for positive 
trace-preserving maps)\TU/lmr/bx/n/10 . [][][] [][][] [][] [][][] [][]\TU/lmr/m
/it/10 Let $[] [] [][][][][] []
[210]
Overfull \hbox (5.01353pt too wide) in paragraph at lines 1228--1243
[][]\TU/lmr/bx/n/10 Theorem 8.12.1 \TU/lmr/m/n/10 (Positive fixed-point decompo
sition)\TU/lmr/bx/n/10 . [][][] [][][] [][] [][] [][][] [][] [][] [][][] [][] [
][][] [][]\TU/lmr/m/it/10 Let $[] [] [] [][][][][] []
[211] (./chapter/ch07_qpf_irreducibility_and_ergodicity.tex [212] [213]
[214])) (./chapter/ch07_qpf_supporting_results.tex [215]
Overfull \hbox (1.41978pt too wide) in paragraph at lines 6--6
[]\TU/lmr/bx/n/14.4 Density matrices, Brouwer’s theorem, and Cesàro lim-
[216] [217] [218] [219]) (./chapter/ch08_spectral.tex [220]
Chapter 9.
(./chapter/ch08_spectral_ft_peripheral_cyclic.tex [221] [222])
(./chapter/ch08_spectral_supporting_results.tex [223] [224] [225] [226]))
(./chapter/ch09_channel_asymptotics.tex [227]
Chapter 10.
(./chapter/ch09_channel_asymptotics_jordan_block_power.tex [228])
(./chapter/ch09_channel_asymptotics_upper_triangular_power.tex [229] [230]
[231]) (./chapter/ch09_channel_asymptotics_detailed_balance.tex [232])
(./chapter/ch09_channel_asymptotics_mean_ergodic.tex [233] [234] [235])
(./chapter/ch09_channel_asymptotics_fixed_point_algebras.tex [236])
(./chapter/ch09_channel_asymptotics_fixed_points_and_wedderburn_i.tex [237]
[238] [239] [240] [241] [242] [243] [244] [245]
Overfull \hbox (11.51134pt too wide) in paragraph at lines 982--989
[] [][][] []\TU/lmr/m/n/10 Each pair $[] [] [][]$, $[][] [] [][]$ is of differe
nt type, hence orthogonal by Lemma [][]10.5.22[][].
) (./chapter/ch09_channel_asymptotics_wedderburn_ii.tex [246]
Overfull \hbox (8.43947pt too wide) in paragraph at lines 35--39
[]\TU/lmr/m/n/10 Finally, let $[] [] [][]$ and $[][] [] [][]$ be irreducible un
der $[]$, with $[][] [] [][]$. By Lemma [][]10.5.24[][],
[247] [248]
Overfull \hbox (27.08902pt too wide) in paragraph at lines 176--184
[][]\TU/lmr/bx/n/10 Lemma 10.6.5 \TU/lmr/m/n/10 (Unitary change of basis to blo
ck-diagonal form)\TU/lmr/bx/n/10 . [][][] [][][] [][] [][][] \TU/lmr/m/it/10 Le
t $[][][][][]$
[249] [250] [251] [252] [253] [254] [255])
(./chapter/ch09_channel_asymptotics_corner_and_overlap_decompositions.tex
[256] [257] [258])
(./chapter/ch09_channel_asymptotics_direct_sum_schwarz_maps.tex [259] [260]
Overfull \hbox (3.03027pt too wide) in paragraph at lines 188--201
[] [][][] \TU/lmr/m/n/10 Complete positivity and trace preservation make both t
race adjoints unital Schwarz
[261] [262] [263] [264]

Package hyperref Warning: Token not allowed in a PDF string (Unicode):
(hyperref)                removing `math shift' on input line 616.


Package hyperref Warning: Token not allowed in a PDF string (Unicode):
(hyperref)                removing `math shift' on input line 616.

[265])
(./chapter/ch09_channel_asymptotics_direct_sum_corners_and_maximal_support.tex
[266] [267]
Overfull \hbox (1.70528pt too wide) in paragraph at lines 194--196
[]\TU/lmr/m/n/10 Closure under multiplication transports back through the corre
spondence. A corner-supported
[268] [269] [270] [271])
(./chapter/ch09_channel_asymptotics_fixed_point_structure_and_cycles.tex
[272] [273] [274]
Overfull \hbox (31.08292pt too wide) in paragraph at lines 346--352
[] [][][] []\TU/lmr/m/n/10 In the spectral decomposition $[] [] [] [][][][][][]
$, the support projection is $[] [][][][][][][]$.
[275]
Overfull \hbox (137.52632pt too wide) in paragraph at lines 485--490
[]\TU/lmr/m/n/10 The declarations \TU/lmtt/m/n/10 Kraus.maximalSupport_of_maxim
alRank \TU/lmr/m/n/10 and \TU/lmtt/m/n/10 Kraus.exists_weightedCorner_sqrt_eq_o
f_maximalRank

Overfull \hbox (15.73227pt too wide) in paragraph at lines 501--505
[][]\TU/lmr/bx/n/10 Definition 10.12.1 \TU/lmr/m/n/10 (Exact Kraus word spans)\
TU/lmr/bx/n/10 . [][][] [][][] [][] [][][] \TU/lmr/m/n/10 For a finite Kraus fa
mily $[][][] [] [] [][] []
[276]
Overfull \hbox (11.32634pt too wide) in paragraph at lines 567--571
\TU/lmr/m/n/10 This section develops the block-permutation structure underlying
 the cycle decomposition of [[],
[277] [278] [279]
Overfull \hbox (26.44983pt too wide) in paragraph at lines 1006--1012
[]\TU/lmr/m/it/10 The compiled statement retains the equivalence $[][]$ and the
 literal zero extension $[][][][] [][] [][] [][]$
[280] [281])) (./chapter/ch09_channel_asymptotics_supporting_results.tex
[282] [283]) (./chapter/ch10_wielandt.tex [284]
Chapter 11.
(./chapter/ch10_wielandt_cumulative_bound.tex
Overfull \hbox (35.38342pt too wide) in paragraph at lines 60--65
[] [][][] []\TU/lmr/m/n/10 Expand the Kraus representation of the $[]$-fold ite
rate. Each summand is $[][][][][] [][][][][][][][] []
[285] [286] [287] [288] [289])) (./chapter/ch10_wielandt_supporting_results.tex
 [290] [291]) (./chapter/ch11_semigroup.tex [292]
Chapter 12.
(./chapter/ch11_semigroup_hermitian_paths.tex [293])
(./chapter/ch11_semigroup_dynamics_and_gksl.tex [294]
Overfull \hbox (20.50978pt too wide) in paragraph at lines 27--30
[][]\TU/lmr/bx/n/10 Definition 12.3.3 \TU/lmr/m/n/10 (Exponential semigroup)\TU
/lmr/bx/n/10 . [][][] [][][] [][][][] [][][] [][] [][][] \TU/lmr/m/n/10 Given a
 generator $[] [] [][][][][][][][][]$,
[295] [296] [297]
Overfull \hbox (8.99596pt too wide) in paragraph at lines 499--508
[] [][][] \TU/lmr/m/n/10 Let $[][][][] [] [][] [][][][][]$. By the cyclic prope
rty of trace, $[][][][][][][] [] [][][][][] [][][][][][][] []
[298] [299] [300] [301] [302])
(./chapter/ch11_semigroup_dissipation_and_primitivity.tex [303] [304] [305]
[306] [307]) (./chapter/ch11_semigroup_adjoint_kernel_and_reducibility.tex
[308] [309] [310]
Overfull \hbox (13.29822pt too wide) in paragraph at lines 355--365
[] [][][] \TU/lmr/m/n/10 The block-upper-triangular structure implies $[]$ pres
erves the compression $[][][][][][][]$.
[311] [312]
Overfull \hbox (8.15552pt too wide) in paragraph at lines 648--655
[][]\TU/lmr/bx/n/10 Theorem 12.9.1.16 \TU/lmr/m/n/10 (Large Kossakowski rank im
plies non-reducibility)\TU/lmr/bx/n/10 . [][][] [][][] [][] [][][] [][][][][][]
\TU/lmr/m/it/10 If $[][][][] []
[313])) (./chapter/ch12_entropy.tex [314]
Chapter 13.
(./chapter/ch12_entropy_trace_norm.tex [315] [316] [317]
Overfull \hbox (5.46825pt too wide) in paragraph at lines 455--463
[] [][][] [][][]\TU/lmr/m/n/10 Let $[][]$ be the support projection of $[][][][
][]$ from Lemma [][]13.1.14[][], so that $[][][][][][] []
[318] [319] [320] [321] [322]) (./chapter/ch12_polar_unitary_correction.tex
[323]) (./chapter/ch12_rectangular_windows.tex [324] [325])
(./chapter/ch12_entropy_majorization.tex)
(./chapter/ch12_entropy_von_neumann_and_relative_i.tex [326] [327] [328]
[329] [330] [331] [332] [333])
(./chapter/ch12_entropy_von_neumann_and_relative_ii.tex [334] [335] [336]
[337] [338] [339] [340] [341]
Overfull \hbox (0.6799pt too wide) in paragraph at lines 1010--1020
[] [][][] [][][]\TU/lmr/m/n/10 Kernel inclusion descends through the partial tr
ace, giving $[][][][] [][] [] [][][][] [][]$.
[342] [343]) (./chapter/ch12_entropy_tripartite_and_ssa_i.tex [344] [345]
[346] [347] [348] [349] [350] [351] [352]
Overfull \hbox (6.02043pt too wide) in paragraph at lines 1009--1015
\TU/lmr/m/it/10 This is the source-$[]$ pointwise-vanishing passage in Jenčová–
Ruskai, arXiv:0903.2895v4, lines 433–
[353] [354]) (./chapter/ch12_entropy_tripartite_and_ssa_ii.tex [355] [356]
[357] [358] [359]
Overfull \hbox (3.43794pt too wide) in paragraph at lines 605--612
[][]\TU/lmr/bx/n/10 Lemma 13.8.39 \TU/lmr/m/n/10 (Relative modular square-root 
ratio on the support)\TU/lmr/bx/n/10 . [][][] [][][] [][] [][][] []\TU/lmr/m/it
/10 Let $[][] [][] [][] []$
[360] [361] [362] [363] [364] [365] [366] [367] [368] [369] [370] [371]
[372] [373]
Overfull \hbox (24.00725pt too wide) in paragraph at lines 2195--2208
[][]$\TU/lmr/m/n/10 . The von Neumann entropy of a weighted orthogonal direct s
um is $[][][][] [][] [][][] [] [] [][] [][] [] [][] []
[374]) (./chapter/ch12_entropy_mutual_information.tex [375]
Overfull \hbox (14.84778pt too wide) in paragraph at lines 118--118
[]\TU/lmr/bx/n/14.4 Mutual information: monotonicity and area-law bound 
[376]) (./chapter/ch12_entropy_data_processing.tex)
(./chapter/ch12_entropy_conditional_continuity.tex [377] [378])
(./chapter/ch12_entropy_classical_operator_schmidt_and_renyi.tex [379] [380]
Overfull \hbox (13.46095pt too wide) in paragraph at lines 159--168
[]\TU/lmr/m/n/10 The minimality theorem at the preceding definition proves that
 the range dimension $[] [] [][]$
[381] [382] [383] [384] [385]
Overfull \hbox (1.78531pt too wide) in paragraph at lines 761--765
\TU/lmr/m/it/10 Thus this theorem reduces the singular-reference case to the fa
ithful comparison. Theorem [][]13.15.14[][]
[386] [387] [388] [389]) (./chapter/ch12_entropy_finite_product.tex [390]
[391] (./chapter/ch12_entropy_finite_product_splitting.tex))
(./chapter/ch12_entropy_finite_product_information.tex [392])
(./chapter/ch12_entropy_conditional_two_families.tex [393])
(./chapter/ch12_entropy_typical_spectrum.tex)
(./chapter/ch12_entropy_typical_density.tex [394])
(./chapter/ch12_entropy_typical_pure_state.tex [395])
(./chapter/ch12_entropy_regional_typical_state.tex [396])
(./chapter/ch12_entropy_typical_tail.tex [397])
(./fragment/typical_pure_compression.tex) (./chapter/ch12_density_simplex.tex
[398]) (./chapter/ch12_shifted_density_commutation.tex [399])
(./fragment/spectral_cutoff_mass.tex) (./fragment/replica_defect.tex [400])
(./fragment/replica_excitation_decomposition.tex [401])
(./fragment/replica_excitation_symmetry.tex

LaTeX Warning: Reference `thm:replica_excitation_covariance' on page 402 undefi
ned on input line 32.


LaTeX Warning: Reference `thm:replica_excitation_covariance' on page 402 undefi
ned on input line 39.


LaTeX Warning: Reference `thm:replica_excitation_auxiliary_commute' on page 402
 undefined on input line 48.


LaTeX Warning: Reference `thm:replica_excitation_auxiliary_commute' on page 402
 undefined on input line 55.

) (./fragment/replica_marginal_symmetry.tex [402]

LaTeX Warning: Reference `thm:replica_excitation_preserves_fixed' on page 403 u
ndefined on input line 33.


LaTeX Warning: Reference `thm:fixed_vector_marginal_symmetry' on page 403 undef
ined on input line 33.


LaTeX Warning: Reference `thm:replica_excitation_preserves_fixed' on page 403 u
ndefined on input line 43.


LaTeX Warning: Reference `thm:fixed_vector_marginal_symmetry' on page 403 undef
ined on input line 43.

) (./fragment/replica_good_auxiliary_marginal.tex [403]

LaTeX Warning: Reference `def:good_bad_copies_equiv' on page 404 undefined on i
nput line 62.


LaTeX Warning: Reference `def:replica_good_auxiliary_marginal' on page 404 unde
fined on input line 62.


LaTeX Warning: Reference `thm:replica_excitation_preserves_fixed' on page 404 u
ndefined on input line 62.


LaTeX Warning: Reference `thm:fixed_vector_marginal_symmetry' on page 404 undef
ined on input line 62.

) (./chapter/ch12_entropy_physical_buffer_overlap.tex [404] [405])
(./chapter/ch12_entropy_doubled_system_gap.tex [406] [407])
(./fragment/replica_permutation_covariance.tex [408])
(./fragment/replica_good_copy_factorization.tex

LaTeX Warning: Reference `def:replica_good_remainder' on page 409 undefined on 
input line 30.

[409]

LaTeX Warning: Reference `eq:replica_good_contraction' on page 410 undefined on
 input line 52.


LaTeX Warning: Reference `eq:replica_good_component' on page 410 undefined on i
nput line 53.


LaTeX Warning: Reference `def:replica_good_remainder' on page 410 undefined on 
input line 60.


LaTeX Warning: Reference `thm:replica_good_component' on page 410 undefined on 
input line 69.


LaTeX Warning: Reference `eq:replica_good_component' on page 410 undefined on i
nput line 70.


LaTeX Warning: Reference `def:replica_good_remainder' on page 410 undefined on 
input line 77.


LaTeX Warning: Reference `thm:replica_good_fixed' on page 410 undefined on inpu
t line 83.

) (./fragment/replica_good_copy_density.tex

LaTeX Warning: Reference `thm:replica_good_component' on page 410 undefined on 
input line 18.


LaTeX Warning: Reference `thm:replica_good_component' on page 410 undefined on 
input line 28.


LaTeX Warning: Reference `thm:replica_good_component' on page 410 undefined on 
input line 39.


LaTeX Warning: Reference `thm:replica_good_copy_auxiliary_density' on page 410 
undefined on input line 39.


LaTeX Warning: Reference `thm:replica_good_component' on page 410 undefined on 
input line 53.


LaTeX Warning: Reference `thm:replica_good_copy_auxiliary_density' on page 410 
undefined on input line 53.

) (./fragment/replica_regional_density.tex [410]

LaTeX Warning: Reference `thm:replica_good_component' on page 411 undefined on 
input line 16.


LaTeX Warning: Reference `thm:replica_good_copy_auxiliary_density' on page 411 
undefined on input line 16.


LaTeX Warning: Reference `thm:replica_good_component' on page 411 undefined on 
input line 32.


LaTeX Warning: Reference `thm:replica_good_copy_auxiliary_density' on page 411 
undefined on input line 32.

) (./fragment/replica_joint_density.tex
Overfull \hbox (9.51262pt too wide) in paragraph at lines 1--1
[]\TU/lmr/bx/n/14.4 Joint density on the good physical and auxiliary copies 

LaTeX Warning: Reference `def:good_bad_copies_equiv' on page 411 undefined on i
nput line 19.


LaTeX Warning: Reference `def:replica_good_regional_auxiliary_marginal' on page
 411 undefined on input line 34.


LaTeX Warning: Reference `def:replica_good_auxiliary_marginal' on page 411 unde
fined on input line 34.

[411]

LaTeX Warning: Reference `thm:replica_regional_product_density' on page 412 und
efined on input line 48.


LaTeX Warning: Reference `eq:replica_joint_product' on page 412 undefined on in
put line 57.


Overfull \hbox (3.79626pt too wide) in paragraph at lines 47--59
[] [][][] []\TU/lmr/m/n/10 Before tracing auxiliary coordinates, the regional d
ensity theorem gives $[][][][][] []
)) (./chapter/ch12_entropy_corollaries.tex [412])
(./chapter/ch13_random_sources.tex [413]
Chapter 14.

LaTeX Warning: Reference `def:random_tensor_coefficients' on page 414 undefined
 on input line 49.


LaTeX Warning: Reference `eq:random_product_moments' on page 414 undefined on i
nput line 67.


Overfull \hbox (9.15724pt too wide) in paragraph at lines 63--69
[] [][][] \TU/lmr/m/n/10 Conjugation commutes with the finite product, so the i
ntegrand is $[][][][][][][][][][][]$.

LaTeX Warning: Reference `def:random_tensor_coefficients' on page 414 undefined
 on input line 77.

[414]

LaTeX Warning: Reference `thm:random_product_moments' on page 415 undefined on 
input line 111.


LaTeX Warning: Reference `eq:random_product_moments' on page 415 undefined on i
nput line 112.


LaTeX Warning: Reference `eq:random_slot_moments' on page 415 undefined on inpu
t line 113.


LaTeX Warning: Reference `eq:random_weighted_moments' on page 415 undefined on 
input line 117.


LaTeX Warning: Reference `eq:random_weighted_moments' on page 415 undefined on 
input line 153.


LaTeX Warning: Reference `thm:random_product_moments' on page 415 undefined on 
input line 163.


LaTeX Warning: Reference `thm:random_tensor_moments' on page 415 undefined on i
nput line 163.


LaTeX Warning: Reference `thm:random_tensor_moments' on page 415 undefined on i
nput line 170.

[415]

LaTeX Warning: Reference `thm:random_trace_duality' on page 416 undefined on in
put line 236.


LaTeX Warning: Reference `eq:random_quarter_comparison' on page 416 undefined o
n input line 242.


LaTeX Warning: Reference `eq:random_dimension_free' on page 416 undefined on in
put line 246.


LaTeX Warning: Reference `thm:random_trace_duality' on page 416 undefined on in
put line 273.


LaTeX Warning: Reference `eq:random_exterior_contraction' on page 416 undefined
 on input line 277.

[416]

LaTeX Warning: Reference `eq:random_scalar_moment' on page 417 undefined on inp
ut line 322.


LaTeX Warning: Reference `eq:random_matrix_moment' on page 417 undefined on inp
ut line 323.


LaTeX Warning: Reference `eq:random_mean_norm' on page 417 undefined on input l
ine 327.


LaTeX Warning: Reference `thm:random_binomial_cost' on page 417 undefined on in
put line 398.


LaTeX Warning: Reference `eq:random_sample_count' on page 417 undefined on inpu
t line 400.


LaTeX Warning: Reference `thm:random_binomial_cost' on page 417 undefined on in
put line 404.

[417]

LaTeX Warning: Reference `thm:random_binomial_cost' on page 418 undefined on in
put line 433.


LaTeX Warning: Reference `eq:random_binomial_cost' on page 418 undefined on inp
ut line 436.


LaTeX Warning: Reference `eq:random_sample_count' on page 418 undefined on inpu
t line 447.


LaTeX Warning: Reference `thm:random_sample_count' on page 418 undefined on inp
ut line 462.


LaTeX Warning: Reference `thm:random_expected_corrections' on page 418 undefine
d on input line 462.


LaTeX Warning: Reference `thm:random_sample_count' on page 418 undefined on inp
ut line 464.


LaTeX Warning: Reference `thm:random_expected_corrections' on page 418 undefine
d on input line 466.

) (./chapter/ch13_source_error.tex [418]
Chapter 15.

LaTeX Warning: Reference `def:source_product' on page 419 undefined on input li
ne 78.


LaTeX Warning: Reference `def:source_product' on page 419 undefined on input li
ne 79.

[419]

LaTeX Warning: Reference `eq:source_sampled_entry' on page 420 undefined on inp
ut line 106.


LaTeX Warning: Reference `eq:source_correction_entry' on page 420 undefined on 
input line 108.


LaTeX Warning: Reference `eq:source_entry_covariance' on page 420 undefined on 
input line 110.


LaTeX Warning: Reference `thm:random_trace_duality' on page 420 undefined on in
put line 147.


LaTeX Warning: Reference `eq:source_branch_sum' on page 420 undefined on input 
line 151.

[420]

LaTeX Warning: Reference `thm:random_exterior_contraction' on page 421 undefine
d on input line 193.


LaTeX Warning: Reference `eq:source_isometric_insertion' on page 421 undefined 
on input line 196.


LaTeX Warning: Reference `eq:source_matrix_unit' on page 421 undefined on input
 line 200.


LaTeX Warning: Reference `eq:source_isometric_insertion' on page 421 undefined 
on input line 201.


LaTeX Warning: Reference `eq:source_physical_reinsertion' on page 421 undefined
 on input line 202.


LaTeX Warning: Reference `thm:random_quarter_weights' on page 421 undefined on 
input line 263.


LaTeX Warning: Reference `thm:random_matrix_moments' on page 421 undefined on i
nput line 263.


LaTeX Warning: Reference `thm:random_matrix_moments' on page 421 undefined on i
nput line 266.


LaTeX Warning: Reference `eq:source_block_moment' on page 421 undefined on inpu
t line 267.


LaTeX Warning: Reference `thm:random_gaussian_slots' on page 421 undefined on i
nput line 300.


LaTeX Warning: Reference `eq:source_exterior_input' on page 421 undefined on in
put line 304.


LaTeX Warning: Reference `eq:source_quarter_sum' on page 421 undefined on input
 line 304.


LaTeX Warning: Reference `eq:source_block_moment' on page 421 undefined on inpu
t line 306.

[421]

LaTeX Warning: Reference `thm:random_gaussian_slots' on page 422 undefined on i
nput line 320.


LaTeX Warning: Reference `thm:source_covariance_error' on page 422 undefined on
 input line 320.


LaTeX Warning: Reference `eq:source_covariance' on page 422 undefined on input 
line 322.


LaTeX Warning: Reference `thm:source_covariance_error' on page 422 undefined on
 input line 325.

) (./chapter/ch13_source_reduction.tex [422]
Chapter 16.

LaTeX Warning: Reference `def:source_product' on page 423 undefined on input li
ne 35.


LaTeX Warning: Reference `def:source_product' on page 423 undefined on input li
ne 52.


LaTeX Warning: Reference `def:reduction_ambient_transport' on page 423 undefine
d on input line 88.

[423]

LaTeX Warning: Reference `thm:source_physical_reinsertion' on page 424 undefine
d on input line 103.


LaTeX Warning: Reference `thm:source_unbiased' on page 424 undefined on input l
ine 111.


LaTeX Warning: Reference `thm:source_unbiased' on page 424 undefined on input l
ine 117.


LaTeX Warning: Reference `eq:reduction_ambient_mean' on page 424 undefined on i
nput line 118.


LaTeX Warning: Reference `eq:reduction_ambient_centered' on page 424 undefined 
on input line 119.


LaTeX Warning: Reference `thm:random_trace_duality' on page 424 undefined on in
put line 156.


LaTeX Warning: Reference `thm:source_branch_sum' on page 424 undefined on input
 line 156.


LaTeX Warning: Reference `thm:random_exterior_contraction' on page 424 undefine
d on input line 156.


LaTeX Warning: Reference `eq:reduction_pure_error' on page 424 undefined on inp
ut line 163.

[424]

LaTeX Warning: Reference `thm:reduction_chain' on page 425 undefined on input l
ine 260.


LaTeX Warning: Reference `thm:reduction_pure_error' on page 425 undefined on in
put line 260.


LaTeX Warning: Reference `thm:reduction_pure_error' on page 425 undefined on in
put line 265.


LaTeX Warning: Reference `eq:reduction_telescoping' on page 425 undefined on in
put line 266.


LaTeX Warning: Reference `thm:reduction_readout' on page 425 undefined on input
 line 282.


LaTeX Warning: Reference `eq:reduction_readout_density' on page 425 undefined o
n input line 292.


LaTeX Warning: Reference `thm:reduction_chain' on page 425 undefined on input l
ine 315.


LaTeX Warning: Reference `thm:reduction_readout' on page 425 undefined on input
 line 315.


LaTeX Warning: Reference `eq:reduction_readout_error' on page 425 undefined on 
input line 319.


LaTeX Warning: Reference `eq:reduction_marked_error' on page 425 undefined on i
nput line 320.

) (./chapter/ch13_source_bridges.tex [425]
Chapter 17.

LaTeX Warning: Reference `def:reduction_ambient_transport' on page 426 undefine
d on input line 54.


LaTeX Warning: Reference `def:reduction_ambient_transport' on page 426 undefine
d on input line 67.


LaTeX Warning: Reference `thm:reduction_ambient_unbiased' on page 426 undefined
 on input line 67.


LaTeX Warning: Reference `thm:reduction_ambient_unbiased' on page 426 undefined
 on input line 75.

[426]

LaTeX Warning: Reference `def:construction_domain_extension' on page 427 undefi
ned on input line 125.


LaTeX Warning: Reference `def:construction_domain_extension' on page 427 undefi
ned on input line 158.


LaTeX Warning: Reference `def:construction_domain_extension' on page 427 undefi
ned on input line 161.

[427]

LaTeX Warning: Reference `def:construction_contraction' on page 428 undefined o
n input line 201.


LaTeX Warning: Reference `def:construction_contraction' on page 428 undefined o
n input line 228.


LaTeX Warning: Reference `thm:source_branch_sum' on page 428 undefined on input
 line 228.


LaTeX Warning: Reference `thm:random_gaussian_slots' on page 428 undefined on i
nput line 268.


LaTeX Warning: Reference `eq:construction_selected_law' on page 428 undefined o
n input line 273.


LaTeX Warning: Reference `def:construction_global_law' on page 428 undefined on
 input line 284.


LaTeX Warning: Reference `eq:random_gaussian_slot' on page 428 undefined on inp
ut line 287.

[428]

LaTeX Warning: Reference `def:construction_global_law' on page 429 undefined on
 input line 315.


LaTeX Warning: Reference `thm:random_gaussian_slots' on page 429 undefined on i
nput line 315.


LaTeX Warning: Reference `def:construction_contraction' on page 429 undefined o
n input line 334.


LaTeX Warning: Reference `def:construction_global_law' on page 429 undefined on
 input line 334.


LaTeX Warning: Reference `def:source_product' on page 429 undefined on input li
ne 339.


LaTeX Warning: Reference `def:construction_contraction' on page 429 undefined o
n input line 342.


LaTeX Warning: Reference `eq:construction_selected_coefficient' on page 429 und
efined on input line 363.


LaTeX Warning: Reference `eq:construction_contraction' on page 429 undefined on
 input line 364.

[429]

LaTeX Warning: Reference `thm:construction_position_expansion' on page 430 unde
fined on input line 388.


LaTeX Warning: Reference `thm:construction_global_moments' on page 430 undefine
d on input line 388.


LaTeX Warning: Reference `eq:construction_corrected_entry_factorization' on pag
e 430 undefined on input line 392.


LaTeX Warning: Reference `thm:construction_global_moments' on page 430 undefine
d on input line 396.


LaTeX Warning: Reference `def:construction_global_law' on page 430 undefined on
 input line 407.


LaTeX Warning: Reference `thm:construction_global_moments' on page 430 undefine
d on input line 407.


LaTeX Warning: Reference `eq:construction_selected_coefficient' on page 430 und
efined on input line 415.


LaTeX Warning: Reference `thm:construction_global_moments' on page 430 undefine
d on input line 435.


LaTeX Warning: Reference `thm:source_covariance_error' on page 430 undefined on
 input line 435.


LaTeX Warning: Reference `thm:source_covariance_error' on page 430 undefined on
 input line 437.


LaTeX Warning: Reference `eq:construction_global_error' on page 430 undefined o
n input line 440.


LaTeX Warning: Reference `def:construction_inventory' on page 430 undefined on 
input line 506.

[430]
Overfull \hbox (4.36137pt too wide) in paragraph at lines 516--521
\TU/lmr/m/n/10 This is $[] [] [][]$ followed by the stated output permutation. 
On an arbitrary vector $[]$, $[][][][][][][][][] []

LaTeX Warning: Reference `def:construction_inventory' on page 431 undefined on 
input line 559.


LaTeX Warning: Reference `def:construction_idle_gates' on page 431 undefined on
 input line 559.


LaTeX Warning: Reference `def:construction_idle_gates' on page 431 undefined on
 input line 609.


LaTeX Warning: Reference `def:construction_inventory' on page 431 undefined on 
input line 609.


LaTeX Warning: Reference `eq:construction_idle_action' on page 431 undefined on
 input line 611.


LaTeX Warning: Reference `eq:construction_chronological_prefix' on page 431 und
efined on input line 612.


LaTeX Warning: Reference `eq:construction_pure_discard' on page 431 undefined o
n input line 614.


LaTeX Warning: Reference `eq:construction_append_norm' on page 431 undefined on
 input line 616.


LaTeX Warning: Reference `eq:construction_idle_error' on page 431 undefined on 
input line 616.


LaTeX Warning: Reference `eq:construction_chronological_readout' on page 431 un
defined on input line 618.


LaTeX Warning: Reference `eq:construction_original_density' on page 431 undefin
ed on input line 619.


LaTeX Warning: Reference `thm:construction_chronological_density' on page 431 u
ndefined on input line 633.


LaTeX Warning: Reference `thm:reduction_marked_budget' on page 431 undefined on
 input line 633.

[431]

LaTeX Warning: Reference `thm:construction_chronological_density' on page 432 u
ndefined on input line 679.


LaTeX Warning: Reference `thm:reduction_marked_budget' on page 432 undefined on
 input line 679.


LaTeX Warning: Reference `thm:reduction_marked_budget' on page 432 undefined on
 input line 684.


LaTeX Warning: Reference `eq:construction_original_density' on page 432 undefin
ed on input line 686.

) (./chapter/ch13_buffered_filters.tex [432]
Chapter 18.
) (./chapter/ch13_spectral_filter.tex [433]
Chapter 19.
[434] [435] [436]
Overfull \hbox (14.4764pt too wide) in paragraph at lines 402--409
\TU/lmr/m/it/10 There are $[][][] [][] [] []$, depending only on $[][] [][] [][
] [][] []$, such that $[][][][][][] [] [][][][][][][] [] [][][] [][][][] [][][]
[]$
[437]) (./chapter/ch13_marginal_tails.tex [438]
Chapter 20.
[439] [440] [441]

LaTeX Warning: Reference `lem:filter_stationarity' on page 442 undefined on inp
ut line 392.


LaTeX Warning: Reference `lem:commuting_hermitian' on page 442 undefined on inp
ut line 416.

[442]

LaTeX Warning: Reference `lem:filter_stationarity' on page 443 undefined on inp
ut line 437.


LaTeX Warning: Reference `lem:filter_clipping' on page 443 undefined on input l
ine 437.


LaTeX Warning: Reference `lem:commuting_hermitian' on page 443 undefined on inp
ut line 437.


LaTeX Warning: Reference `lem:filter_stationarity' on page 443 undefined on inp
ut line 449.


LaTeX Warning: Reference `lem:filter_clipping' on page 443 undefined on input l
ine 453.


LaTeX Warning: Reference `prop:stationary_filter_clipped' on page 443 undefined
 on input line 462.


LaTeX Warning: Reference `prop:stationary_filter_clipped' on page 443 undefined
 on input line 472.


LaTeX Warning: Reference `lem:filter_energy_term' on page 443 undefined on inpu
t line 502.


LaTeX Warning: Reference `lem:filter_energy_term' on page 443 undefined on inpu
t line 517.


LaTeX Warning: Reference `lem:split_filter_conjugation' on page 443 undefined o
n input line 527.


LaTeX Warning: Reference `thm:all_filters_clipped' on page 443 undefined on inp
ut line 527.

[443]

LaTeX Warning: Reference `lem:split_filter_conjugation' on page 444 undefined o
n input line 539.


LaTeX Warning: Reference `lem:chain_term_conjugation' on page 444 undefined on 
input line 548.


LaTeX Warning: Reference `prop:filter_maximizer' on page 444 undefined on input
 line 548.


LaTeX Warning: Reference `thm:all_filters_clipped' on page 444 undefined on inp
ut line 563.


LaTeX Warning: Reference `lem:chain_term_conjugation' on page 444 undefined on 
input line 564.


Overfull \hbox (10.12883pt too wide) in paragraph at lines 560--566
[] [][][] \TU/lmr/m/n/10 Since $[][][][][] [] [][][]$, the left side is the sum
 over $[]$ of $[][][][][] [][][][] [] [][][] [][][][][][][][]$.

LaTeX Warning: Reference `lem:prefix_step' on page 444 undefined on input line 
605.


LaTeX Warning: Reference `thm:chain_energy' on page 444 undefined on input line
 605.


LaTeX Warning: Reference `prop:filter_maximizer' on page 444 undefined on input
 line 605.


LaTeX Warning: Reference `prop:filter_maximizer' on page 444 undefined on input
 line 619.


LaTeX Warning: Reference `thm:chain_energy' on page 444 undefined on input line
 620.


LaTeX Warning: Reference `lem:prefix_step' on page 444 undefined on input line 
622.


LaTeX Warning: Reference `thm:first_norm_comparison' on page 444 undefined on i
nput line 631.


LaTeX Warning: Reference `thm:first_norm_comparison' on page 444 undefined on i
nput line 632.


LaTeX Warning: Reference `thm:first_norm_comparison' on page 444 undefined on i
nput line 641.

[444]

LaTeX Warning: Reference `prop:zero_floor_comparison' on page 445 undefined on 
input line 726.


LaTeX Warning: Reference `lem:region_filter_norm' on page 445 undefined on inpu
t line 726.


LaTeX Warning: Reference `lem:trial_filters' on page 445 undefined on input lin
e 726.


LaTeX Warning: Reference `thm:filter_three_lines' on page 445 undefined on inpu
t line 726.


LaTeX Warning: Reference `thm:region_ssa' on page 445 undefined on input line 7
26.


LaTeX Warning: Reference `thm:first_norm_comparison' on page 445 undefined on i
nput line 730.


LaTeX Warning: Reference `prop:zero_floor_comparison' on page 445 undefined on 
input line 739.


LaTeX Warning: Reference `lem:region_filter_norm' on page 445 undefined on inpu
t line 739.


LaTeX Warning: Reference `lem:trial_filters' on page 445 undefined on input lin
e 742.


LaTeX Warning: Reference `thm:filter_three_lines' on page 445 undefined on inpu
t line 744.


LaTeX Warning: Reference `thm:region_ssa' on page 445 undefined on input line 7
48.

[445]) (./chapter/ch13_schur_labels.tex [446]
Chapter 21.
[447] [448] [449]

LaTeX Warning: Reference `lem:joint_blocks' on page 450 undefined on input line
 315.


LaTeX Warning: Reference `lem:joint_blocks' on page 450 undefined on input line
 342.


Overfull \hbox (1.217pt too wide) in paragraph at lines 348--360
[] [][][] \TU/lmr/m/n/10 A joint block of $[][] []$ meeting the $[]$-isotypic c
omponent is invariant under $[][][][][] []

LaTeX Warning: Reference `thm:schur_label_merge_dimensions' on page 450 undefin
ed on input line 369.

(./fragment/pair_merge_moment.tex [450]

LaTeX Warning: Reference `def:pair_copy_actions' on page 451 undefined on input
 line 42.


LaTeX Warning: Reference `thm:schur_label_merge_moment' on page 451 undefined o
n input line 42.


LaTeX Warning: Reference `thm:schur_label_merge_moment' on page 451 undefined o
n input line 56.


LaTeX Warning: Reference `eq:pair_merge_moment' on page 451 undefined on input 
line 64.


LaTeX Warning: Reference `thm:schur_label_merge_moment' on page 451 undefined o
n input line 66.


LaTeX Warning: Reference `def:pair_copy_actions' on page 451 undefined on input
 line 75.


LaTeX Warning: Reference `thm:pair_merge_moment' on page 451 undefined on input
 line 75.


LaTeX Warning: Reference `thm:pair_merge_moment' on page 451 undefined on input
 line 90.


LaTeX Warning: Reference `eq:pair_merge_moment' on page 451 undefined on input 
line 101.


LaTeX Warning: Reference `eq:pair_merge_moment_mass' on page 451 undefined on i
nput line 102.

) [451]

LaTeX Warning: Reference `lem:stirling_log_factorial' on page 452 undefined on 
input line 430.


LaTeX Warning: Reference `lem:stirling_log_factorial' on page 452 undefined on 
input line 445.

[452]

LaTeX Warning: Reference `thm:schur_weyl_commutant' on page 453 undefined on in
put line 497.


LaTeX Warning: Reference `thm:schur_weyl_commutant' on page 453 undefined on in
put line 512.


LaTeX Warning: Reference `thm:highest_weight' on page 453 undefined on input li
ne 546.


LaTeX Warning: Reference `thm:highest_weight' on page 453 undefined on input li
ne 575.


LaTeX Warning: Reference `lem:count_labels' on page 453 undefined on input line
 575.


LaTeX Warning: Reference `lem:column_antisymmetrizer' on page 453 undefined on 
input line 575.


LaTeX Warning: Reference `lem:column_antisymmetrizer' on page 453 undefined on 
input line 586.


LaTeX Warning: Reference `lem:count_labels' on page 453 undefined on input line
 587.

[453]

LaTeX Warning: Reference `thm:labels_are_partitions' on page 454 undefined on i
nput line 595.


LaTeX Warning: Reference `lem:column_antisymmetrizer' on page 454 undefined on 
input line 605.

(./fragment/merge_exponential.tex

LaTeX Warning: Reference `thm:exp_merge_deficit_eq_sum' on page 454 undefined o
n input line 56.

) (./fragment/replica_component_merge_moment.tex [454]

LaTeX Warning: Reference `def:replica_good_regional_auxiliary_marginal' on page
 455 undefined on input line 21.


LaTeX Warning: Reference `def:pair_copy_actions' on page 455 undefined on input
 line 21.


LaTeX Warning: Reference `thm:replica_good_regional_auxiliary_density' on page 
455 undefined on input line 35.


LaTeX Warning: Reference `thm:replica_good_auxiliary_marginal_commute' on page 
455 undefined on input line 35.


LaTeX Warning: Reference `thm:pair_merge_moment_mass' on page 455 undefined on 
input line 35.


LaTeX Warning: Reference `thm:re_trace_exp_merge_deficit_eq_sum' on page 455 un
defined on input line 35.


LaTeX Warning: Reference `eq:replica_component_merge' on page 455 undefined on 
input line 51.

)) (./fragment/grouped_label_entropy.tex

LaTeX Warning: Reference `eq:grouped_label_entropy_bounds' on page 455 undefine
d on input line 41.

[455]) (./fragment/bad_copy_label_dimension.tex)
(./fragment/good_auxiliary_label_entropy.tex
Overfull \hbox (21.72034pt too wide) in paragraph at lines 37--1
[]\TU/lmr/m/n/10 This proves the bad-label dimension bound used in [[], Section
 7, equation (comparator:good-
[456]) (./fragment/good_auxiliary_label_compression.tex

LaTeX Warning: Reference `thm:good_auxiliary_label_entropy' on page 457 undefin
ed on input line 27.

) (./fragment/replica_good_auxiliary_label_bound.tex [457]

LaTeX Warning: Reference `thm:good_auxiliary_label_compression' on page 458 und
efined on input line 34.


LaTeX Warning: Reference `thm:replica_excitation_preserves_fixed' on page 458 u
ndefined on input line 34.

) (./chapter/ch13_conditional_movement.tex [458]
Chapter 22.

LaTeX Warning: Reference `def:kernel_completion' on page 459 undefined on input
 line 37.


LaTeX Warning: Reference `lem:kernel_completion_rpow' on page 459 undefined on 
input line 53.

[459]) (./chapter/ch13_marginal_phase.tex [460]
Chapter 23.

Overfull \hbox (2.48633pt too wide) in paragraph at lines 10--16
\TU/lmr/m/n/10 This chapter formalizes the resolvent argument behind the margin
al-phase comparison of [[],

LaTeX Warning: Reference `lem:resolvent_compression' on page 461 undefined on i
nput line 44.


LaTeX Warning: Reference `lem:resolvent_defect_integral' on page 461 undefined 
on input line 80.


LaTeX Warning: Reference `lem:resolvent_mellin' on page 461 undefined on input 
line 80.

[461]

LaTeX Warning: Reference `thm:resolvent_phase_gap' on page 462 undefined on inp
ut line 116.


LaTeX Warning: Reference `lem:marginal_domination' on page 462 undefined on inp
ut line 116.

))
(/Users/siruilu/Local/agentFormalization/QICLean/worktrees/area-law-bell-pin-po
wers/blueprint/print/print.bbl [462]
Underfull \hbox (badness 1158) in paragraph at lines 52--58
[]\TU/lmr/m/n/10 The QICLean contributors.  Exact-rank wording in Wolf’s Choi a
nd wit-

Underfull \hbox (badness 1472) in paragraph at lines 52--58
\TU/lmr/m/n/10 CLean, 2026.  [][]$[][][][][] [] [] [] [][][][][][][][][] [] [][
][] [] [][][][][][][] [] [][][][][][][][][][][] [] [][][][] [] [][][][][] [] []
 []

Underfull \hbox (badness 10000) in paragraph at lines 60--66
\TU/lmr/m/n/10 QICLean, 2026.  [][]$[][][][][] [] [] [] [][][][][][][][][] [] [
][][] [] [][][][][][][] [] [][][][][][][][][][][] [] [][][][][][][] []

Underfull \hbox (badness 1297) in paragraph at lines 68--74
[]\TU/lmr/m/n/10 The QICLean contributors.  The missing order hypothesis in Wol
f’s uni-

Underfull \hbox (badness 5548) in paragraph at lines 68--74
\TU/lmr/m/n/10 QICLean, 2026.  [][]$[][][][][] [] [] [] [][][][][][][][][] [] [
][][] [] [][][][][][][] [] [][][][][][][][][][][] [] [][][][] [] [][][] []

Underfull \hbox (badness 1253) in paragraph at lines 76--81
\TU/lmr/m/n/10 QICLean, 2026.  [][]$[][][][][] [] [] [] [][][][][][][][][] [] [
][][] [] [][][][][][][] [] [][][][][][][][][][][] [] [][][][] [] [][][][][] []
[463]
Underfull \hbox (badness 1478) in paragraph at lines 90--96
[]\TU/lmr/m/n/10 The QICLean contributors.  Scope of Wolf chapter 5 operator co
nvexity

Underfull \hbox (badness 5548) in paragraph at lines 90--96
\TU/lmr/m/n/10 QICLean, 2026.  [][]$[][][][][] [] [] [] [][][][][][][][][] [] [
][][] [] [][][][][][][] [] [][][][][][][][][][][] [] [][][][] [] [][][] []

Underfull \hbox (badness 1817) in paragraph at lines 105--110
\TU/lmr/m/n/10 attainment.  Paper-gap note wolf_slater_attainment_conditions, Q
ICLean,

Underfull \hbox (badness 1803) in paragraph at lines 112--118
[]\TU/lmr/m/n/10 The QICLean contributors.  The structure theorem for finite-di
mensional

Underfull \hbox (badness 10000) in paragraph at lines 112--118
[][]$\TU/lmr/m/n/10 -algebras: Matrix-realized single-block scope.  Paper-gap n
ote

Underfull \hbox (badness 5548) in paragraph at lines 120--126
\TU/lmr/m/n/10 QICLean, 2026.  [][]$[][][][][] [] [] [] [][][][][][][][][] [] [
][][] [] [][][][][][][] [] [][][][][][][][][][][] [] [][][][] [] [][][] []

Underfull \hbox (badness 1152) in paragraph at lines 128--134
[]\TU/lmr/m/n/10 The QICLean contributors.  Wolf proposition 1.5: Factor and co
ordinate

Underfull \hbox (badness 10000) in paragraph at lines 136--143
[]\TU/lmr/m/n/10 The QICLean contributors.  Wolf proposition 1.6: Complete

Underfull \hbox (badness 10000) in paragraph at lines 136--143
\TU/lmr/m/n/10 positivity from positivity, commutative side.  Paper-gap note

Underfull \hbox (badness 7168) in paragraph at lines 136--143
\TU/lmr/m/n/10 wolf_prop16_cp_positivity_commutative_side, QICLean, 2026.  [][]
$[][][][][] []

Underfull \hbox (badness 10000) in paragraph at lines 136--143
[] [] [][][][][][][][][] [] [][][] [] [][][][][][][] [] [][][][][][][][][][][] 
[] [][][][] [] [][][][][][] [] [][] [] [][][][][][][][][][] []

Underfull \hbox (badness 2884) in paragraph at lines 153--159
\TU/lmr/m/n/10 QICLean, 2026.  [][]$[][][][][] [] [] [] [][][][][][][][][] [] [
][][] [] [][][][][][][] [] [][][][][][][][][][][] [] [][][][] [] [][][][] []
[464]
Underfull \hbox (badness 3428) in paragraph at lines 168--174
[]\TU/lmr/m/n/10 The QICLean contributors.  Yamagami’s simultaneous-singularity
 bound-

Underfull \hbox (badness 1253) in paragraph at lines 168--174
\TU/lmr/m/n/10 QICLean, 2026.  [][]$[][][][][] [] [] [] [][][][][][][][][] [] [
][][] [] [][][][][][][] [] [][][][][][][][][][][] [] [][][][][][][][][][] []

Underfull \hbox (badness 2376) in paragraph at lines 176--182
\TU/lmr/m/n/10 ity characterization and Hayashi–Markov decomposition.  Paper-ga
p note

Underfull \hbox (badness 2376) in paragraph at lines 184--190
\TU/lmr/m/n/10 TNLean, 2026.  [][]$[][][][][] [] [] [] [][][][][][][][][] [] []
[][] [] [][][][][][] [] [][][][][][][][][][][] [] [][][][][][] [] [][][][] []
[465]
Underfull \hbox (badness 10000) in paragraph at lines 288--293
[]\TU/lmr/m/n/10 OpenAI.  Polynomial peps approximation of gapped square-

Underfull \hbox (badness 10000) in paragraph at lines 288--293
\TU/lmr/m/n/10 grid ground states, 2026.  September 24, 2026; source revision
[466]) [467]
(/Users/siruilu/Local/agentFormalization/QICLean/worktrees/area-law-bell-pin-po
wers/blueprint/print/print.aux)

LaTeX Warning: There were undefined references.


LaTeX Warning: Label(s) may have changed. Rerun to get cross-references right.


Package rerunfilecheck Warning: File `print.out' has changed.
(rerunfilecheck)                Rerun to get outlines right
(rerunfilecheck)                or use package `bookmark'.

 )
(see the transcript file for additional information)
Output written on /Users/siruilu/Local/agentFormalization/QICLean/worktrees/are
a-law-bell-pin-powers/blueprint/print/print.pdf (468 pages).
SyncTeX written on /Users/siruilu/Local/agentFormalization/QICLean/worktrees/area-law-bell-pin-powers/blueprint/print/print.synctex.gz.
Transcript written on /Users/siruilu/Local/agentFormalization/QICLean/worktrees
/area-law-bell-pin-powers/blueprint/print/print.log.
Latexmk: Getting log file '/Users/siruilu/Local/agentFormalization/QICLean/worktrees/area-law-bell-pin-powers/blueprint/print/print.log'
Latexmk: Examining '/Users/siruilu/Local/agentFormalization/QICLean/worktrees/area-law-bell-pin-powers/blueprint/print/print.fls'
Latexmk: Examining '/Users/siruilu/Local/agentFormalization/QICLean/worktrees/area-law-bell-pin-powers/blueprint/print/print.log'
Latexmk: Found input bbl file '/Users/siruilu/Local/agentFormalization/QICLean/worktrees/area-law-bell-pin-powers/blueprint/print/print.bbl'
Latexmk: References changed.
Latexmk: References changed.
Latexmk: Log file says output to '/Users/siruilu/Local/agentFormalization/QICLean/worktrees/area-law-bell-pin-powers/blueprint/print/print.pdf'
Latexmk: Using bibtex to make bibliography file(s).
  ===Source file '/Users/siruilu/Local/agentFormalization/QICLean/worktrees/area-law-bell-pin-powers/blueprint/print/print.bbl' for 'pdflatex'
Latexmk: Found bibliography file(s):
  ./references.bib
Latexmk: applying rule 'bibtex /Users/siruilu/Local/agentFormalization/QICLean/worktrees/area-law-bell-pin-powers/blueprint/print/print'...
Rule 'bibtex /Users/siruilu/Local/agentFormalization/QICLean/worktrees/area-law-bell-pin-powers/blueprint/print/print':  Reasons for rerun
Changed files or newly in use/created:
  /Users/siruilu/Local/agentFormalization/QICLean/worktrees/area-law-bell-pin-powers/blueprint/print/print.aux

------------
Run number 1 of rule 'bibtex /Users/siruilu/Local/agentFormalization/QICLean/worktrees/area-law-bell-pin-powers/blueprint/print/print'
------------
Latexmk: Change directory to '/Users/siruilu/Local/agentFormalization/QICLean/worktrees/area-law-bell-pin-powers/blueprint/print/'.
To assist finding of files in document directory, I set
  BIBINPUTS='/Users/siruilu/Local/agentFormalization/QICLean/worktrees/area-law-bell-pin-powers/blueprint/src:/Users/siruilu/Local/agentFormalization/QICLean/worktrees/area-law-bell-pin-powers/blueprint/print:/Users/siruilu/Local/TEX:'
  BSTINPUTS='/Users/siruilu/Local/agentFormalization/QICLean/worktrees/area-law-bell-pin-powers/blueprint/src:/Users/siruilu/Local/TEX:'.
------------
Running 'bibtex  "print.aux"'
------------
This is BibTeX, Version 0.99e (TeX Live 2026/Homebrew)
The top-level auxiliary file: print.aux
The style file: alpha.bst
Database file #1: references.bib
Latexmk: Change directory back to '/Users/siruilu/Local/agentFormalization/QICLean/worktrees/area-law-bell-pin-powers/blueprint/src'
Latexmk: applying rule 'pdflatex'...
Rule 'pdflatex':  Reasons for rerun
Changed files or newly in use/created:
  /Users/siruilu/Local/agentFormalization/QICLean/worktrees/area-law-bell-pin-powers/blueprint/print/print.aux
  /Users/siruilu/Local/agentFormalization/QICLean/worktrees/area-law-bell-pin-powers/blueprint/print/print.out
  /Users/siruilu/Local/agentFormalization/QICLean/worktrees/area-law-bell-pin-powers/blueprint/print/print.toc

------------
Run number 2 of rule 'pdflatex'
------------
------------
Running 'xelatex -synctex=1  -recorder -output-directory="/Users/siruilu/Local/agentFormalization/QICLean/worktrees/area-law-bell-pin-powers/blueprint/print"  "print.tex"'
------------
This is XeTeX, Version 3.141592653-2.6-0.999998 (TeX Live 2026/Homebrew) (preloaded format=xelatex)
 restricted \write18 enabled.
entering extended mode
(./print.tex
LaTeX2e <2025-11-01>
L3 programming layer <2026-01-19>

(/opt/homebrew/Cellar/texlive/20260301/share/texmf-dist/tex/latex/base/report.c
ls
Document Class: report 2025/01/22 v1.4n Standard LaTeX document class

(/opt/homebrew/Cellar/texlive/20260301/share/texmf-dist/tex/latex/base/size10.c
lo))
(/opt/homebrew/Cellar/texlive/20260301/share/texmf-dist/tex/latex/geometry/geom
etry.sty
(/opt/homebrew/Cellar/texlive/20260301/share/texmf-dist/tex/latex/graphics/keyv
al.sty)
(/opt/homebrew/Cellar/texlive/20260301/share/texmf-dist/tex/generic/iftex/ifvte
x.sty
(/opt/homebrew/Cellar/texlive/20260301/share/texmf-dist/tex/generic/iftex/iftex
.sty)))
(/opt/homebrew/Cellar/texlive/20260301/share/texmf-dist/tex/latex/l3kernel/expl
3.sty
(/opt/homebrew/Cellar/texlive/20260301/share/texmf-dist/tex/latex/l3backend/l3b
ackend-xetex.def))
(/opt/homebrew/Cellar/texlive/20260301/share/texmf-dist/tex/latex/amsfonts/amss
ymb.sty
(/opt/homebrew/Cellar/texlive/20260301/share/texmf-dist/tex/latex/amsfonts/amsf
onts.sty))
(/opt/homebrew/Cellar/texlive/20260301/share/texmf-dist/tex/latex/amscls/amsthm
.sty)
(/opt/homebrew/Cellar/texlive/20260301/share/texmf-dist/tex/latex/mathtools/mat
htools.sty
(/opt/homebrew/Cellar/texlive/20260301/share/texmf-dist/tex/latex/tools/calc.st
y)
(/opt/homebrew/Cellar/texlive/20260301/share/texmf-dist/tex/latex/mathtools/mhs
etup.sty)
(/opt/homebrew/Cellar/texlive/20260301/share/texmf-dist/tex/latex/amsmath/amsma
th.sty
For additional information on amsmath, use the `?' option.

(/opt/homebrew/Cellar/texlive/20260301/share/texmf-dist/tex/latex/amsmath/amste
xt.sty
(/opt/homebrew/Cellar/texlive/20260301/share/texmf-dist/tex/latex/amsmath/amsge
n.sty))
(/opt/homebrew/Cellar/texlive/20260301/share/texmf-dist/tex/latex/amsmath/amsbs
y.sty)
(/opt/homebrew/Cellar/texlive/20260301/share/texmf-dist/tex/latex/amsmath/amsop
n.sty)))
(/opt/homebrew/Cellar/texlive/20260301/share/texmf-dist/tex/latex/pgf/frontendl
ayer/tikz.sty
(/opt/homebrew/Cellar/texlive/20260301/share/texmf-dist/tex/latex/pgf/basiclaye
r/pgf.sty
(/opt/homebrew/Cellar/texlive/20260301/share/texmf-dist/tex/latex/pgf/utilities
/pgfrcs.sty
(/opt/homebrew/Cellar/texlive/20260301/share/texmf-dist/tex/generic/pgf/utiliti
es/pgfutil-common.tex)
(/opt/homebrew/Cellar/texlive/20260301/share/texmf-dist/tex/generic/pgf/utiliti
es/pgfutil-latex.def)
(/opt/homebrew/Cellar/texlive/20260301/share/texmf-dist/tex/generic/pgf/utiliti
es/pgfrcs.code.tex
(/opt/homebrew/Cellar/texlive/20260301/share/texmf-dist/tex/generic/pgf/pgf.rev
ision.tex)))
(/opt/homebrew/Cellar/texlive/20260301/share/texmf-dist/tex/latex/pgf/basiclaye
r/pgfcore.sty
(/opt/homebrew/Cellar/texlive/20260301/share/texmf-dist/tex/latex/graphics/grap
hicx.sty
(/opt/homebrew/Cellar/texlive/20260301/share/texmf-dist/tex/latex/graphics/grap
hics.sty
(/opt/homebrew/Cellar/texlive/20260301/share/texmf-dist/tex/latex/graphics/trig
.sty)
(/opt/homebrew/Cellar/texlive/20260301/share/texmf-dist/tex/latex/graphics-cfg/
graphics.cfg)
(/opt/homebrew/Cellar/texlive/20260301/share/texmf-dist/tex/latex/graphics-def/
xetex.def)))
(/opt/homebrew/Cellar/texlive/20260301/share/texmf-dist/tex/latex/pgf/systemlay
er/pgfsys.sty
(/opt/homebrew/Cellar/texlive/20260301/share/texmf-dist/tex/generic/pgf/systeml
ayer/pgfsys.code.tex
(/opt/homebrew/Cellar/texlive/20260301/share/texmf-dist/tex/generic/pgf/utiliti
es/pgfkeys.code.tex
(/opt/homebrew/Cellar/texlive/20260301/share/texmf-dist/tex/generic/pgf/utiliti
es/pgfkeyslibraryfiltered.code.tex))
(/opt/homebrew/Cellar/texlive/20260301/share/texmf-dist/tex/generic/pgf/systeml
ayer/pgf.cfg)
(/opt/homebrew/Cellar/texlive/20260301/share/texmf-dist/tex/generic/pgf/systeml
ayer/pgfsys-xetex.def
(/opt/homebrew/Cellar/texlive/20260301/share/texmf-dist/tex/generic/pgf/systeml
ayer/pgfsys-dvipdfmx.def
(/opt/homebrew/Cellar/texlive/20260301/share/texmf-dist/tex/generic/pgf/systeml
ayer/pgfsys-common-pdf.def))))
(/opt/homebrew/Cellar/texlive/20260301/share/texmf-dist/tex/generic/pgf/systeml
ayer/pgfsyssoftpath.code.tex)
(/opt/homebrew/Cellar/texlive/20260301/share/texmf-dist/tex/generic/pgf/systeml
ayer/pgfsysprotocol.code.tex))
(/opt/homebrew/Cellar/texlive/20260301/share/texmf-dist/tex/latex/xcolor/xcolor
.sty
(/opt/homebrew/Cellar/texlive/20260301/share/texmf-dist/tex/latex/graphics-cfg/
color.cfg)
(/opt/homebrew/Cellar/texlive/20260301/share/texmf-dist/tex/latex/graphics/math
color.ltx))
(/opt/homebrew/Cellar/texlive/20260301/share/texmf-dist/tex/generic/pgf/basicla
yer/pgfcore.code.tex
(/opt/homebrew/Cellar/texlive/20260301/share/texmf-dist/tex/generic/pgf/math/pg
fmath.code.tex
(/opt/homebrew/Cellar/texlive/20260301/share/texmf-dist/tex/generic/pgf/math/pg
fmathutil.code.tex)
(/opt/homebrew/Cellar/texlive/20260301/share/texmf-dist/tex/generic/pgf/math/pg
fmathparser.code.tex)
(/opt/homebrew/Cellar/texlive/20260301/share/texmf-dist/tex/generic/pgf/math/pg
fmathfunctions.code.tex)
(/opt/homebrew/Cellar/texlive/20260301/share/texmf-dist/tex/generic/pgf/math/pg
fmathfunctions.basic.code.tex)
(/opt/homebrew/Cellar/texlive/20260301/share/texmf-dist/tex/generic/pgf/math/pg
fmathfunctions.trigonometric.code.tex)
(/opt/homebrew/Cellar/texlive/20260301/share/texmf-dist/tex/generic/pgf/math/pg
fmathfunctions.random.code.tex)
(/opt/homebrew/Cellar/texlive/20260301/share/texmf-dist/tex/generic/pgf/math/pg
fmathfunctions.comparison.code.tex)
(/opt/homebrew/Cellar/texlive/20260301/share/texmf-dist/tex/generic/pgf/math/pg
fmathfunctions.base.code.tex)
(/opt/homebrew/Cellar/texlive/20260301/share/texmf-dist/tex/generic/pgf/math/pg
fmathfunctions.round.code.tex)
(/opt/homebrew/Cellar/texlive/20260301/share/texmf-dist/tex/generic/pgf/math/pg
fmathfunctions.misc.code.tex)
(/opt/homebrew/Cellar/texlive/20260301/share/texmf-dist/tex/generic/pgf/math/pg
fmathfunctions.integerarithmetics.code.tex)
(/opt/homebrew/Cellar/texlive/20260301/share/texmf-dist/tex/generic/pgf/math/pg
fmathcalc.code.tex)
(/opt/homebrew/Cellar/texlive/20260301/share/texmf-dist/tex/generic/pgf/math/pg
fmathfloat.code.tex))
(/opt/homebrew/Cellar/texlive/20260301/share/texmf-dist/tex/generic/pgf/math/pg
fint.code.tex)
(/opt/homebrew/Cellar/texlive/20260301/share/texmf-dist/tex/generic/pgf/basicla
yer/pgfcorepoints.code.tex)
(/opt/homebrew/Cellar/texlive/20260301/share/texmf-dist/tex/generic/pgf/basicla
yer/pgfcorepathconstruct.code.tex)
(/opt/homebrew/Cellar/texlive/20260301/share/texmf-dist/tex/generic/pgf/basicla
yer/pgfcorepathusage.code.tex)
(/opt/homebrew/Cellar/texlive/20260301/share/texmf-dist/tex/generic/pgf/basicla
yer/pgfcorescopes.code.tex)
(/opt/homebrew/Cellar/texlive/20260301/share/texmf-dist/tex/generic/pgf/basicla
yer/pgfcoregraphicstate.code.tex)
(/opt/homebrew/Cellar/texlive/20260301/share/texmf-dist/tex/generic/pgf/basicla
yer/pgfcoretransformations.code.tex)
(/opt/homebrew/Cellar/texlive/20260301/share/texmf-dist/tex/generic/pgf/basicla
yer/pgfcorequick.code.tex)
(/opt/homebrew/Cellar/texlive/20260301/share/texmf-dist/tex/generic/pgf/basicla
yer/pgfcoreobjects.code.tex)
(/opt/homebrew/Cellar/texlive/20260301/share/texmf-dist/tex/generic/pgf/basicla
yer/pgfcorepathprocessing.code.tex)
(/opt/homebrew/Cellar/texlive/20260301/share/texmf-dist/tex/generic/pgf/basicla
yer/pgfcorearrows.code.tex)
(/opt/homebrew/Cellar/texlive/20260301/share/texmf-dist/tex/generic/pgf/basicla
yer/pgfcoreshade.code.tex)
(/opt/homebrew/Cellar/texlive/20260301/share/texmf-dist/tex/generic/pgf/basicla
yer/pgfcoreimage.code.tex)
(/opt/homebrew/Cellar/texlive/20260301/share/texmf-dist/tex/generic/pgf/basicla
yer/pgfcoreexternal.code.tex)
(/opt/homebrew/Cellar/texlive/20260301/share/texmf-dist/tex/generic/pgf/basicla
yer/pgfcorelayers.code.tex)
(/opt/homebrew/Cellar/texlive/20260301/share/texmf-dist/tex/generic/pgf/basicla
yer/pgfcoretransparency.code.tex)
(/opt/homebrew/Cellar/texlive/20260301/share/texmf-dist/tex/generic/pgf/basicla
yer/pgfcorepatterns.code.tex)
(/opt/homebrew/Cellar/texlive/20260301/share/texmf-dist/tex/generic/pgf/basicla
yer/pgfcorerdf.code.tex)))
(/opt/homebrew/Cellar/texlive/20260301/share/texmf-dist/tex/generic/pgf/modules
/pgfmoduleshapes.code.tex)
(/opt/homebrew/Cellar/texlive/20260301/share/texmf-dist/tex/generic/pgf/modules
/pgfmoduleplot.code.tex)
(/opt/homebrew/Cellar/texlive/20260301/share/texmf-dist/tex/latex/pgf/compatibi
lity/pgfcomp-version-0-65.sty)
(/opt/homebrew/Cellar/texlive/20260301/share/texmf-dist/tex/latex/pgf/compatibi
lity/pgfcomp-version-1-18.sty))
(/opt/homebrew/Cellar/texlive/20260301/share/texmf-dist/tex/latex/pgf/utilities
/pgffor.sty
(/opt/homebrew/Cellar/texlive/20260301/share/texmf-dist/tex/latex/pgf/utilities
/pgfkeys.sty
(/opt/homebrew/Cellar/texlive/20260301/share/texmf-dist/tex/generic/pgf/utiliti
es/pgfkeys.code.tex))
(/opt/homebrew/Cellar/texlive/20260301/share/texmf-dist/tex/latex/pgf/math/pgfm
ath.sty
(/opt/homebrew/Cellar/texlive/20260301/share/texmf-dist/tex/generic/pgf/math/pg
fmath.code.tex))
(/opt/homebrew/Cellar/texlive/20260301/share/texmf-dist/tex/generic/pgf/utiliti
es/pgffor.code.tex))
(/opt/homebrew/Cellar/texlive/20260301/share/texmf-dist/tex/generic/pgf/fronten
dlayer/tikz/tikz.code.tex
(/opt/homebrew/Cellar/texlive/20260301/share/texmf-dist/tex/generic/pgf/librari
es/pgflibraryplothandlers.code.tex)
(/opt/homebrew/Cellar/texlive/20260301/share/texmf-dist/tex/generic/pgf/modules
/pgfmodulematrix.code.tex)
(/opt/homebrew/Cellar/texlive/20260301/share/texmf-dist/tex/generic/pgf/fronten
dlayer/tikz/libraries/tikzlibrarytopaths.code.tex)))
(/opt/homebrew/Cellar/texlive/20260301/share/texmf-dist/tex/latex/hyperref/hype
rref.sty
(/opt/homebrew/Cellar/texlive/20260301/share/texmf-dist/tex/latex/kvsetkeys/kvs
etkeys.sty)
(/opt/homebrew/Cellar/texlive/20260301/share/texmf-dist/tex/generic/kvdefinekey
s/kvdefinekeys.sty)
(/opt/homebrew/Cellar/texlive/20260301/share/texmf-dist/tex/generic/pdfescape/p
dfescape.sty
(/opt/homebrew/Cellar/texlive/20260301/share/texmf-dist/tex/generic/ltxcmds/ltx
cmds.sty)
(/opt/homebrew/Cellar/texlive/20260301/share/texmf-dist/tex/generic/pdftexcmds/
pdftexcmds.sty
(/opt/homebrew/Cellar/texlive/20260301/share/texmf-dist/tex/generic/infwarerr/i
nfwarerr.sty)))
(/opt/homebrew/Cellar/texlive/20260301/share/texmf-dist/tex/latex/hycolor/hycol
or.sty)
(/opt/homebrew/Cellar/texlive/20260301/share/texmf-dist/tex/latex/hyperref/name
ref.sty
(/opt/homebrew/Cellar/texlive/20260301/share/texmf-dist/tex/latex/refcount/refc
ount.sty)
(/opt/homebrew/Cellar/texlive/20260301/share/texmf-dist/tex/generic/gettitlestr
ing/gettitlestring.sty
(/opt/homebrew/Cellar/texlive/20260301/share/texmf-dist/tex/latex/kvoptions/kvo
ptions.sty)))
(/opt/homebrew/Cellar/texlive/20260301/share/texmf-dist/tex/latex/etoolbox/etoo
lbox.sty)
(/opt/homebrew/Cellar/texlive/20260301/share/texmf-dist/tex/generic/stringenc/s
tringenc.sty)
(/opt/homebrew/Cellar/texlive/20260301/share/texmf-dist/tex/latex/hyperref/pd1e
nc.def)
(/opt/homebrew/Cellar/texlive/20260301/share/texmf-dist/tex/generic/intcalc/int
calc.sty)
(/opt/homebrew/Cellar/texlive/20260301/share/texmf-dist/tex/latex/hyperref/puen
c.def)
(/opt/homebrew/Cellar/texlive/20260301/share/texmf-dist/tex/latex/url/url.sty)
(/opt/homebrew/Cellar/texlive/20260301/share/texmf-dist/tex/generic/bitset/bits
et.sty
(/opt/homebrew/Cellar/texlive/20260301/share/texmf-dist/tex/generic/bigintcalc/
bigintcalc.sty)))
(/opt/homebrew/Cellar/texlive/20260301/share/texmf-dist/tex/latex/hyperref/hxet
ex.def
(/opt/homebrew/Cellar/texlive/20260301/share/texmf-dist/tex/latex/rerunfilechec
k/rerunfilecheck.sty
(/opt/homebrew/Cellar/texlive/20260301/share/texmf-dist/tex/generic/uniquecount
er/uniquecounter.sty)))
(/opt/homebrew/Cellar/texlive/20260301/share/texmf-dist/tex/latex/unicode-math/
unicode-math.sty
(/opt/homebrew/Cellar/texlive/20260301/share/texmf-dist/tex/latex/unicode-math/
unicode-math-xetex.sty
(/opt/homebrew/Cellar/texlive/20260301/share/texmf-dist/tex/latex/l3packages/xp
arse/xparse.sty)
(/opt/homebrew/Cellar/texlive/20260301/share/texmf-dist/tex/latex/l3packages/l3
keys2e/l3keys2e.sty)
(/opt/homebrew/Cellar/texlive/20260301/share/texmf-dist/tex/latex/fontspec/font
spec.sty
(/opt/homebrew/Cellar/texlive/20260301/share/texmf-dist/tex/latex/fontspec/font
spec-xetex.sty
(/opt/homebrew/Cellar/texlive/20260301/share/texmf-dist/tex/latex/base/fontenc.
sty)
(/opt/homebrew/Cellar/texlive/20260301/share/texmf-dist/tex/latex/fontspec/font
spec.cfg)))
(/opt/homebrew/Cellar/texlive/20260301/share/texmf-dist/tex/latex/base/fix-cm.s
ty
(/opt/homebrew/Cellar/texlive/20260301/share/texmf-dist/tex/latex/base/ts1enc.d
ef))
(/opt/homebrew/Cellar/texlive/20260301/share/texmf-dist/tex/latex/unicode-math/
unicode-math-table.tex))) (./macros/common.tex) (./macros/print.tex)
(/Users/siruilu/Local/agentFormalization/QICLean/worktrees/area-law-bell-pin-po
wers/.deps/tenkz/tex/tenkz/tenkz.sty
(/opt/homebrew/Cellar/texlive/20260301/share/texmf-dist/tex/generic/pgf/fronten
dlayer/tikz/libraries/tikzlibrarycalc.code.tex)
(/opt/homebrew/Cellar/texlive/20260301/share/texmf-dist/tex/generic/pgf/librari
es/pgflibraryarrows.meta.code.tex)
(/opt/homebrew/Cellar/texlive/20260301/share/texmf-dist/tex/generic/pgf/fronten
dlayer/tikz/libraries/tikzlibrarybackgrounds.code.tex)
(/opt/homebrew/Cellar/texlive/20260301/share/texmf-dist/tex/generic/pgf/fronten
dlayer/tikz/libraries/tikzlibrarydecorations.pathreplacing.code.tex
(/opt/homebrew/Cellar/texlive/20260301/share/texmf-dist/tex/generic/pgf/fronten
dlayer/tikz/libraries/tikzlibrarydecorations.code.tex
(/opt/homebrew/Cellar/texlive/20260301/share/texmf-dist/tex/generic/pgf/modules
/pgfmoduledecorations.code.tex))
(/opt/homebrew/Cellar/texlive/20260301/share/texmf-dist/tex/generic/pgf/librari
es/decorations/pgflibrarydecorations.pathreplacing.code.tex))
(/opt/homebrew/Cellar/texlive/20260301/share/texmf-dist/tex/generic/pgf/fronten
dlayer/tikz/libraries/tikzlibrarydecorations.markings.code.tex
(/opt/homebrew/Cellar/texlive/20260301/share/texmf-dist/tex/generic/pgf/librari
es/decorations/pgflibrarydecorations.markings.code.tex))
(/opt/homebrew/Cellar/texlive/20260301/share/texmf-dist/tex/generic/pgf/fronten
dlayer/tikz/libraries/tikzlibraryfit.code.tex)
(/opt/homebrew/Cellar/texlive/20260301/share/texmf-dist/tex/generic/pgf/fronten
dlayer/tikz/libraries/tikzlibraryshapes.geometric.code.tex
(/opt/homebrew/Cellar/texlive/20260301/share/texmf-dist/tex/generic/pgf/librari
es/shapes/pgflibraryshapes.geometric.code.tex))
(/opt/homebrew/Cellar/texlive/20260301/share/texmf-dist/tex/latex/hobby/tikzlib
raryhobby.code.tex
(/opt/homebrew/Cellar/texlive/20260301/share/texmf-dist/tex/latex/hobby/pgflibr
aryhobby.code.tex
(/opt/homebrew/Cellar/texlive/20260301/share/texmf-dist/tex/latex/hobby/hobby.c
ode.tex
(/opt/homebrew/Cellar/texlive/20260301/share/texmf-dist/tex/latex/hobby/pml3arr
ay.sty))))
(/opt/homebrew/Cellar/texlive/20260301/share/texmf-dist/tex/latex/spath3/tikzli
braryspath3.code.tex
(/opt/homebrew/Cellar/texlive/20260301/share/texmf-dist/tex/latex/spath3/spath3
.sty))
(/opt/homebrew/Cellar/texlive/20260301/share/texmf-dist/tex/generic/pgf/fronten
dlayer/tikz/libraries/tikzlibraryintersections.code.tex
(/opt/homebrew/Cellar/texlive/20260301/share/texmf-dist/tex/generic/pgf/librari
es/pgflibraryintersections.code.tex
(/opt/homebrew/Cellar/texlive/20260301/share/texmf-dist/tex/generic/pgf/librari
es/pgflibraryfpu.code.tex)))
(/Users/siruilu/Local/agentFormalization/QICLean/worktrees/area-law-bell-pin-po
wers/.deps/tenkz/tex/tenkz/tenkz-language.code.tex
(/Users/siruilu/Local/agentFormalization/QICLean/worktrees/area-law-bell-pin-po
wers/.deps/tenkz/tex/tenkz/tenkz-language-registry.tex))
(/Users/siruilu/Local/agentFormalization/QICLean/worktrees/area-law-bell-pin-po
wers/.deps/tenkz/tex/tenkz/tenkz-model.code.tex)
(/Users/siruilu/Local/agentFormalization/QICLean/worktrees/area-law-bell-pin-po
wers/.deps/tenkz/tex/tenkz/tenkz-core.code.tex)
(/Users/siruilu/Local/agentFormalization/QICLean/worktrees/area-law-bell-pin-po
wers/.deps/tenkz/tex/tenkz/tenkz-metric.code.tex)
(/Users/siruilu/Local/agentFormalization/QICLean/worktrees/area-law-bell-pin-po
wers/.deps/tenkz/tex/tenkz/tenkz-geometry.code.tex)
(/Users/siruilu/Local/agentFormalization/QICLean/worktrees/area-law-bell-pin-po
wers/.deps/tenkz/tex/tenkz/tenkz-string.code.tex)
(/Users/siruilu/Local/agentFormalization/QICLean/worktrees/area-law-bell-pin-po
wers/.deps/tenkz/tex/tenkz/tenkz-tree.code.tex)
(/Users/siruilu/Local/agentFormalization/QICLean/worktrees/area-law-bell-pin-po
wers/.deps/tenkz/tex/tenkz/tenkz-render.code.tex)
(/Users/siruilu/Local/agentFormalization/QICLean/worktrees/area-law-bell-pin-po
wers/.deps/tenkz/tex/tenkz/tenkz-kernel.code.tex
(/Users/siruilu/Local/agentFormalization/QICLean/worktrees/area-law-bell-pin-po
wers/.deps/tenkz/tex/tenkz/tenkz-kernel-language.code.tex)
(/Users/siruilu/Local/agentFormalization/QICLean/worktrees/area-law-bell-pin-po
wers/.deps/tenkz/tex/tenkz/tenkz-kernel-policy.code.tex)
(/Users/siruilu/Local/agentFormalization/QICLean/worktrees/area-law-bell-pin-po
wers/.deps/tenkz/tex/tenkz/tenkz-kernel-resolve.code.tex)
(/Users/siruilu/Local/agentFormalization/QICLean/worktrees/area-law-bell-pin-po
wers/.deps/tenkz/tex/tenkz/tenkz-kernel-ink.code.tex)
(/Users/siruilu/Local/agentFormalization/QICLean/worktrees/area-law-bell-pin-po
wers/.deps/tenkz/tex/tenkz/tenkz-kernel-annotate.code.tex)
(/Users/siruilu/Local/agentFormalization/QICLean/worktrees/area-law-bell-pin-po
wers/.deps/tenkz/tex/tenkz/tenkz-kernel-surface.code.tex)))
(./macros/diagrams.tex
(/opt/homebrew/Cellar/texlive/20260301/share/texmf-dist/tex/latex/tikz-cd/tikz-
cd.sty
(/opt/homebrew/Cellar/texlive/20260301/share/texmf-dist/tex/generic/tikz-cd/tik
zlibrarycd.code.tex
(/opt/homebrew/Cellar/texlive/20260301/share/texmf-dist/tex/generic/pgf/fronten
dlayer/tikz/libraries/tikzlibrarymatrix.code.tex)
(/opt/homebrew/Cellar/texlive/20260301/share/texmf-dist/tex/generic/pgf/fronten
dlayer/tikz/libraries/tikzlibraryquotes.code.tex))))
(/Users/siruilu/Local/agentFormalization/QICLean/worktrees/area-law-bell-pin-po
wers/blueprint/print/print.aux)
*geometry* driver: auto-detecting
*geometry* detected driver: xetex

(/Users/siruilu/Local/agentFormalization/QICLean/worktrees/area-law-bell-pin-po
wers/blueprint/print/print.out)
(/Users/siruilu/Local/agentFormalization/QICLean/worktrees/area-law-bell-pin-po
wers/blueprint/print/print.out)
(/opt/homebrew/Cellar/texlive/20260301/share/texmf-dist/tex/latex/amsfonts/umsa
.fd)
(/opt/homebrew/Cellar/texlive/20260301/share/texmf-dist/tex/latex/amsfonts/umsb
.fd) [1]
(/Users/siruilu/Local/agentFormalization/QICLean/worktrees/area-law-bell-pin-po
wers/blueprint/print/print.toc [1] [2] [3] [4] [5] [6] [7]) (./content.tex
(./chapter/ch01_deconstructing_quantum.tex [8]
Chapter 1.
(./chapter/ch01_states.tex
Overfull \hbox (8.30865pt too wide) in paragraph at lines 7--13
[][]\TU/lmr/bx/n/10 Definition 1.1.1 \TU/lmr/m/n/10 (Schmidt decomposition)\TU/
lmr/bx/n/10 . [][][] [][][] [][] [][][] \TU/lmr/m/n/10 For $[] [] [][] [] [][]$
 with $[] [] [][][][][] [][][]$,
[9] [10]) (./chapter/ch01_shifted_density_powers.tex [11])
(./chapter/ch01_shifted_density_truncation.tex [12] [13])
(./chapter/ch01_shifted_power_derivative.tex [14])
(./chapter/ch01_patch_regulator.tex) (./chapter/ch01_positive_maps.tex [15]
[16] [17]
Overfull \hbox (0.76086pt too wide) in paragraph at lines 323--327
[][]\TU/lmr/bx/n/10 Definition 1.9.9 \TU/lmr/m/n/10 (State-preparation map)\TU/
lmr/bx/n/10 . [][][] [][][] [][] [][][] \TU/lmr/m/n/10 Let $[]$ be a matrix on 
a finite-dimensional
[18]
Overfull \hbox (10.62057pt too wide) in paragraph at lines 385--388
[][]\TU/lmr/bx/n/10 Theorem 1.10.3 \TU/lmr/m/n/10 (Trace of the maximally mixed
 matrix)\TU/lmr/bx/n/10 . [][][] [][][] [][] [][][] \TU/lmr/m/it/10 If $[] [] [
]$, then $[][][][][][][] []
[19] [20] [21]
Overfull \hbox (11.59889pt too wide) in paragraph at lines 762--772
[][]\TU/lmr/bx/n/10 Lemma 1.10.15 \TU/lmr/m/n/10 (Reconstructing a Kraus map fr
om $[][]$)\TU/lmr/bx/n/10 . [][][] [][][] [][] [][][] \TU/lmr/m/it/10 Let $[][]
$ be as in Lemma [][]1.10.12[][]

Overfull \hbox (28.53387pt too wide) in paragraph at lines 774--777
[] [][][] \TU/lmr/m/n/10 Both sides expand, entry by entry, to the same double 
sum $[] [][] [][] [] [][] [][][][][] [][]$.
[22] [23] [24] [25] [26]
Overfull \hbox (5.29309pt too wide) in paragraph at lines 1340--1344
[] [][][] \TU/lmr/m/n/10 For every $[][][] [][]$ and $[] [] []$, the zero-exten
ded operator satisfies $[][][][][][] []
[27] [28]
Overfull \hbox (0.58412pt too wide) in paragraph at lines 1512--1516
[] [][][] \TU/lmr/m/n/10 Since $[]$ is Hermitian and $[][] [] []$, the diagonal
 entries of the sum are $[][] [][][] []
) (./chapter/ch01_spectrum_and_wigner.tex [29] [30] [31] [32] [33] [34])
(./chapter/ch01_cyclic_trace_power.tex) (./chapter/ch01_coherent_frames.tex
[35])) (./chapter/ch02_channels.tex [36]
Chapter 2.
(./chapter/ch02_channels_positive_map_and_channel_foundations.tex [37] [38])
(./chapter/ch02_channels_rectangular_kraus_maps.tex [39]
Overfull \hbox (4.21751pt too wide) in paragraph at lines 88--93
[][]\TU/lmr/bx/n/10 Theorem 2.5.8 \TU/lmr/m/n/10 (Trace preservation from a Kra
us resolution)\TU/lmr/bx/n/10 . [][][] [][][] [][] [][][] []\TU/lmr/m/it/10 Eve
ry trace-preserving
[40]
Overfull \hbox (6.7766pt too wide) in paragraph at lines 148--148
[]\TU/lmr/bx/n/14.4 The Choi–Jamiolkowski representation of maps between
[41] [42]
Overfull \hbox (19.3712pt too wide) in paragraph at lines 420--428
[][]\TU/lmr/bx/n/10 Theorem 2.7.1 \TU/lmr/m/n/10 (Kraus normalization condition
s)\TU/lmr/bx/n/10 . [][][] [][][] [][][][] [][][] [][][][] [][][] [][] [][][] [
]\TU/lmr/m/it/10 Let $[][][][] [] [][] [][][][][]$
[43]) (./chapter/ch02_channels_tensor_maps_and_controlled_trace.tex [44])
(./chapter/ch02_channels_transfer_map_foundations.tex [45] [46])
(./chapter/ch02_channels_peripheral_spectrum_and_primitivity.tex [47] [48]
[49] [50] [51]
Overfull \hbox (8.69438pt too wide) in paragraph at lines 488--494
[][]\TU/lmr/bx/n/10 Lemma 2.13.2.1 \TU/lmr/m/n/10 (Peripheral closure via adjoi
nt fixed point)\TU/lmr/bx/n/10 . [][][] [][][] [][] [][][] [][][][]\TU/lmr/m/it
/10 Let $[][][][] [] [][] [][][][][]$

Overfull \hbox (0.28438pt too wide) in paragraph at lines 535--544
[][]\TU/lmr/bx/n/10 Theorem 2.13.2.2 \TU/lmr/m/n/10 (Roots of unity via adjoint
 fixed point)\TU/lmr/bx/n/10 . [][][] [][][] [][] [][][] [][][][][]\TU/lmr/m/it
/10 Let $[][][][] [] [][] [][][][][]$
[52] [53])) (./chapter/ch03_channel_representations.tex [54]
Chapter 3.
(./chapter/ch03_channel_representations_choi_foundations.tex
Overfull \hbox (1.66296pt too wide) in paragraph at lines 16--22
\TU/lmr/m/n/10 When $[] [] []$, this is the \TU/lmr/m/it/10 maximally entangled
 state\TU/lmr/m/n/10 : a rank-one projector with $[][][][] [][][][][] []
[55] [56]) (./chapter/ch03_channel_representations_rectangular_choi_bounds.tex
[57]
Overfull \hbox (7.94478pt too wide) in paragraph at lines 83--87
[][]\TU/lmr/bx/n/10 Definition 3.2.5 \TU/lmr/m/n/10 (Hilbert–Schmidt contractio
n)\TU/lmr/bx/n/10 . [][][] [][][] [][] [][][] \TU/lmr/m/n/10 A complex-linear m
ap $[] [] [][][][][] []
)
(./chapter/ch03_channel_representations_no_information_without_disturbance.tex
[58]) (./chapter/ch03_channel_representations_choi_and_kraus.tex [59] [60]
[61] [62] [63] [64]
Overfull \hbox (11.82436pt too wide) in paragraph at lines 778--783
[][]\TU/lmr/bx/n/10 Theorem 3.7.4 \TU/lmr/m/n/10 (Unitality implies Kraus unita
l normalization)\TU/lmr/bx/n/10 . [][][] [][][] [][] [][][] []\TU/lmr/m/it/10 I
f $[][][][] [] [][] [][][][][]$
[65] [66]) (./chapter/ch03_channel_representations_kraus_iterate_choi.tex
[67] [68]) (./chapter/ch03_channel_representations_ensemble_equivalence.tex
[69]
Overfull \hbox (0.58437pt too wide) in paragraph at lines 128--132
[]\TU/lmr/m/n/10 Conversely, a unitary $[]$ satisfies $[][][] [] []$, so Theore
m [][]3.6.6[][] gives $[][] [][][][] [][][][] [] [][] [][][][] [][][][]$.
) (./chapter/ch03_channel_representations_hermitian_intertwiners.tex [70])
(./chapter/ch03_channel_representations_dilations_and_ordered_cp.tex [71]
[72] [73]
Overfull \hbox (3.29pt too wide) in paragraph at lines 292--292
[]\TU/lmr/bx/n/14.4 Ordered CP maps, Radon–Nikodym, and open-system
[74] [75] [76]
Overfull \hbox (1.84756pt too wide) in paragraph at lines 679--690
[][]\TU/lmr/bx/n/10 Corollary 3.12.15 \TU/lmr/m/n/10 (Square-algebra Radon–Niko
dym theorem)\TU/lmr/bx/n/10 . [][][] [][][] [][] [][][] []\TU/lmr/m/it/10 Let $
[]$ be a nonempty
[77]
Overfull \hbox (11.32751pt too wide) in paragraph at lines 795--799
[][]\TU/lmr/bx/n/10 Lemma 3.12.21 \TU/lmr/m/n/10 (First environment embedding i
s an isometry)\TU/lmr/bx/n/10 . [][][] [][][] [][] [][][] []\TU/lmr/m/it/10 The
 first-environment
[78] [79] [80] [81] [82] [83])
(./chapter/ch03_channel_representations_normal_forms_and_determinant.tex
[84] [85] [86] [87] [88] [89] [90] [91] [92]
Overfull \hbox (27.40834pt too wide) in paragraph at lines 1026--1031
\TU/lmr/m/n/10 nates used immediately before [[], Eq. (2.41)]; see also the loc
al source $[][][][][] [] [][][][][][][][][][][][][][][][][] []
[93] [94] [95] [96]
Overfull \hbox (15.74634pt too wide) in paragraph at lines 1439--1446
[]\TU/lmr/m/n/10 Thus $[]$ maps the positive-semidefinite cone onto itself. The
 already formalized cone/rank/Wigner
[97] [98]) (./chapter/ch03_channel_representations_determinant_choi_bound.tex
[99]
Overfull \hbox (8.04791pt too wide) in paragraph at lines 53--59
\TU/lmr/m/n/10 Substituting $[][][][] [][][]$ for the row pair and $[][][][] []
[][]$ for the column pair in ([][]3.120[][]) gives $[][][][][][][][][]$,
) (./chapter/ch03_channel_representations_self_dual.tex [100]
Overfull \hbox (8.98033pt too wide) in paragraph at lines 60--66
[][]\TU/lmr/bx/n/10 Theorem 3.19.4 \TU/lmr/m/n/10 (Transfer matrix of a Kraus r
epresentation)\TU/lmr/bx/n/10 . [][][] [][][] [][] [][][] []\TU/lmr/m/it/10 If 
$[][][][] [] [][] [][][][][]$,
[101] [102] [103])
(./chapter/ch03_channel_representations_transfer_matrix_identities.tex [104])
(./chapter/ch03_channel_representations_sic_povms.tex [105] [106] [107]
[108])) (./chapter/ch04_positive_not_cp.tex [109]
Chapter 4.
(./chapter/ch04_positive_not_cp_trace_normalization_and_lorentz_cone.tex
[110]) (./chapter/ch04_positive_not_cp_two_positive_schmidt_and_choi.tex

Package hyperref Warning: Token not allowed in a PDF string (Unicode):
(hyperref)                removing `math shift' on input line 1.


Package hyperref Warning: Token not allowed in a PDF string (Unicode):
(hyperref)                removing `math shift' on input line 1.

[111] [112] [113] [114] [115] [116]
Overfull \hbox (1.33026pt too wide) in paragraph at lines 743--748
[] [][][] \TU/lmr/m/n/10 The forward direction is Theorem [][]4.2.3.8[][]. The 
reverse direction is Theorem [][]4.2.3.9[][].
[117]) (./chapter/ch04_positive_not_cp_npositivity_infimum.tex [118] [119])
(./chapter/ch04_positive_not_cp_positivity_reduction_and_breuer_hall.tex
[120] [121] [122] [123] [124] [125] [126]
Overfull \hbox (7.63916pt too wide) in paragraph at lines 751--758
[] [][][] []\TU/lmr/m/n/10 A positive semidefinite matrix is a sum of rank-one 
operators $[][][][][][]$. By Lemma [][]4.7.2[][]
[127]) (./chapter/ch04_positive_not_cp_choi_and_decomposable_maps.tex [128]
[129] [130] [131]
Overfull \hbox (5.33284pt too wide) in paragraph at lines 402--411
[]\TU/lmr/m/n/10 The comparison cannot in general be made strict. For $[][][] [
][] [][] [] [][][] [][] [][]$ and $[] [] [][][] [][] [][] [][] [][]$,
[132] [133] [134] [135] [136] [137] [138] [139] [140] [141] [142])
(./chapter/ch04_positive_not_cp_ppt_and_separable_states.tex [143] [144]
Overfull \hbox (3.90086pt too wide) in paragraph at lines 211--219
\TU/lmr/m/n/10 A bipartite state is separable when it is a convex combination o
f pure product states $[][] [][] [][][][][][][][] []
[145]) (./chapter/ch04_positive_not_cp_schmidt_number_and_entanglement.tex
[146] [147] [148]) (./chapter/ch04_positive_not_cp_kramers_degeneracy.tex
[149] [150])) (./chapter/ch04_positive_not_cp_supporting_results.tex [151]
Overfull \hbox (3.34654pt too wide) in paragraph at lines 185--189
[][]\TU/lmr/bx/n/10 Lemma 4.17.2 \TU/lmr/m/n/10 (Rank factorization through a c
oordinate space)\TU/lmr/bx/n/10 . [][][] [][][] [][] [][][] \TU/lmr/m/it/10 If 
$[] [] [][][][][][][][]$
[152]
Overfull \hbox (7.86009pt too wide) in paragraph at lines 264--269
[] [][][] \TU/lmr/m/n/10 The eigenvectors form an orthonormal basis, so with $[
] [] [][][]$ one has $[][] [][][][][][][][][] []
[153]
Overfull \hbox (7.40033pt too wide) in paragraph at lines 331--340
\TU/lmr/m/n/10 Choi criterion, the rectangular compression criterion, and the r
ank-$[]$ projection criterion. Through-
[154] [155] [156]
Overfull \hbox (0.84254pt too wide) in paragraph at lines 680--684
[][]\TU/lmr/bx/n/10 Lemma 4.19.16 \TU/lmr/m/n/10 (Rank-$[]$ Hermitian projectio
n factorization)\TU/lmr/bx/n/10 . [][][] [][][] [][] [][][] \TU/lmr/m/it/10 Let
 $[] [] [][][][][][][][]$

Package hyperref Warning: Token not allowed in a PDF string (Unicode):
(hyperref)                removing `math shift' on input line 703.


Package hyperref Warning: Token not allowed in a PDF string (Unicode):
(hyperref)                removing `math shift' on input line 703.

[157]
Overfull \hbox (9.13817pt too wide) in paragraph at lines 796--796
[]\TU/lmr/bx/n/14.4 Schmidt-number geometry and entanglement witnesses 
[158] [159]) (./chapter/ch04_convex_structure.tex [160]
Chapter 5.
[161] [162]
Overfull \hbox (0.17003pt too wide) in paragraph at lines 312--325
[] [][][] []\TU/lmr/m/n/10 The equality constraints and equality of the objecti
ves give $[][][][][] [] [][] [][][][][][][][] []
) (./chapter/ch05_schwarz.tex [163]
Chapter 6.
(./chapter/ch05_schwarz_ft_core.tex [164] [165])
(./chapter/ch05_schwarz_retractions_and_peripheral_equality.tex [166] [167])
(./chapter/ch05_schwarz_douglas.tex [168])
(./chapter/ch05_schwarz_schur_complement.tex)
(./chapter/ch05_schwarz_abstract_domains_and_order.tex [169] [170] [171]
[172] [173]
Overfull \hbox (41.15291pt too wide) in paragraph at lines 495--501
\TU/lmr/m/it/10 This is the pseudoinverse-free form of [[], Eq. (5.4)]: the usu
al statement $[][][][][][] [][][][][][][][][][][][][] []

Overfull \hbox (2.29807pt too wide) in paragraph at lines 506--517
\TU/lmr/m/n/10 Evaluating the PSD quadratic form on the vector $[][][] [][][]$ 
and using the side condition $[][][][][][][] []
[174]
Overfull \hbox (7.76178pt too wide) in paragraph at lines 644--649
[][]\TU/lmr/bx/n/10 Definition 6.9.2.7 \TU/lmr/m/n/10 (Per-$[]$ Schwarz hypothe
sis)\TU/lmr/bx/n/10 . [][][] [][][] [][] [][][] []\TU/lmr/m/n/10 A complex-line
ar map $[] [] [][][][][] []

Overfull \hbox (2.08957pt too wide) in paragraph at lines 693--701
[][]\TU/lmr/bx/n/10 Theorem 6.9.2.10 \TU/lmr/m/n/10 (Equality in the operator S
chwarz inequality)\TU/lmr/bx/n/10 . [][][] [][][] [][] [][][] [][]\TU/lmr/m/it/
10 Let $[] [] [][][][][] []
[175])) (./chapter/ch05_schwarz_supporting_results.tex
Overfull \hbox (3.5749pt too wide) in paragraph at lines 49--53
[][]\TU/lmr/bx/n/10 Theorem 6.11.3 \TU/lmr/m/n/10 (Nondegeneracy of the trace p
airing)\TU/lmr/bx/n/10 . [][][] [][][] [][] [][][] \TU/lmr/m/it/10 For $[] [] [
][][][][]$, $[][][][][] []
[176] [177]
Overfull \hbox (4.08379pt too wide) in paragraph at lines 287--287
[]\TU/lmr/bx/n/14.4 Faithful weighted traces and peripheral Schwarz equal-
[178]) (./chapter/ch06_operator_convexity.tex [179]
Chapter 7.
(./chapter/ch06_operator_convexity_schwarz_and_jensen.tex [180] [181] [182]
[183] [184] [185] [186])
(./chapter/ch06_operator_convexity_lieb_and_resolvent.tex [187] [188]
Overfull \hbox (2.84213pt too wide) in paragraph at lines 266--281
\TU/lmr/m/it/10 matrix $[]$, and positive-\TU/lmr/m/n/10 semidefinite \TU/lmr/m
/it/10 matrices $[][][] [][][] [][][] [][]$, the map $[][][] [][] [] [] [][][][
][][][][][][]$
[189] [190]) (./chapter/ch06_operator_convexity_matrix_means.tex
Overfull \hbox (5.76697pt too wide) in paragraph at lines 37--40
[]\TU/lmr/m/it/10 for $[] [] [] [] []$ the mean is monotone in each argument, a
nd for every vector $[]$, $[][][] [][][][][][][][] []
[191] [192]
Overfull \hbox (13.00826pt too wide) in paragraph at lines 197--206
[] [][][] []\TU/lmr/m/n/10 By the chain rule, $[][][][][][] [] [][][][][][][][]
[][][][][][][][]$ with $[] [] [][][][][]$,
[193]
Overfull \hbox (11.05424pt too wide) in paragraph at lines 279--281
\TU/lmr/m/n/10 For $[] [] [] [] [][][]$ let $[][][][][] [] [][][][][][] [][][][
][][]$ with $[][][][][] [] [][]$, and $[][][][][] [] [][][][][][][][][][][][][]
[] []
[194])) (./chapter/ch07_qpf.tex [195]
Chapter 8.
(./chapter/ch07_qpf_cesaro_fixed_points.tex
Overfull \hbox (29.7827pt too wide) in paragraph at lines 45--49
[] [][][] \TU/lmr/m/n/10 Pigeonhole principle on the integer lattice of side $[
][]$: the $[][] [] []$ points $[][][][][][][] [] [] [][][][][][]$
[196] [197] [198] [199]) (./chapter/ch07_qpf_weighted_cesaro.tex [200] [201])
[202] [203] [204] [205] [206] [207] [208] [209] [210]
Overfull \hbox (2.23955pt too wide) in paragraph at lines 1037--1043
[][]\TU/lmr/bx/n/10 Theorem 8.9.8 \TU/lmr/m/n/10 (Eigenvalue $[]$ for positive 
trace-preserving maps)\TU/lmr/bx/n/10 . [][][] [][][] [][] [][][] [][]\TU/lmr/m
/it/10 Let $[] [] [][][][][] []
[211]
Overfull \hbox (5.01353pt too wide) in paragraph at lines 1228--1243
[][]\TU/lmr/bx/n/10 Theorem 8.12.1 \TU/lmr/m/n/10 (Positive fixed-point decompo
sition)\TU/lmr/bx/n/10 . [][][] [][][] [][] [][] [][][] [][] [][] [][][] [][] [
][][] [][]\TU/lmr/m/it/10 Let $[] [] [] [][][][][] []
[212] (./chapter/ch07_qpf_irreducibility_and_ergodicity.tex [213] [214]
[215])) (./chapter/ch07_qpf_supporting_results.tex [216]
Overfull \hbox (1.41978pt too wide) in paragraph at lines 6--6
[]\TU/lmr/bx/n/14.4 Density matrices, Brouwer’s theorem, and Cesàro lim-
[217] [218] [219] [220]) (./chapter/ch08_spectral.tex [221]
Chapter 9.
(./chapter/ch08_spectral_ft_peripheral_cyclic.tex [222] [223])
(./chapter/ch08_spectral_supporting_results.tex [224] [225] [226] [227]))
(./chapter/ch09_channel_asymptotics.tex [228]
Chapter 10.
(./chapter/ch09_channel_asymptotics_jordan_block_power.tex [229])
(./chapter/ch09_channel_asymptotics_upper_triangular_power.tex [230] [231]
[232]) (./chapter/ch09_channel_asymptotics_detailed_balance.tex [233])
(./chapter/ch09_channel_asymptotics_mean_ergodic.tex [234] [235] [236])
(./chapter/ch09_channel_asymptotics_fixed_point_algebras.tex [237])
(./chapter/ch09_channel_asymptotics_fixed_points_and_wedderburn_i.tex [238]
[239] [240] [241] [242] [243] [244] [245] [246]
Overfull \hbox (11.51134pt too wide) in paragraph at lines 982--989
[] [][][] []\TU/lmr/m/n/10 Each pair $[] [] [][]$, $[][] [] [][]$ is of differe
nt type, hence orthogonal by Lemma [][]10.5.22[][].
) (./chapter/ch09_channel_asymptotics_wedderburn_ii.tex [247]
Overfull \hbox (8.43947pt too wide) in paragraph at lines 35--39
[]\TU/lmr/m/n/10 Finally, let $[] [] [][]$ and $[][] [] [][]$ be irreducible un
der $[]$, with $[][] [] [][]$. By Lemma [][]10.5.24[][],
[248] [249]
Overfull \hbox (27.08902pt too wide) in paragraph at lines 176--184
[][]\TU/lmr/bx/n/10 Lemma 10.6.5 \TU/lmr/m/n/10 (Unitary change of basis to blo
ck-diagonal form)\TU/lmr/bx/n/10 . [][][] [][][] [][] [][][] \TU/lmr/m/it/10 Le
t $[][][][][]$
[250] [251] [252] [253] [254] [255] [256])
(./chapter/ch09_channel_asymptotics_corner_and_overlap_decompositions.tex
[257] [258] [259])
(./chapter/ch09_channel_asymptotics_direct_sum_schwarz_maps.tex [260] [261]
Overfull \hbox (3.03027pt too wide) in paragraph at lines 188--201
[] [][][] \TU/lmr/m/n/10 Complete positivity and trace preservation make both t
race adjoints unital Schwarz
[262] [263] [264] [265]

Package hyperref Warning: Token not allowed in a PDF string (Unicode):
(hyperref)                removing `math shift' on input line 616.


Package hyperref Warning: Token not allowed in a PDF string (Unicode):
(hyperref)                removing `math shift' on input line 616.

[266])
(./chapter/ch09_channel_asymptotics_direct_sum_corners_and_maximal_support.tex
[267] [268]
Overfull \hbox (1.70528pt too wide) in paragraph at lines 194--196
[]\TU/lmr/m/n/10 Closure under multiplication transports back through the corre
spondence. A corner-supported
[269] [270] [271] [272])
(./chapter/ch09_channel_asymptotics_fixed_point_structure_and_cycles.tex
[273] [274] [275]
Overfull \hbox (31.08292pt too wide) in paragraph at lines 346--352
[] [][][] []\TU/lmr/m/n/10 In the spectral decomposition $[] [] [] [][][][][][]
$, the support projection is $[] [][][][][][][]$.
[276]
Overfull \hbox (137.52632pt too wide) in paragraph at lines 485--490
[]\TU/lmr/m/n/10 The declarations \TU/lmtt/m/n/10 Kraus.maximalSupport_of_maxim
alRank \TU/lmr/m/n/10 and \TU/lmtt/m/n/10 Kraus.exists_weightedCorner_sqrt_eq_o
f_maximalRank

Overfull \hbox (15.73227pt too wide) in paragraph at lines 501--505
[][]\TU/lmr/bx/n/10 Definition 10.12.1 \TU/lmr/m/n/10 (Exact Kraus word spans)\
TU/lmr/bx/n/10 . [][][] [][][] [][] [][][] \TU/lmr/m/n/10 For a finite Kraus fa
mily $[][][] [] [] [][] []
[277]
Overfull \hbox (11.32634pt too wide) in paragraph at lines 567--571
\TU/lmr/m/n/10 This section develops the block-permutation structure underlying
 the cycle decomposition of [[],
[278] [279] [280]
Overfull \hbox (26.44983pt too wide) in paragraph at lines 1006--1012
[]\TU/lmr/m/it/10 The compiled statement retains the equivalence $[][]$ and the
 literal zero extension $[][][][] [][] [][] [][]$
[281] [282])) (./chapter/ch09_channel_asymptotics_supporting_results.tex
[283] [284]) (./chapter/ch10_wielandt.tex [285]
Chapter 11.
(./chapter/ch10_wielandt_cumulative_bound.tex
Overfull \hbox (35.38342pt too wide) in paragraph at lines 60--65
[] [][][] []\TU/lmr/m/n/10 Expand the Kraus representation of the $[]$-fold ite
rate. Each summand is $[][][][][] [][][][][][][][] []
[286] [287] [288] [289] [290])) (./chapter/ch10_wielandt_supporting_results.tex
 [291] [292]) (./chapter/ch11_semigroup.tex [293]
Chapter 12.
(./chapter/ch11_semigroup_hermitian_paths.tex [294])
(./chapter/ch11_semigroup_dynamics_and_gksl.tex [295]
Overfull \hbox (20.50978pt too wide) in paragraph at lines 27--30
[][]\TU/lmr/bx/n/10 Definition 12.3.3 \TU/lmr/m/n/10 (Exponential semigroup)\TU
/lmr/bx/n/10 . [][][] [][][] [][][][] [][][] [][] [][][] \TU/lmr/m/n/10 Given a
 generator $[] [] [][][][][][][][][]$,
[296] [297] [298]
Overfull \hbox (8.99596pt too wide) in paragraph at lines 499--508
[] [][][] \TU/lmr/m/n/10 Let $[][][][] [] [][] [][][][][]$. By the cyclic prope
rty of trace, $[][][][][][][] [] [][][][][] [][][][][][][] []
[299] [300] [301] [302] [303])
(./chapter/ch11_semigroup_dissipation_and_primitivity.tex [304] [305] [306]
[307] [308]) (./chapter/ch11_semigroup_adjoint_kernel_and_reducibility.tex
[309] [310] [311]
Overfull \hbox (13.29822pt too wide) in paragraph at lines 355--365
[] [][][] \TU/lmr/m/n/10 The block-upper-triangular structure implies $[]$ pres
erves the compression $[][][][][][][]$.
[312] [313]
Overfull \hbox (8.15552pt too wide) in paragraph at lines 648--655
[][]\TU/lmr/bx/n/10 Theorem 12.9.1.16 \TU/lmr/m/n/10 (Large Kossakowski rank im
plies non-reducibility)\TU/lmr/bx/n/10 . [][][] [][][] [][] [][][] [][][][][][]
\TU/lmr/m/it/10 If $[][][][] []
[314])) (./chapter/ch12_entropy.tex [315]
Chapter 13.
(./chapter/ch12_entropy_trace_norm.tex [316] [317] [318]
Overfull \hbox (5.46825pt too wide) in paragraph at lines 455--463
[] [][][] [][][]\TU/lmr/m/n/10 Let $[][]$ be the support projection of $[][][][
][]$ from Lemma [][]13.1.14[][], so that $[][][][][][] []
[319] [320] [321] [322] [323]) (./chapter/ch12_polar_unitary_correction.tex
[324]) (./chapter/ch12_rectangular_windows.tex [325] [326])
(./chapter/ch12_entropy_majorization.tex)
(./chapter/ch12_entropy_von_neumann_and_relative_i.tex [327] [328] [329]
[330] [331] [332] [333] [334])
(./chapter/ch12_entropy_von_neumann_and_relative_ii.tex [335] [336] [337]
[338] [339] [340] [341] [342]
Overfull \hbox (0.6799pt too wide) in paragraph at lines 1010--1020
[] [][][] [][][]\TU/lmr/m/n/10 Kernel inclusion descends through the partial tr
ace, giving $[][][][] [][] [] [][][][] [][]$.
[343] [344]) (./chapter/ch12_entropy_tripartite_and_ssa_i.tex [345] [346]
[347] [348] [349] [350] [351] [352] [353]
Overfull \hbox (6.02043pt too wide) in paragraph at lines 1009--1015
\TU/lmr/m/it/10 This is the source-$[]$ pointwise-vanishing passage in Jenčová–
Ruskai, arXiv:0903.2895v4, lines 433–
[354] [355]) (./chapter/ch12_entropy_tripartite_and_ssa_ii.tex [356] [357]
[358] [359] [360]
Overfull \hbox (3.43794pt too wide) in paragraph at lines 605--612
[][]\TU/lmr/bx/n/10 Lemma 13.8.39 \TU/lmr/m/n/10 (Relative modular square-root 
ratio on the support)\TU/lmr/bx/n/10 . [][][] [][][] [][] [][][] []\TU/lmr/m/it
/10 Let $[][] [][] [][] []$
[361] [362] [363] [364] [365] [366] [367] [368] [369] [370] [371] [372]
[373] [374]
Overfull \hbox (24.00725pt too wide) in paragraph at lines 2195--2208
[][]$\TU/lmr/m/n/10 . The von Neumann entropy of a weighted orthogonal direct s
um is $[][][][] [][] [][][] [] [] [][] [][] [] [][] []
[375]) (./chapter/ch12_entropy_mutual_information.tex [376]
Overfull \hbox (14.84778pt too wide) in paragraph at lines 118--118
[]\TU/lmr/bx/n/14.4 Mutual information: monotonicity and area-law bound 
[377]) (./chapter/ch12_entropy_data_processing.tex)
(./chapter/ch12_entropy_conditional_continuity.tex [378] [379])
(./chapter/ch12_entropy_classical_operator_schmidt_and_renyi.tex [380] [381]
Overfull \hbox (13.46095pt too wide) in paragraph at lines 159--168
[]\TU/lmr/m/n/10 The minimality theorem at the preceding definition proves that
 the range dimension $[] [] [][]$
[382] [383] [384] [385] [386]
Overfull \hbox (1.78531pt too wide) in paragraph at lines 761--765
\TU/lmr/m/it/10 Thus this theorem reduces the singular-reference case to the fa
ithful comparison. Theorem [][]13.15.14[][]
[387] [388] [389] [390]) (./chapter/ch12_entropy_finite_product.tex [391]
[392] (./chapter/ch12_entropy_finite_product_splitting.tex))
(./chapter/ch12_entropy_finite_product_information.tex [393])
(./chapter/ch12_entropy_conditional_two_families.tex [394])
(./chapter/ch12_entropy_typical_spectrum.tex)
(./chapter/ch12_entropy_typical_density.tex [395])
(./chapter/ch12_entropy_typical_pure_state.tex [396])
(./chapter/ch12_entropy_regional_typical_state.tex [397])
(./chapter/ch12_entropy_typical_tail.tex [398])
(./fragment/typical_pure_compression.tex) (./chapter/ch12_density_simplex.tex
[399]) (./chapter/ch12_shifted_density_commutation.tex [400])
(./fragment/spectral_cutoff_mass.tex) (./fragment/replica_defect.tex [401])
(./fragment/replica_excitation_decomposition.tex [402])
(./fragment/replica_excitation_symmetry.tex)
(./fragment/replica_marginal_symmetry.tex [403])
(./fragment/replica_good_auxiliary_marginal.tex [404])
(./chapter/ch12_entropy_physical_buffer_overlap.tex [405] [406])
(./chapter/ch12_entropy_doubled_system_gap.tex [407] [408])
(./fragment/replica_permutation_covariance.tex [409])
(./fragment/replica_good_copy_factorization.tex [410])
(./fragment/replica_good_copy_density.tex)
(./fragment/replica_regional_density.tex [411])
(./fragment/replica_joint_density.tex
Overfull \hbox (9.51262pt too wide) in paragraph at lines 1--1
[]\TU/lmr/bx/n/14.4 Joint density on the good physical and auxiliary copies 
[412]
Overfull \hbox (3.79626pt too wide) in paragraph at lines 47--59
[] [][][] []\TU/lmr/m/n/10 Before tracing auxiliary coordinates, the regional d
ensity theorem gives $[][][][][] []
)) (./chapter/ch12_entropy_corollaries.tex [413])
(./chapter/ch13_random_sources.tex [414]
Chapter 14.

Overfull \hbox (9.15724pt too wide) in paragraph at lines 63--69
[] [][][] \TU/lmr/m/n/10 Conjugation commutes with the finite product, so the i
ntegrand is $[][][][][][][][][][][]$.
[415] [416] [417] [418]) (./chapter/ch13_source_error.tex [419]
Chapter 15.
[420] [421] [422]) (./chapter/ch13_source_reduction.tex [423]
Chapter 16.
[424] [425]) (./chapter/ch13_source_bridges.tex [426]
Chapter 17.
[427] [428] [429] [430]
Overfull \hbox (4.36137pt too wide) in paragraph at lines 516--521
\TU/lmr/m/n/10 This is $[] [] [][]$ followed by the stated output permutation. 
On an arbitrary vector $[]$, $[][][][][][][][][] []
[431] [432]) (./chapter/ch13_buffered_filters.tex [433]
Chapter 18.
) (./chapter/ch13_spectral_filter.tex [434]
Chapter 19.
[435] [436] [437]
Overfull \hbox (14.4764pt too wide) in paragraph at lines 402--409
\TU/lmr/m/it/10 There are $[][][] [][] [] []$, depending only on $[][] [][] [][
] [][] []$, such that $[][][][][][] [] [][][][][][][] [] [][][] [][][][] [][][]
[]$
[438]) (./chapter/ch13_marginal_tails.tex [439]
Chapter 20.
[440] [441] [442] [443] [444]
Overfull \hbox (10.12883pt too wide) in paragraph at lines 560--566
[] [][][] \TU/lmr/m/n/10 Since $[][][][][] [] [][][]$, the left side is the sum
 over $[]$ of $[][][][][] [][][][] [] [][][] [][][][][][][][]$.
[445] [446]) (./chapter/ch13_schur_labels.tex [447]
Chapter 21.
[448] [449] [450]
Overfull \hbox (1.217pt too wide) in paragraph at lines 348--360
[] [][][] \TU/lmr/m/n/10 A joint block of $[][] []$ meeting the $[]$-isotypic c
omponent is invariant under $[][][][][] []
(./fragment/pair_merge_moment.tex [451]) [452] [453] [454]
(./fragment/merge_exponential.tex)
(./fragment/replica_component_merge_moment.tex [455]))
(./fragment/grouped_label_entropy.tex [456])
(./fragment/bad_copy_label_dimension.tex)
(./fragment/good_auxiliary_label_entropy.tex
Overfull \hbox (21.72034pt too wide) in paragraph at lines 37--1
[]\TU/lmr/m/n/10 This proves the bad-label dimension bound used in [[], Section
 7, equation (comparator:good-
[457]) (./fragment/good_auxiliary_label_compression.tex)
(./fragment/replica_good_auxiliary_label_bound.tex [458])
(./chapter/ch13_conditional_movement.tex [459]
Chapter 22.
[460]) (./chapter/ch13_marginal_phase.tex [461]
Chapter 23.

Overfull \hbox (2.48633pt too wide) in paragraph at lines 10--16
\TU/lmr/m/n/10 This chapter formalizes the resolvent argument behind the margin
al-phase comparison of [[],
[462]))
(/Users/siruilu/Local/agentFormalization/QICLean/worktrees/area-law-bell-pin-po
wers/blueprint/print/print.bbl [463]
Underfull \hbox (badness 1158) in paragraph at lines 52--58
[]\TU/lmr/m/n/10 The QICLean contributors.  Exact-rank wording in Wolf’s Choi a
nd wit-

Underfull \hbox (badness 1472) in paragraph at lines 52--58
\TU/lmr/m/n/10 CLean, 2026.  [][]$[][][][][] [] [] [] [][][][][][][][][] [] [][
][] [] [][][][][][][] [] [][][][][][][][][][][] [] [][][][] [] [][][][][] [] []
 []

Underfull \hbox (badness 10000) in paragraph at lines 60--66
\TU/lmr/m/n/10 QICLean, 2026.  [][]$[][][][][] [] [] [] [][][][][][][][][] [] [
][][] [] [][][][][][][] [] [][][][][][][][][][][] [] [][][][][][][] []

Underfull \hbox (badness 1297) in paragraph at lines 68--74
[]\TU/lmr/m/n/10 The QICLean contributors.  The missing order hypothesis in Wol
f’s uni-

Underfull \hbox (badness 5548) in paragraph at lines 68--74
\TU/lmr/m/n/10 QICLean, 2026.  [][]$[][][][][] [] [] [] [][][][][][][][][] [] [
][][] [] [][][][][][][] [] [][][][][][][][][][][] [] [][][][] [] [][][] []

Underfull \hbox (badness 1253) in paragraph at lines 76--81
\TU/lmr/m/n/10 QICLean, 2026.  [][]$[][][][][] [] [] [] [][][][][][][][][] [] [
][][] [] [][][][][][][] [] [][][][][][][][][][][] [] [][][][] [] [][][][][] []
[464]
Underfull \hbox (badness 1478) in paragraph at lines 90--96
[]\TU/lmr/m/n/10 The QICLean contributors.  Scope of Wolf chapter 5 operator co
nvexity

Underfull \hbox (badness 5548) in paragraph at lines 90--96
\TU/lmr/m/n/10 QICLean, 2026.  [][]$[][][][][] [] [] [] [][][][][][][][][] [] [
][][] [] [][][][][][][] [] [][][][][][][][][][][] [] [][][][] [] [][][] []

Underfull \hbox (badness 1817) in paragraph at lines 105--110
\TU/lmr/m/n/10 attainment.  Paper-gap note wolf_slater_attainment_conditions, Q
ICLean,

Underfull \hbox (badness 1803) in paragraph at lines 112--118
[]\TU/lmr/m/n/10 The QICLean contributors.  The structure theorem for finite-di
mensional

Underfull \hbox (badness 10000) in paragraph at lines 112--118
[][]$\TU/lmr/m/n/10 -algebras: Matrix-realized single-block scope.  Paper-gap n
ote

Underfull \hbox (badness 5548) in paragraph at lines 120--126
\TU/lmr/m/n/10 QICLean, 2026.  [][]$[][][][][] [] [] [] [][][][][][][][][] [] [
][][] [] [][][][][][][] [] [][][][][][][][][][][] [] [][][][] [] [][][] []

Underfull \hbox (badness 1152) in paragraph at lines 128--134
[]\TU/lmr/m/n/10 The QICLean contributors.  Wolf proposition 1.5: Factor and co
ordinate

Underfull \hbox (badness 10000) in paragraph at lines 136--143
[]\TU/lmr/m/n/10 The QICLean contributors.  Wolf proposition 1.6: Complete

Underfull \hbox (badness 10000) in paragraph at lines 136--143
\TU/lmr/m/n/10 positivity from positivity, commutative side.  Paper-gap note

Underfull \hbox (badness 7168) in paragraph at lines 136--143
\TU/lmr/m/n/10 wolf_prop16_cp_positivity_commutative_side, QICLean, 2026.  [][]
$[][][][][] []

Underfull \hbox (badness 10000) in paragraph at lines 136--143
[] [] [][][][][][][][][] [] [][][] [] [][][][][][][] [] [][][][][][][][][][][] 
[] [][][][] [] [][][][][][] [] [][] [] [][][][][][][][][][] []

Underfull \hbox (badness 2884) in paragraph at lines 153--159
\TU/lmr/m/n/10 QICLean, 2026.  [][]$[][][][][] [] [] [] [][][][][][][][][] [] [
][][] [] [][][][][][][] [] [][][][][][][][][][][] [] [][][][] [] [][][][] []
[465]
Underfull \hbox (badness 3428) in paragraph at lines 168--174
[]\TU/lmr/m/n/10 The QICLean contributors.  Yamagami’s simultaneous-singularity
 bound-

Underfull \hbox (badness 1253) in paragraph at lines 168--174
\TU/lmr/m/n/10 QICLean, 2026.  [][]$[][][][][] [] [] [] [][][][][][][][][] [] [
][][] [] [][][][][][][] [] [][][][][][][][][][][] [] [][][][][][][][][][] []

Underfull \hbox (badness 2376) in paragraph at lines 176--182
\TU/lmr/m/n/10 ity characterization and Hayashi–Markov decomposition.  Paper-ga
p note

Underfull \hbox (badness 2376) in paragraph at lines 184--190
\TU/lmr/m/n/10 TNLean, 2026.  [][]$[][][][][] [] [] [] [][][][][][][][][] [] []
[][] [] [][][][][][] [] [][][][][][][][][][][] [] [][][][][][] [] [][][][] []
[466]
Underfull \hbox (badness 10000) in paragraph at lines 288--293
[]\TU/lmr/m/n/10 OpenAI.  Polynomial peps approximation of gapped square-

Underfull \hbox (badness 10000) in paragraph at lines 288--293
\TU/lmr/m/n/10 grid ground states, 2026.  September 24, 2026; source revision
[467]) [468]
(/Users/siruilu/Local/agentFormalization/QICLean/worktrees/area-law-bell-pin-po
wers/blueprint/print/print.aux)

LaTeX Warning: Label(s) may have changed. Rerun to get cross-references right.

 )
(see the transcript file for additional information)
Output written on /Users/siruilu/Local/agentFormalization/QICLean/worktrees/are
a-law-bell-pin-powers/blueprint/print/print.pdf (469 pages).
SyncTeX written on /Users/siruilu/Local/agentFormalization/QICLean/worktrees/area-law-bell-pin-powers/blueprint/print/print.synctex.gz.
Transcript written on /Users/siruilu/Local/agentFormalization/QICLean/worktrees
/area-law-bell-pin-powers/blueprint/print/print.log.
Latexmk: Getting log file '/Users/siruilu/Local/agentFormalization/QICLean/worktrees/area-law-bell-pin-powers/blueprint/print/print.log'
Latexmk: Examining '/Users/siruilu/Local/agentFormalization/QICLean/worktrees/area-law-bell-pin-powers/blueprint/print/print.fls'
Latexmk: Examining '/Users/siruilu/Local/agentFormalization/QICLean/worktrees/area-law-bell-pin-powers/blueprint/print/print.log'
Latexmk: Found input bbl file '/Users/siruilu/Local/agentFormalization/QICLean/worktrees/area-law-bell-pin-powers/blueprint/print/print.bbl'
Latexmk: References changed.
Latexmk: Log file says output to '/Users/siruilu/Local/agentFormalization/QICLean/worktrees/area-law-bell-pin-powers/blueprint/print/print.pdf'
Latexmk: Using bibtex to make bibliography file(s).
  ===Source file '/Users/siruilu/Local/agentFormalization/QICLean/worktrees/area-law-bell-pin-powers/blueprint/print/print.bbl' for 'pdflatex'
Latexmk: Found bibliography file(s):
  ./references.bib
Latexmk: applying rule 'bibtex /Users/siruilu/Local/agentFormalization/QICLean/worktrees/area-law-bell-pin-powers/blueprint/print/print'...
Rule 'bibtex /Users/siruilu/Local/agentFormalization/QICLean/worktrees/area-law-bell-pin-powers/blueprint/print/print':  Reasons for rerun
Changed files or newly in use/created:
  /Users/siruilu/Local/agentFormalization/QICLean/worktrees/area-law-bell-pin-powers/blueprint/print/print.aux

------------
Run number 2 of rule 'bibtex /Users/siruilu/Local/agentFormalization/QICLean/worktrees/area-law-bell-pin-powers/blueprint/print/print'
------------
Latexmk: Change directory to '/Users/siruilu/Local/agentFormalization/QICLean/worktrees/area-law-bell-pin-powers/blueprint/print/'.
To assist finding of files in document directory, I set
  BIBINPUTS='/Users/siruilu/Local/agentFormalization/QICLean/worktrees/area-law-bell-pin-powers/blueprint/src:/Users/siruilu/Local/agentFormalization/QICLean/worktrees/area-law-bell-pin-powers/blueprint/print:/Users/siruilu/Local/TEX:'
  BSTINPUTS='/Users/siruilu/Local/agentFormalization/QICLean/worktrees/area-law-bell-pin-powers/blueprint/src:/Users/siruilu/Local/TEX:'.
------------
Running 'bibtex  "print.aux"'
------------
This is BibTeX, Version 0.99e (TeX Live 2026/Homebrew)
The top-level auxiliary file: print.aux
The style file: alpha.bst
Database file #1: references.bib
Latexmk: Change directory back to '/Users/siruilu/Local/agentFormalization/QICLean/worktrees/area-law-bell-pin-powers/blueprint/src'
Latexmk: applying rule 'pdflatex'...
Rule 'pdflatex':  Reasons for rerun
Changed files or newly in use/created:
  /Users/siruilu/Local/agentFormalization/QICLean/worktrees/area-law-bell-pin-powers/blueprint/print/print.aux
  /Users/siruilu/Local/agentFormalization/QICLean/worktrees/area-law-bell-pin-powers/blueprint/print/print.toc

------------
Run number 3 of rule 'pdflatex'
------------
------------
Running 'xelatex -synctex=1  -recorder -output-directory="/Users/siruilu/Local/agentFormalization/QICLean/worktrees/area-law-bell-pin-powers/blueprint/print"  "print.tex"'
------------
This is XeTeX, Version 3.141592653-2.6-0.999998 (TeX Live 2026/Homebrew) (preloaded format=xelatex)
 restricted \write18 enabled.
entering extended mode
(./print.tex
LaTeX2e <2025-11-01>
L3 programming layer <2026-01-19>

(/opt/homebrew/Cellar/texlive/20260301/share/texmf-dist/tex/latex/base/report.c
ls
Document Class: report 2025/01/22 v1.4n Standard LaTeX document class

(/opt/homebrew/Cellar/texlive/20260301/share/texmf-dist/tex/latex/base/size10.c
lo))
(/opt/homebrew/Cellar/texlive/20260301/share/texmf-dist/tex/latex/geometry/geom
etry.sty
(/opt/homebrew/Cellar/texlive/20260301/share/texmf-dist/tex/latex/graphics/keyv
al.sty)
(/opt/homebrew/Cellar/texlive/20260301/share/texmf-dist/tex/generic/iftex/ifvte
x.sty
(/opt/homebrew/Cellar/texlive/20260301/share/texmf-dist/tex/generic/iftex/iftex
.sty)))
(/opt/homebrew/Cellar/texlive/20260301/share/texmf-dist/tex/latex/l3kernel/expl
3.sty
(/opt/homebrew/Cellar/texlive/20260301/share/texmf-dist/tex/latex/l3backend/l3b
ackend-xetex.def))
(/opt/homebrew/Cellar/texlive/20260301/share/texmf-dist/tex/latex/amsfonts/amss
ymb.sty
(/opt/homebrew/Cellar/texlive/20260301/share/texmf-dist/tex/latex/amsfonts/amsf
onts.sty))
(/opt/homebrew/Cellar/texlive/20260301/share/texmf-dist/tex/latex/amscls/amsthm
.sty)
(/opt/homebrew/Cellar/texlive/20260301/share/texmf-dist/tex/latex/mathtools/mat
htools.sty
(/opt/homebrew/Cellar/texlive/20260301/share/texmf-dist/tex/latex/tools/calc.st
y)
(/opt/homebrew/Cellar/texlive/20260301/share/texmf-dist/tex/latex/mathtools/mhs
etup.sty)
(/opt/homebrew/Cellar/texlive/20260301/share/texmf-dist/tex/latex/amsmath/amsma
th.sty
For additional information on amsmath, use the `?' option.

(/opt/homebrew/Cellar/texlive/20260301/share/texmf-dist/tex/latex/amsmath/amste
xt.sty
(/opt/homebrew/Cellar/texlive/20260301/share/texmf-dist/tex/latex/amsmath/amsge
n.sty))
(/opt/homebrew/Cellar/texlive/20260301/share/texmf-dist/tex/latex/amsmath/amsbs
y.sty)
(/opt/homebrew/Cellar/texlive/20260301/share/texmf-dist/tex/latex/amsmath/amsop
n.sty)))
(/opt/homebrew/Cellar/texlive/20260301/share/texmf-dist/tex/latex/pgf/frontendl
ayer/tikz.sty
(/opt/homebrew/Cellar/texlive/20260301/share/texmf-dist/tex/latex/pgf/basiclaye
r/pgf.sty
(/opt/homebrew/Cellar/texlive/20260301/share/texmf-dist/tex/latex/pgf/utilities
/pgfrcs.sty
(/opt/homebrew/Cellar/texlive/20260301/share/texmf-dist/tex/generic/pgf/utiliti
es/pgfutil-common.tex)
(/opt/homebrew/Cellar/texlive/20260301/share/texmf-dist/tex/generic/pgf/utiliti
es/pgfutil-latex.def)
(/opt/homebrew/Cellar/texlive/20260301/share/texmf-dist/tex/generic/pgf/utiliti
es/pgfrcs.code.tex
(/opt/homebrew/Cellar/texlive/20260301/share/texmf-dist/tex/generic/pgf/pgf.rev
ision.tex)))
(/opt/homebrew/Cellar/texlive/20260301/share/texmf-dist/tex/latex/pgf/basiclaye
r/pgfcore.sty
(/opt/homebrew/Cellar/texlive/20260301/share/texmf-dist/tex/latex/graphics/grap
hicx.sty
(/opt/homebrew/Cellar/texlive/20260301/share/texmf-dist/tex/latex/graphics/grap
hics.sty
(/opt/homebrew/Cellar/texlive/20260301/share/texmf-dist/tex/latex/graphics/trig
.sty)
(/opt/homebrew/Cellar/texlive/20260301/share/texmf-dist/tex/latex/graphics-cfg/
graphics.cfg)
(/opt/homebrew/Cellar/texlive/20260301/share/texmf-dist/tex/latex/graphics-def/
xetex.def)))
(/opt/homebrew/Cellar/texlive/20260301/share/texmf-dist/tex/latex/pgf/systemlay
er/pgfsys.sty
(/opt/homebrew/Cellar/texlive/20260301/share/texmf-dist/tex/generic/pgf/systeml
ayer/pgfsys.code.tex
(/opt/homebrew/Cellar/texlive/20260301/share/texmf-dist/tex/generic/pgf/utiliti
es/pgfkeys.code.tex
(/opt/homebrew/Cellar/texlive/20260301/share/texmf-dist/tex/generic/pgf/utiliti
es/pgfkeyslibraryfiltered.code.tex))
(/opt/homebrew/Cellar/texlive/20260301/share/texmf-dist/tex/generic/pgf/systeml
ayer/pgf.cfg)
(/opt/homebrew/Cellar/texlive/20260301/share/texmf-dist/tex/generic/pgf/systeml
ayer/pgfsys-xetex.def
(/opt/homebrew/Cellar/texlive/20260301/share/texmf-dist/tex/generic/pgf/systeml
ayer/pgfsys-dvipdfmx.def
(/opt/homebrew/Cellar/texlive/20260301/share/texmf-dist/tex/generic/pgf/systeml
ayer/pgfsys-common-pdf.def))))
(/opt/homebrew/Cellar/texlive/20260301/share/texmf-dist/tex/generic/pgf/systeml
ayer/pgfsyssoftpath.code.tex)
(/opt/homebrew/Cellar/texlive/20260301/share/texmf-dist/tex/generic/pgf/systeml
ayer/pgfsysprotocol.code.tex))
(/opt/homebrew/Cellar/texlive/20260301/share/texmf-dist/tex/latex/xcolor/xcolor
.sty
(/opt/homebrew/Cellar/texlive/20260301/share/texmf-dist/tex/latex/graphics-cfg/
color.cfg)
(/opt/homebrew/Cellar/texlive/20260301/share/texmf-dist/tex/latex/graphics/math
color.ltx))
(/opt/homebrew/Cellar/texlive/20260301/share/texmf-dist/tex/generic/pgf/basicla
yer/pgfcore.code.tex
(/opt/homebrew/Cellar/texlive/20260301/share/texmf-dist/tex/generic/pgf/math/pg
fmath.code.tex
(/opt/homebrew/Cellar/texlive/20260301/share/texmf-dist/tex/generic/pgf/math/pg
fmathutil.code.tex)
(/opt/homebrew/Cellar/texlive/20260301/share/texmf-dist/tex/generic/pgf/math/pg
fmathparser.code.tex)
(/opt/homebrew/Cellar/texlive/20260301/share/texmf-dist/tex/generic/pgf/math/pg
fmathfunctions.code.tex)
(/opt/homebrew/Cellar/texlive/20260301/share/texmf-dist/tex/generic/pgf/math/pg
fmathfunctions.basic.code.tex)
(/opt/homebrew/Cellar/texlive/20260301/share/texmf-dist/tex/generic/pgf/math/pg
fmathfunctions.trigonometric.code.tex)
(/opt/homebrew/Cellar/texlive/20260301/share/texmf-dist/tex/generic/pgf/math/pg
fmathfunctions.random.code.tex)
(/opt/homebrew/Cellar/texlive/20260301/share/texmf-dist/tex/generic/pgf/math/pg
fmathfunctions.comparison.code.tex)
(/opt/homebrew/Cellar/texlive/20260301/share/texmf-dist/tex/generic/pgf/math/pg
fmathfunctions.base.code.tex)
(/opt/homebrew/Cellar/texlive/20260301/share/texmf-dist/tex/generic/pgf/math/pg
fmathfunctions.round.code.tex)
(/opt/homebrew/Cellar/texlive/20260301/share/texmf-dist/tex/generic/pgf/math/pg
fmathfunctions.misc.code.tex)
(/opt/homebrew/Cellar/texlive/20260301/share/texmf-dist/tex/generic/pgf/math/pg
fmathfunctions.integerarithmetics.code.tex)
(/opt/homebrew/Cellar/texlive/20260301/share/texmf-dist/tex/generic/pgf/math/pg
fmathcalc.code.tex)
(/opt/homebrew/Cellar/texlive/20260301/share/texmf-dist/tex/generic/pgf/math/pg
fmathfloat.code.tex))
(/opt/homebrew/Cellar/texlive/20260301/share/texmf-dist/tex/generic/pgf/math/pg
fint.code.tex)
(/opt/homebrew/Cellar/texlive/20260301/share/texmf-dist/tex/generic/pgf/basicla
yer/pgfcorepoints.code.tex)
(/opt/homebrew/Cellar/texlive/20260301/share/texmf-dist/tex/generic/pgf/basicla
yer/pgfcorepathconstruct.code.tex)
(/opt/homebrew/Cellar/texlive/20260301/share/texmf-dist/tex/generic/pgf/basicla
yer/pgfcorepathusage.code.tex)
(/opt/homebrew/Cellar/texlive/20260301/share/texmf-dist/tex/generic/pgf/basicla
yer/pgfcorescopes.code.tex)
(/opt/homebrew/Cellar/texlive/20260301/share/texmf-dist/tex/generic/pgf/basicla
yer/pgfcoregraphicstate.code.tex)
(/opt/homebrew/Cellar/texlive/20260301/share/texmf-dist/tex/generic/pgf/basicla
yer/pgfcoretransformations.code.tex)
(/opt/homebrew/Cellar/texlive/20260301/share/texmf-dist/tex/generic/pgf/basicla
yer/pgfcorequick.code.tex)
(/opt/homebrew/Cellar/texlive/20260301/share/texmf-dist/tex/generic/pgf/basicla
yer/pgfcoreobjects.code.tex)
(/opt/homebrew/Cellar/texlive/20260301/share/texmf-dist/tex/generic/pgf/basicla
yer/pgfcorepathprocessing.code.tex)
(/opt/homebrew/Cellar/texlive/20260301/share/texmf-dist/tex/generic/pgf/basicla
yer/pgfcorearrows.code.tex)
(/opt/homebrew/Cellar/texlive/20260301/share/texmf-dist/tex/generic/pgf/basicla
yer/pgfcoreshade.code.tex)
(/opt/homebrew/Cellar/texlive/20260301/share/texmf-dist/tex/generic/pgf/basicla
yer/pgfcoreimage.code.tex)
(/opt/homebrew/Cellar/texlive/20260301/share/texmf-dist/tex/generic/pgf/basicla
yer/pgfcoreexternal.code.tex)
(/opt/homebrew/Cellar/texlive/20260301/share/texmf-dist/tex/generic/pgf/basicla
yer/pgfcorelayers.code.tex)
(/opt/homebrew/Cellar/texlive/20260301/share/texmf-dist/tex/generic/pgf/basicla
yer/pgfcoretransparency.code.tex)
(/opt/homebrew/Cellar/texlive/20260301/share/texmf-dist/tex/generic/pgf/basicla
yer/pgfcorepatterns.code.tex)
(/opt/homebrew/Cellar/texlive/20260301/share/texmf-dist/tex/generic/pgf/basicla
yer/pgfcorerdf.code.tex)))
(/opt/homebrew/Cellar/texlive/20260301/share/texmf-dist/tex/generic/pgf/modules
/pgfmoduleshapes.code.tex)
(/opt/homebrew/Cellar/texlive/20260301/share/texmf-dist/tex/generic/pgf/modules
/pgfmoduleplot.code.tex)
(/opt/homebrew/Cellar/texlive/20260301/share/texmf-dist/tex/latex/pgf/compatibi
lity/pgfcomp-version-0-65.sty)
(/opt/homebrew/Cellar/texlive/20260301/share/texmf-dist/tex/latex/pgf/compatibi
lity/pgfcomp-version-1-18.sty))
(/opt/homebrew/Cellar/texlive/20260301/share/texmf-dist/tex/latex/pgf/utilities
/pgffor.sty
(/opt/homebrew/Cellar/texlive/20260301/share/texmf-dist/tex/latex/pgf/utilities
/pgfkeys.sty
(/opt/homebrew/Cellar/texlive/20260301/share/texmf-dist/tex/generic/pgf/utiliti
es/pgfkeys.code.tex))
(/opt/homebrew/Cellar/texlive/20260301/share/texmf-dist/tex/latex/pgf/math/pgfm
ath.sty
(/opt/homebrew/Cellar/texlive/20260301/share/texmf-dist/tex/generic/pgf/math/pg
fmath.code.tex))
(/opt/homebrew/Cellar/texlive/20260301/share/texmf-dist/tex/generic/pgf/utiliti
es/pgffor.code.tex))
(/opt/homebrew/Cellar/texlive/20260301/share/texmf-dist/tex/generic/pgf/fronten
dlayer/tikz/tikz.code.tex
(/opt/homebrew/Cellar/texlive/20260301/share/texmf-dist/tex/generic/pgf/librari
es/pgflibraryplothandlers.code.tex)
(/opt/homebrew/Cellar/texlive/20260301/share/texmf-dist/tex/generic/pgf/modules
/pgfmodulematrix.code.tex)
(/opt/homebrew/Cellar/texlive/20260301/share/texmf-dist/tex/generic/pgf/fronten
dlayer/tikz/libraries/tikzlibrarytopaths.code.tex)))
(/opt/homebrew/Cellar/texlive/20260301/share/texmf-dist/tex/latex/hyperref/hype
rref.sty
(/opt/homebrew/Cellar/texlive/20260301/share/texmf-dist/tex/latex/kvsetkeys/kvs
etkeys.sty)
(/opt/homebrew/Cellar/texlive/20260301/share/texmf-dist/tex/generic/kvdefinekey
s/kvdefinekeys.sty)
(/opt/homebrew/Cellar/texlive/20260301/share/texmf-dist/tex/generic/pdfescape/p
dfescape.sty
(/opt/homebrew/Cellar/texlive/20260301/share/texmf-dist/tex/generic/ltxcmds/ltx
cmds.sty)
(/opt/homebrew/Cellar/texlive/20260301/share/texmf-dist/tex/generic/pdftexcmds/
pdftexcmds.sty
(/opt/homebrew/Cellar/texlive/20260301/share/texmf-dist/tex/generic/infwarerr/i
nfwarerr.sty)))
(/opt/homebrew/Cellar/texlive/20260301/share/texmf-dist/tex/latex/hycolor/hycol
or.sty)
(/opt/homebrew/Cellar/texlive/20260301/share/texmf-dist/tex/latex/hyperref/name
ref.sty
(/opt/homebrew/Cellar/texlive/20260301/share/texmf-dist/tex/latex/refcount/refc
ount.sty)
(/opt/homebrew/Cellar/texlive/20260301/share/texmf-dist/tex/generic/gettitlestr
ing/gettitlestring.sty
(/opt/homebrew/Cellar/texlive/20260301/share/texmf-dist/tex/latex/kvoptions/kvo
ptions.sty)))
(/opt/homebrew/Cellar/texlive/20260301/share/texmf-dist/tex/latex/etoolbox/etoo
lbox.sty)
(/opt/homebrew/Cellar/texlive/20260301/share/texmf-dist/tex/generic/stringenc/s
tringenc.sty)
(/opt/homebrew/Cellar/texlive/20260301/share/texmf-dist/tex/latex/hyperref/pd1e
nc.def)
(/opt/homebrew/Cellar/texlive/20260301/share/texmf-dist/tex/generic/intcalc/int
calc.sty)
(/opt/homebrew/Cellar/texlive/20260301/share/texmf-dist/tex/latex/hyperref/puen
c.def)
(/opt/homebrew/Cellar/texlive/20260301/share/texmf-dist/tex/latex/url/url.sty)
(/opt/homebrew/Cellar/texlive/20260301/share/texmf-dist/tex/generic/bitset/bits
et.sty
(/opt/homebrew/Cellar/texlive/20260301/share/texmf-dist/tex/generic/bigintcalc/
bigintcalc.sty)))
(/opt/homebrew/Cellar/texlive/20260301/share/texmf-dist/tex/latex/hyperref/hxet
ex.def
(/opt/homebrew/Cellar/texlive/20260301/share/texmf-dist/tex/latex/rerunfilechec
k/rerunfilecheck.sty
(/opt/homebrew/Cellar/texlive/20260301/share/texmf-dist/tex/generic/uniquecount
er/uniquecounter.sty)))
(/opt/homebrew/Cellar/texlive/20260301/share/texmf-dist/tex/latex/unicode-math/
unicode-math.sty
(/opt/homebrew/Cellar/texlive/20260301/share/texmf-dist/tex/latex/unicode-math/
unicode-math-xetex.sty
(/opt/homebrew/Cellar/texlive/20260301/share/texmf-dist/tex/latex/l3packages/xp
arse/xparse.sty)
(/opt/homebrew/Cellar/texlive/20260301/share/texmf-dist/tex/latex/l3packages/l3
keys2e/l3keys2e.sty)
(/opt/homebrew/Cellar/texlive/20260301/share/texmf-dist/tex/latex/fontspec/font
spec.sty
(/opt/homebrew/Cellar/texlive/20260301/share/texmf-dist/tex/latex/fontspec/font
spec-xetex.sty
(/opt/homebrew/Cellar/texlive/20260301/share/texmf-dist/tex/latex/base/fontenc.
sty)
(/opt/homebrew/Cellar/texlive/20260301/share/texmf-dist/tex/latex/fontspec/font
spec.cfg)))
(/opt/homebrew/Cellar/texlive/20260301/share/texmf-dist/tex/latex/base/fix-cm.s
ty
(/opt/homebrew/Cellar/texlive/20260301/share/texmf-dist/tex/latex/base/ts1enc.d
ef))
(/opt/homebrew/Cellar/texlive/20260301/share/texmf-dist/tex/latex/unicode-math/
unicode-math-table.tex))) (./macros/common.tex) (./macros/print.tex)
(/Users/siruilu/Local/agentFormalization/QICLean/worktrees/area-law-bell-pin-po
wers/.deps/tenkz/tex/tenkz/tenkz.sty
(/opt/homebrew/Cellar/texlive/20260301/share/texmf-dist/tex/generic/pgf/fronten
dlayer/tikz/libraries/tikzlibrarycalc.code.tex)
(/opt/homebrew/Cellar/texlive/20260301/share/texmf-dist/tex/generic/pgf/librari
es/pgflibraryarrows.meta.code.tex)
(/opt/homebrew/Cellar/texlive/20260301/share/texmf-dist/tex/generic/pgf/fronten
dlayer/tikz/libraries/tikzlibrarybackgrounds.code.tex)
(/opt/homebrew/Cellar/texlive/20260301/share/texmf-dist/tex/generic/pgf/fronten
dlayer/tikz/libraries/tikzlibrarydecorations.pathreplacing.code.tex
(/opt/homebrew/Cellar/texlive/20260301/share/texmf-dist/tex/generic/pgf/fronten
dlayer/tikz/libraries/tikzlibrarydecorations.code.tex
(/opt/homebrew/Cellar/texlive/20260301/share/texmf-dist/tex/generic/pgf/modules
/pgfmoduledecorations.code.tex))
(/opt/homebrew/Cellar/texlive/20260301/share/texmf-dist/tex/generic/pgf/librari
es/decorations/pgflibrarydecorations.pathreplacing.code.tex))
(/opt/homebrew/Cellar/texlive/20260301/share/texmf-dist/tex/generic/pgf/fronten
dlayer/tikz/libraries/tikzlibrarydecorations.markings.code.tex
(/opt/homebrew/Cellar/texlive/20260301/share/texmf-dist/tex/generic/pgf/librari
es/decorations/pgflibrarydecorations.markings.code.tex))
(/opt/homebrew/Cellar/texlive/20260301/share/texmf-dist/tex/generic/pgf/fronten
dlayer/tikz/libraries/tikzlibraryfit.code.tex)
(/opt/homebrew/Cellar/texlive/20260301/share/texmf-dist/tex/generic/pgf/fronten
dlayer/tikz/libraries/tikzlibraryshapes.geometric.code.tex
(/opt/homebrew/Cellar/texlive/20260301/share/texmf-dist/tex/generic/pgf/librari
es/shapes/pgflibraryshapes.geometric.code.tex))
(/opt/homebrew/Cellar/texlive/20260301/share/texmf-dist/tex/latex/hobby/tikzlib
raryhobby.code.tex
(/opt/homebrew/Cellar/texlive/20260301/share/texmf-dist/tex/latex/hobby/pgflibr
aryhobby.code.tex
(/opt/homebrew/Cellar/texlive/20260301/share/texmf-dist/tex/latex/hobby/hobby.c
ode.tex
(/opt/homebrew/Cellar/texlive/20260301/share/texmf-dist/tex/latex/hobby/pml3arr
ay.sty))))
(/opt/homebrew/Cellar/texlive/20260301/share/texmf-dist/tex/latex/spath3/tikzli
braryspath3.code.tex
(/opt/homebrew/Cellar/texlive/20260301/share/texmf-dist/tex/latex/spath3/spath3
.sty))
(/opt/homebrew/Cellar/texlive/20260301/share/texmf-dist/tex/generic/pgf/fronten
dlayer/tikz/libraries/tikzlibraryintersections.code.tex
(/opt/homebrew/Cellar/texlive/20260301/share/texmf-dist/tex/generic/pgf/librari
es/pgflibraryintersections.code.tex
(/opt/homebrew/Cellar/texlive/20260301/share/texmf-dist/tex/generic/pgf/librari
es/pgflibraryfpu.code.tex)))
(/Users/siruilu/Local/agentFormalization/QICLean/worktrees/area-law-bell-pin-po
wers/.deps/tenkz/tex/tenkz/tenkz-language.code.tex
(/Users/siruilu/Local/agentFormalization/QICLean/worktrees/area-law-bell-pin-po
wers/.deps/tenkz/tex/tenkz/tenkz-language-registry.tex))
(/Users/siruilu/Local/agentFormalization/QICLean/worktrees/area-law-bell-pin-po
wers/.deps/tenkz/tex/tenkz/tenkz-model.code.tex)
(/Users/siruilu/Local/agentFormalization/QICLean/worktrees/area-law-bell-pin-po
wers/.deps/tenkz/tex/tenkz/tenkz-core.code.tex)
(/Users/siruilu/Local/agentFormalization/QICLean/worktrees/area-law-bell-pin-po
wers/.deps/tenkz/tex/tenkz/tenkz-metric.code.tex)
(/Users/siruilu/Local/agentFormalization/QICLean/worktrees/area-law-bell-pin-po
wers/.deps/tenkz/tex/tenkz/tenkz-geometry.code.tex)
(/Users/siruilu/Local/agentFormalization/QICLean/worktrees/area-law-bell-pin-po
wers/.deps/tenkz/tex/tenkz/tenkz-string.code.tex)
(/Users/siruilu/Local/agentFormalization/QICLean/worktrees/area-law-bell-pin-po
wers/.deps/tenkz/tex/tenkz/tenkz-tree.code.tex)
(/Users/siruilu/Local/agentFormalization/QICLean/worktrees/area-law-bell-pin-po
wers/.deps/tenkz/tex/tenkz/tenkz-render.code.tex)
(/Users/siruilu/Local/agentFormalization/QICLean/worktrees/area-law-bell-pin-po
wers/.deps/tenkz/tex/tenkz/tenkz-kernel.code.tex
(/Users/siruilu/Local/agentFormalization/QICLean/worktrees/area-law-bell-pin-po
wers/.deps/tenkz/tex/tenkz/tenkz-kernel-language.code.tex)
(/Users/siruilu/Local/agentFormalization/QICLean/worktrees/area-law-bell-pin-po
wers/.deps/tenkz/tex/tenkz/tenkz-kernel-policy.code.tex)
(/Users/siruilu/Local/agentFormalization/QICLean/worktrees/area-law-bell-pin-po
wers/.deps/tenkz/tex/tenkz/tenkz-kernel-resolve.code.tex)
(/Users/siruilu/Local/agentFormalization/QICLean/worktrees/area-law-bell-pin-po
wers/.deps/tenkz/tex/tenkz/tenkz-kernel-ink.code.tex)
(/Users/siruilu/Local/agentFormalization/QICLean/worktrees/area-law-bell-pin-po
wers/.deps/tenkz/tex/tenkz/tenkz-kernel-annotate.code.tex)
(/Users/siruilu/Local/agentFormalization/QICLean/worktrees/area-law-bell-pin-po
wers/.deps/tenkz/tex/tenkz/tenkz-kernel-surface.code.tex)))
(./macros/diagrams.tex
(/opt/homebrew/Cellar/texlive/20260301/share/texmf-dist/tex/latex/tikz-cd/tikz-
cd.sty
(/opt/homebrew/Cellar/texlive/20260301/share/texmf-dist/tex/generic/tikz-cd/tik
zlibrarycd.code.tex
(/opt/homebrew/Cellar/texlive/20260301/share/texmf-dist/tex/generic/pgf/fronten
dlayer/tikz/libraries/tikzlibrarymatrix.code.tex)
(/opt/homebrew/Cellar/texlive/20260301/share/texmf-dist/tex/generic/pgf/fronten
dlayer/tikz/libraries/tikzlibraryquotes.code.tex))))
(/Users/siruilu/Local/agentFormalization/QICLean/worktrees/area-law-bell-pin-po
wers/blueprint/print/print.aux)
*geometry* driver: auto-detecting
*geometry* detected driver: xetex

(/Users/siruilu/Local/agentFormalization/QICLean/worktrees/area-law-bell-pin-po
wers/blueprint/print/print.out)
(/Users/siruilu/Local/agentFormalization/QICLean/worktrees/area-law-bell-pin-po
wers/blueprint/print/print.out)
(/opt/homebrew/Cellar/texlive/20260301/share/texmf-dist/tex/latex/amsfonts/umsa
.fd)
(/opt/homebrew/Cellar/texlive/20260301/share/texmf-dist/tex/latex/amsfonts/umsb
.fd) [1]
(/Users/siruilu/Local/agentFormalization/QICLean/worktrees/area-law-bell-pin-po
wers/blueprint/print/print.toc [1] [2] [3] [4] [5] [6] [7]) (./content.tex
(./chapter/ch01_deconstructing_quantum.tex [8]
Chapter 1.
(./chapter/ch01_states.tex
Overfull \hbox (8.30865pt too wide) in paragraph at lines 7--13
[][]\TU/lmr/bx/n/10 Definition 1.1.1 \TU/lmr/m/n/10 (Schmidt decomposition)\TU/
lmr/bx/n/10 . [][][] [][][] [][] [][][] \TU/lmr/m/n/10 For $[] [] [][] [] [][]$
 with $[] [] [][][][][] [][][]$,
[9] [10]) (./chapter/ch01_shifted_density_powers.tex [11])
(./chapter/ch01_shifted_density_truncation.tex [12] [13])
(./chapter/ch01_shifted_power_derivative.tex [14])
(./chapter/ch01_patch_regulator.tex) (./chapter/ch01_positive_maps.tex [15]
[16] [17]
Overfull \hbox (0.76086pt too wide) in paragraph at lines 323--327
[][]\TU/lmr/bx/n/10 Definition 1.9.9 \TU/lmr/m/n/10 (State-preparation map)\TU/
lmr/bx/n/10 . [][][] [][][] [][] [][][] \TU/lmr/m/n/10 Let $[]$ be a matrix on 
a finite-dimensional
[18]
Overfull \hbox (10.62057pt too wide) in paragraph at lines 385--388
[][]\TU/lmr/bx/n/10 Theorem 1.10.3 \TU/lmr/m/n/10 (Trace of the maximally mixed
 matrix)\TU/lmr/bx/n/10 . [][][] [][][] [][] [][][] \TU/lmr/m/it/10 If $[] [] [
]$, then $[][][][][][][] []
[19] [20] [21]
Overfull \hbox (11.59889pt too wide) in paragraph at lines 762--772
[][]\TU/lmr/bx/n/10 Lemma 1.10.15 \TU/lmr/m/n/10 (Reconstructing a Kraus map fr
om $[][]$)\TU/lmr/bx/n/10 . [][][] [][][] [][] [][][] \TU/lmr/m/it/10 Let $[][]
$ be as in Lemma [][]1.10.12[][]

Overfull \hbox (28.53387pt too wide) in paragraph at lines 774--777
[] [][][] \TU/lmr/m/n/10 Both sides expand, entry by entry, to the same double 
sum $[] [][] [][] [] [][] [][][][][] [][]$.
[22] [23] [24] [25] [26]
Overfull \hbox (5.29309pt too wide) in paragraph at lines 1340--1344
[] [][][] \TU/lmr/m/n/10 For every $[][][] [][]$ and $[] [] []$, the zero-exten
ded operator satisfies $[][][][][][] []
[27] [28]
Overfull \hbox (0.58412pt too wide) in paragraph at lines 1512--1516
[] [][][] \TU/lmr/m/n/10 Since $[]$ is Hermitian and $[][] [] []$, the diagonal
 entries of the sum are $[][] [][][] []
) (./chapter/ch01_spectrum_and_wigner.tex [29] [30] [31] [32] [33] [34])
(./chapter/ch01_cyclic_trace_power.tex) (./chapter/ch01_coherent_frames.tex
[35])) (./chapter/ch02_channels.tex [36]
Chapter 2.
(./chapter/ch02_channels_positive_map_and_channel_foundations.tex [37] [38])
(./chapter/ch02_channels_rectangular_kraus_maps.tex [39]
Overfull \hbox (4.21751pt too wide) in paragraph at lines 88--93
[][]\TU/lmr/bx/n/10 Theorem 2.5.8 \TU/lmr/m/n/10 (Trace preservation from a Kra
us resolution)\TU/lmr/bx/n/10 . [][][] [][][] [][] [][][] []\TU/lmr/m/it/10 Eve
ry trace-preserving
[40]
Overfull \hbox (6.7766pt too wide) in paragraph at lines 148--148
[]\TU/lmr/bx/n/14.4 The Choi–Jamiolkowski representation of maps between
[41] [42]
Overfull \hbox (19.3712pt too wide) in paragraph at lines 420--428
[][]\TU/lmr/bx/n/10 Theorem 2.7.1 \TU/lmr/m/n/10 (Kraus normalization condition
s)\TU/lmr/bx/n/10 . [][][] [][][] [][][][] [][][] [][][][] [][][] [][] [][][] [
]\TU/lmr/m/it/10 Let $[][][][] [] [][] [][][][][]$
[43]) (./chapter/ch02_channels_tensor_maps_and_controlled_trace.tex [44])
(./chapter/ch02_channels_transfer_map_foundations.tex [45] [46])
(./chapter/ch02_channels_peripheral_spectrum_and_primitivity.tex [47] [48]
[49] [50] [51]
Overfull \hbox (8.69438pt too wide) in paragraph at lines 488--494
[][]\TU/lmr/bx/n/10 Lemma 2.13.2.1 \TU/lmr/m/n/10 (Peripheral closure via adjoi
nt fixed point)\TU/lmr/bx/n/10 . [][][] [][][] [][] [][][] [][][][]\TU/lmr/m/it
/10 Let $[][][][] [] [][] [][][][][]$

Overfull \hbox (0.28438pt too wide) in paragraph at lines 535--544
[][]\TU/lmr/bx/n/10 Theorem 2.13.2.2 \TU/lmr/m/n/10 (Roots of unity via adjoint
 fixed point)\TU/lmr/bx/n/10 . [][][] [][][] [][] [][][] [][][][][]\TU/lmr/m/it
/10 Let $[][][][] [] [][] [][][][][]$
[52] [53])) (./chapter/ch03_channel_representations.tex [54]
Chapter 3.
(./chapter/ch03_channel_representations_choi_foundations.tex
Overfull \hbox (1.66296pt too wide) in paragraph at lines 16--22
\TU/lmr/m/n/10 When $[] [] []$, this is the \TU/lmr/m/it/10 maximally entangled
 state\TU/lmr/m/n/10 : a rank-one projector with $[][][][] [][][][][] []
[55] [56]) (./chapter/ch03_channel_representations_rectangular_choi_bounds.tex
[57]
Overfull \hbox (7.94478pt too wide) in paragraph at lines 83--87
[][]\TU/lmr/bx/n/10 Definition 3.2.5 \TU/lmr/m/n/10 (Hilbert–Schmidt contractio
n)\TU/lmr/bx/n/10 . [][][] [][][] [][] [][][] \TU/lmr/m/n/10 A complex-linear m
ap $[] [] [][][][][] []
)
(./chapter/ch03_channel_representations_no_information_without_disturbance.tex
[58]) (./chapter/ch03_channel_representations_choi_and_kraus.tex [59] [60]
[61] [62] [63] [64]
Overfull \hbox (11.82436pt too wide) in paragraph at lines 778--783
[][]\TU/lmr/bx/n/10 Theorem 3.7.4 \TU/lmr/m/n/10 (Unitality implies Kraus unita
l normalization)\TU/lmr/bx/n/10 . [][][] [][][] [][] [][][] []\TU/lmr/m/it/10 I
f $[][][][] [] [][] [][][][][]$
[65] [66]) (./chapter/ch03_channel_representations_kraus_iterate_choi.tex
[67] [68]) (./chapter/ch03_channel_representations_ensemble_equivalence.tex
[69]
Overfull \hbox (0.58437pt too wide) in paragraph at lines 128--132
[]\TU/lmr/m/n/10 Conversely, a unitary $[]$ satisfies $[][][] [] []$, so Theore
m [][]3.6.6[][] gives $[][] [][][][] [][][][] [] [][] [][][][] [][][][]$.
) (./chapter/ch03_channel_representations_hermitian_intertwiners.tex [70])
(./chapter/ch03_channel_representations_dilations_and_ordered_cp.tex [71]
[72] [73]
Overfull \hbox (3.29pt too wide) in paragraph at lines 292--292
[]\TU/lmr/bx/n/14.4 Ordered CP maps, Radon–Nikodym, and open-system
[74] [75] [76]
Overfull \hbox (1.84756pt too wide) in paragraph at lines 679--690
[][]\TU/lmr/bx/n/10 Corollary 3.12.15 \TU/lmr/m/n/10 (Square-algebra Radon–Niko
dym theorem)\TU/lmr/bx/n/10 . [][][] [][][] [][] [][][] []\TU/lmr/m/it/10 Let $
[]$ be a nonempty
[77]
Overfull \hbox (11.32751pt too wide) in paragraph at lines 795--799
[][]\TU/lmr/bx/n/10 Lemma 3.12.21 \TU/lmr/m/n/10 (First environment embedding i
s an isometry)\TU/lmr/bx/n/10 . [][][] [][][] [][] [][][] []\TU/lmr/m/it/10 The
 first-environment
[78] [79] [80] [81] [82] [83])
(./chapter/ch03_channel_representations_normal_forms_and_determinant.tex
[84] [85] [86] [87] [88] [89] [90] [91] [92]
Overfull \hbox (27.40834pt too wide) in paragraph at lines 1026--1031
\TU/lmr/m/n/10 nates used immediately before [[], Eq. (2.41)]; see also the loc
al source $[][][][][] [] [][][][][][][][][][][][][][][][][] []
[93] [94] [95] [96]
Overfull \hbox (15.74634pt too wide) in paragraph at lines 1439--1446
[]\TU/lmr/m/n/10 Thus $[]$ maps the positive-semidefinite cone onto itself. The
 already formalized cone/rank/Wigner
[97] [98]) (./chapter/ch03_channel_representations_determinant_choi_bound.tex
[99]
Overfull \hbox (8.04791pt too wide) in paragraph at lines 53--59
\TU/lmr/m/n/10 Substituting $[][][][] [][][]$ for the row pair and $[][][][] []
[][]$ for the column pair in ([][]3.120[][]) gives $[][][][][][][][][]$,
) (./chapter/ch03_channel_representations_self_dual.tex [100]
Overfull \hbox (8.98033pt too wide) in paragraph at lines 60--66
[][]\TU/lmr/bx/n/10 Theorem 3.19.4 \TU/lmr/m/n/10 (Transfer matrix of a Kraus r
epresentation)\TU/lmr/bx/n/10 . [][][] [][][] [][] [][][] []\TU/lmr/m/it/10 If 
$[][][][] [] [][] [][][][][]$,
[101] [102] [103])
(./chapter/ch03_channel_representations_transfer_matrix_identities.tex [104])
(./chapter/ch03_channel_representations_sic_povms.tex [105] [106] [107]
[108])) (./chapter/ch04_positive_not_cp.tex [109]
Chapter 4.
(./chapter/ch04_positive_not_cp_trace_normalization_and_lorentz_cone.tex
[110]) (./chapter/ch04_positive_not_cp_two_positive_schmidt_and_choi.tex

Package hyperref Warning: Token not allowed in a PDF string (Unicode):
(hyperref)                removing `math shift' on input line 1.


Package hyperref Warning: Token not allowed in a PDF string (Unicode):
(hyperref)                removing `math shift' on input line 1.

[111] [112] [113] [114] [115] [116]
Overfull \hbox (1.33026pt too wide) in paragraph at lines 743--748
[] [][][] \TU/lmr/m/n/10 The forward direction is Theorem [][]4.2.3.8[][]. The 
reverse direction is Theorem [][]4.2.3.9[][].
[117]) (./chapter/ch04_positive_not_cp_npositivity_infimum.tex [118] [119])
(./chapter/ch04_positive_not_cp_positivity_reduction_and_breuer_hall.tex
[120] [121] [122] [123] [124] [125] [126]
Overfull \hbox (7.63916pt too wide) in paragraph at lines 751--758
[] [][][] []\TU/lmr/m/n/10 A positive semidefinite matrix is a sum of rank-one 
operators $[][][][][][]$. By Lemma [][]4.7.2[][]
[127]) (./chapter/ch04_positive_not_cp_choi_and_decomposable_maps.tex [128]
[129] [130] [131]
Overfull \hbox (5.33284pt too wide) in paragraph at lines 402--411
[]\TU/lmr/m/n/10 The comparison cannot in general be made strict. For $[][][] [
][] [][] [] [][][] [][] [][]$ and $[] [] [][][] [][] [][] [][] [][]$,
[132] [133] [134] [135] [136] [137] [138] [139] [140] [141] [142])
(./chapter/ch04_positive_not_cp_ppt_and_separable_states.tex [143] [144]
Overfull \hbox (3.90086pt too wide) in paragraph at lines 211--219
\TU/lmr/m/n/10 A bipartite state is separable when it is a convex combination o
f pure product states $[][] [][] [][][][][][][][] []
[145]) (./chapter/ch04_positive_not_cp_schmidt_number_and_entanglement.tex
[146] [147] [148]) (./chapter/ch04_positive_not_cp_kramers_degeneracy.tex
[149] [150])) (./chapter/ch04_positive_not_cp_supporting_results.tex [151]
Overfull \hbox (3.34654pt too wide) in paragraph at lines 185--189
[][]\TU/lmr/bx/n/10 Lemma 4.17.2 \TU/lmr/m/n/10 (Rank factorization through a c
oordinate space)\TU/lmr/bx/n/10 . [][][] [][][] [][] [][][] \TU/lmr/m/it/10 If 
$[] [] [][][][][][][][]$
[152]
Overfull \hbox (7.86009pt too wide) in paragraph at lines 264--269
[] [][][] \TU/lmr/m/n/10 The eigenvectors form an orthonormal basis, so with $[
] [] [][][]$ one has $[][] [][][][][][][][][] []
[153]
Overfull \hbox (7.40033pt too wide) in paragraph at lines 331--340
\TU/lmr/m/n/10 Choi criterion, the rectangular compression criterion, and the r
ank-$[]$ projection criterion. Through-
[154] [155] [156]
Overfull \hbox (0.84254pt too wide) in paragraph at lines 680--684
[][]\TU/lmr/bx/n/10 Lemma 4.19.16 \TU/lmr/m/n/10 (Rank-$[]$ Hermitian projectio
n factorization)\TU/lmr/bx/n/10 . [][][] [][][] [][] [][][] \TU/lmr/m/it/10 Let
 $[] [] [][][][][][][][]$

Package hyperref Warning: Token not allowed in a PDF string (Unicode):
(hyperref)                removing `math shift' on input line 703.


Package hyperref Warning: Token not allowed in a PDF string (Unicode):
(hyperref)                removing `math shift' on input line 703.

[157]
Overfull \hbox (9.13817pt too wide) in paragraph at lines 796--796
[]\TU/lmr/bx/n/14.4 Schmidt-number geometry and entanglement witnesses 
[158] [159]) (./chapter/ch04_convex_structure.tex [160]
Chapter 5.
[161] [162]
Overfull \hbox (0.17003pt too wide) in paragraph at lines 312--325
[] [][][] []\TU/lmr/m/n/10 The equality constraints and equality of the objecti
ves give $[][][][][] [] [][] [][][][][][][][] []
) (./chapter/ch05_schwarz.tex [163]
Chapter 6.
(./chapter/ch05_schwarz_ft_core.tex [164] [165])
(./chapter/ch05_schwarz_retractions_and_peripheral_equality.tex [166] [167])
(./chapter/ch05_schwarz_douglas.tex [168])
(./chapter/ch05_schwarz_schur_complement.tex)
(./chapter/ch05_schwarz_abstract_domains_and_order.tex [169] [170] [171]
[172] [173]
Overfull \hbox (41.15291pt too wide) in paragraph at lines 495--501
\TU/lmr/m/it/10 This is the pseudoinverse-free form of [[], Eq. (5.4)]: the usu
al statement $[][][][][][] [][][][][][][][][][][][][] []

Overfull \hbox (2.29807pt too wide) in paragraph at lines 506--517
\TU/lmr/m/n/10 Evaluating the PSD quadratic form on the vector $[][][] [][][]$ 
and using the side condition $[][][][][][][] []
[174]
Overfull \hbox (7.76178pt too wide) in paragraph at lines 644--649
[][]\TU/lmr/bx/n/10 Definition 6.9.2.7 \TU/lmr/m/n/10 (Per-$[]$ Schwarz hypothe
sis)\TU/lmr/bx/n/10 . [][][] [][][] [][] [][][] []\TU/lmr/m/n/10 A complex-line
ar map $[] [] [][][][][] []

Overfull \hbox (2.08957pt too wide) in paragraph at lines 693--701
[][]\TU/lmr/bx/n/10 Theorem 6.9.2.10 \TU/lmr/m/n/10 (Equality in the operator S
chwarz inequality)\TU/lmr/bx/n/10 . [][][] [][][] [][] [][][] [][]\TU/lmr/m/it/
10 Let $[] [] [][][][][] []
[175])) (./chapter/ch05_schwarz_supporting_results.tex
Overfull \hbox (3.5749pt too wide) in paragraph at lines 49--53
[][]\TU/lmr/bx/n/10 Theorem 6.11.3 \TU/lmr/m/n/10 (Nondegeneracy of the trace p
airing)\TU/lmr/bx/n/10 . [][][] [][][] [][] [][][] \TU/lmr/m/it/10 For $[] [] [
][][][][]$, $[][][][][] []
[176] [177]
Overfull \hbox (4.08379pt too wide) in paragraph at lines 287--287
[]\TU/lmr/bx/n/14.4 Faithful weighted traces and peripheral Schwarz equal-
[178]) (./chapter/ch06_operator_convexity.tex [179]
Chapter 7.
(./chapter/ch06_operator_convexity_schwarz_and_jensen.tex [180] [181] [182]
[183] [184] [185] [186])
(./chapter/ch06_operator_convexity_lieb_and_resolvent.tex [187] [188]
Overfull \hbox (2.84213pt too wide) in paragraph at lines 266--281
\TU/lmr/m/it/10 matrix $[]$, and positive-\TU/lmr/m/n/10 semidefinite \TU/lmr/m
/it/10 matrices $[][][] [][][] [][][] [][]$, the map $[][][] [][] [] [] [][][][
][][][][][][]$
[189] [190]) (./chapter/ch06_operator_convexity_matrix_means.tex
Overfull \hbox (5.76697pt too wide) in paragraph at lines 37--40
[]\TU/lmr/m/it/10 for $[] [] [] [] []$ the mean is monotone in each argument, a
nd for every vector $[]$, $[][][] [][][][][][][][] []
[191] [192]
Overfull \hbox (13.00826pt too wide) in paragraph at lines 197--206
[] [][][] []\TU/lmr/m/n/10 By the chain rule, $[][][][][][] [] [][][][][][][][]
[][][][][][][][]$ with $[] [] [][][][][]$,
[193]
Overfull \hbox (11.05424pt too wide) in paragraph at lines 279--281
\TU/lmr/m/n/10 For $[] [] [] [] [][][]$ let $[][][][][] [] [][][][][][] [][][][
][][]$ with $[][][][][] [] [][]$, and $[][][][][] [] [][][][][][][][][][][][][]
[] []
[194])) (./chapter/ch07_qpf.tex [195]
Chapter 8.
(./chapter/ch07_qpf_cesaro_fixed_points.tex
Overfull \hbox (29.7827pt too wide) in paragraph at lines 45--49
[] [][][] \TU/lmr/m/n/10 Pigeonhole principle on the integer lattice of side $[
][]$: the $[][] [] []$ points $[][][][][][][] [] [] [][][][][][]$
[196] [197] [198] [199]) (./chapter/ch07_qpf_weighted_cesaro.tex [200] [201])
[202] [203] [204] [205] [206] [207] [208] [209] [210]
Overfull \hbox (2.23955pt too wide) in paragraph at lines 1037--1043
[][]\TU/lmr/bx/n/10 Theorem 8.9.8 \TU/lmr/m/n/10 (Eigenvalue $[]$ for positive 
trace-preserving maps)\TU/lmr/bx/n/10 . [][][] [][][] [][] [][][] [][]\TU/lmr/m
/it/10 Let $[] [] [][][][][] []
[211]
Overfull \hbox (5.01353pt too wide) in paragraph at lines 1228--1243
[][]\TU/lmr/bx/n/10 Theorem 8.12.1 \TU/lmr/m/n/10 (Positive fixed-point decompo
sition)\TU/lmr/bx/n/10 . [][][] [][][] [][] [][] [][][] [][] [][] [][][] [][] [
][][] [][]\TU/lmr/m/it/10 Let $[] [] [] [][][][][] []
[212] (./chapter/ch07_qpf_irreducibility_and_ergodicity.tex [213] [214]
[215])) (./chapter/ch07_qpf_supporting_results.tex [216]
Overfull \hbox (1.41978pt too wide) in paragraph at lines 6--6
[]\TU/lmr/bx/n/14.4 Density matrices, Brouwer’s theorem, and Cesàro lim-
[217] [218] [219] [220]) (./chapter/ch08_spectral.tex [221]
Chapter 9.
(./chapter/ch08_spectral_ft_peripheral_cyclic.tex [222] [223])
(./chapter/ch08_spectral_supporting_results.tex [224] [225] [226] [227]))
(./chapter/ch09_channel_asymptotics.tex [228]
Chapter 10.
(./chapter/ch09_channel_asymptotics_jordan_block_power.tex [229])
(./chapter/ch09_channel_asymptotics_upper_triangular_power.tex [230] [231]
[232]) (./chapter/ch09_channel_asymptotics_detailed_balance.tex [233])
(./chapter/ch09_channel_asymptotics_mean_ergodic.tex [234] [235] [236])
(./chapter/ch09_channel_asymptotics_fixed_point_algebras.tex [237])
(./chapter/ch09_channel_asymptotics_fixed_points_and_wedderburn_i.tex [238]
[239] [240] [241] [242] [243] [244] [245] [246]
Overfull \hbox (11.51134pt too wide) in paragraph at lines 982--989
[] [][][] []\TU/lmr/m/n/10 Each pair $[] [] [][]$, $[][] [] [][]$ is of differe
nt type, hence orthogonal by Lemma [][]10.5.22[][].
) (./chapter/ch09_channel_asymptotics_wedderburn_ii.tex [247]
Overfull \hbox (8.43947pt too wide) in paragraph at lines 35--39
[]\TU/lmr/m/n/10 Finally, let $[] [] [][]$ and $[][] [] [][]$ be irreducible un
der $[]$, with $[][] [] [][]$. By Lemma [][]10.5.24[][],
[248] [249]
Overfull \hbox (27.08902pt too wide) in paragraph at lines 176--184
[][]\TU/lmr/bx/n/10 Lemma 10.6.5 \TU/lmr/m/n/10 (Unitary change of basis to blo
ck-diagonal form)\TU/lmr/bx/n/10 . [][][] [][][] [][] [][][] \TU/lmr/m/it/10 Le
t $[][][][][]$
[250] [251] [252] [253] [254] [255] [256])
(./chapter/ch09_channel_asymptotics_corner_and_overlap_decompositions.tex
[257] [258] [259])
(./chapter/ch09_channel_asymptotics_direct_sum_schwarz_maps.tex [260] [261]
Overfull \hbox (3.03027pt too wide) in paragraph at lines 188--201
[] [][][] \TU/lmr/m/n/10 Complete positivity and trace preservation make both t
race adjoints unital Schwarz
[262] [263] [264] [265]

Package hyperref Warning: Token not allowed in a PDF string (Unicode):
(hyperref)                removing `math shift' on input line 616.


Package hyperref Warning: Token not allowed in a PDF string (Unicode):
(hyperref)                removing `math shift' on input line 616.

[266])
(./chapter/ch09_channel_asymptotics_direct_sum_corners_and_maximal_support.tex
[267] [268]
Overfull \hbox (1.70528pt too wide) in paragraph at lines 194--196
[]\TU/lmr/m/n/10 Closure under multiplication transports back through the corre
spondence. A corner-supported
[269] [270] [271] [272])
(./chapter/ch09_channel_asymptotics_fixed_point_structure_and_cycles.tex
[273] [274] [275]
Overfull \hbox (31.08292pt too wide) in paragraph at lines 346--352
[] [][][] []\TU/lmr/m/n/10 In the spectral decomposition $[] [] [] [][][][][][]
$, the support projection is $[] [][][][][][][]$.
[276]
Overfull \hbox (137.52632pt too wide) in paragraph at lines 485--490
[]\TU/lmr/m/n/10 The declarations \TU/lmtt/m/n/10 Kraus.maximalSupport_of_maxim
alRank \TU/lmr/m/n/10 and \TU/lmtt/m/n/10 Kraus.exists_weightedCorner_sqrt_eq_o
f_maximalRank

Overfull \hbox (15.73227pt too wide) in paragraph at lines 501--505
[][]\TU/lmr/bx/n/10 Definition 10.12.1 \TU/lmr/m/n/10 (Exact Kraus word spans)\
TU/lmr/bx/n/10 . [][][] [][][] [][] [][][] \TU/lmr/m/n/10 For a finite Kraus fa
mily $[][][] [] [] [][] []
[277]
Overfull \hbox (11.32634pt too wide) in paragraph at lines 567--571
\TU/lmr/m/n/10 This section develops the block-permutation structure underlying
 the cycle decomposition of [[],
[278] [279] [280]
Overfull \hbox (26.44983pt too wide) in paragraph at lines 1006--1012
[]\TU/lmr/m/it/10 The compiled statement retains the equivalence $[][]$ and the
 literal zero extension $[][][][] [][] [][] [][]$
[281] [282])) (./chapter/ch09_channel_asymptotics_supporting_results.tex
[283] [284]) (./chapter/ch10_wielandt.tex [285]
Chapter 11.
(./chapter/ch10_wielandt_cumulative_bound.tex
Overfull \hbox (35.38342pt too wide) in paragraph at lines 60--65
[] [][][] []\TU/lmr/m/n/10 Expand the Kraus representation of the $[]$-fold ite
rate. Each summand is $[][][][][] [][][][][][][][] []
[286] [287] [288] [289] [290])) (./chapter/ch10_wielandt_supporting_results.tex
 [291] [292]) (./chapter/ch11_semigroup.tex [293]
Chapter 12.
(./chapter/ch11_semigroup_hermitian_paths.tex [294])
(./chapter/ch11_semigroup_dynamics_and_gksl.tex [295]
Overfull \hbox (20.50978pt too wide) in paragraph at lines 27--30
[][]\TU/lmr/bx/n/10 Definition 12.3.3 \TU/lmr/m/n/10 (Exponential semigroup)\TU
/lmr/bx/n/10 . [][][] [][][] [][][][] [][][] [][] [][][] \TU/lmr/m/n/10 Given a
 generator $[] [] [][][][][][][][][]$,
[296] [297] [298]
Overfull \hbox (8.99596pt too wide) in paragraph at lines 499--508
[] [][][] \TU/lmr/m/n/10 Let $[][][][] [] [][] [][][][][]$. By the cyclic prope
rty of trace, $[][][][][][][] [] [][][][][] [][][][][][][] []
[299] [300] [301] [302] [303])
(./chapter/ch11_semigroup_dissipation_and_primitivity.tex [304] [305] [306]
[307] [308]) (./chapter/ch11_semigroup_adjoint_kernel_and_reducibility.tex
[309] [310] [311]
Overfull \hbox (13.29822pt too wide) in paragraph at lines 355--365
[] [][][] \TU/lmr/m/n/10 The block-upper-triangular structure implies $[]$ pres
erves the compression $[][][][][][][]$.
[312] [313]
Overfull \hbox (8.15552pt too wide) in paragraph at lines 648--655
[][]\TU/lmr/bx/n/10 Theorem 12.9.1.16 \TU/lmr/m/n/10 (Large Kossakowski rank im
plies non-reducibility)\TU/lmr/bx/n/10 . [][][] [][][] [][] [][][] [][][][][][]
\TU/lmr/m/it/10 If $[][][][] []
[314])) (./chapter/ch12_entropy.tex [315]
Chapter 13.
(./chapter/ch12_entropy_trace_norm.tex [316] [317] [318]
Overfull \hbox (5.46825pt too wide) in paragraph at lines 455--463
[] [][][] [][][]\TU/lmr/m/n/10 Let $[][]$ be the support projection of $[][][][
][]$ from Lemma [][]13.1.14[][], so that $[][][][][][] []
[319] [320] [321] [322] [323]) (./chapter/ch12_polar_unitary_correction.tex
[324]) (./chapter/ch12_rectangular_windows.tex [325] [326])
(./chapter/ch12_entropy_majorization.tex)
(./chapter/ch12_entropy_von_neumann_and_relative_i.tex [327] [328] [329]
[330] [331] [332] [333] [334])
(./chapter/ch12_entropy_von_neumann_and_relative_ii.tex [335] [336] [337]
[338] [339] [340] [341] [342]
Overfull \hbox (0.6799pt too wide) in paragraph at lines 1010--1020
[] [][][] [][][]\TU/lmr/m/n/10 Kernel inclusion descends through the partial tr
ace, giving $[][][][] [][] [] [][][][] [][]$.
[343] [344]) (./chapter/ch12_entropy_tripartite_and_ssa_i.tex [345] [346]
[347] [348] [349] [350] [351] [352] [353]
Overfull \hbox (6.02043pt too wide) in paragraph at lines 1009--1015
\TU/lmr/m/it/10 This is the source-$[]$ pointwise-vanishing passage in Jenčová–
Ruskai, arXiv:0903.2895v4, lines 433–
[354] [355]) (./chapter/ch12_entropy_tripartite_and_ssa_ii.tex [356] [357]
[358] [359] [360]
Overfull \hbox (3.43794pt too wide) in paragraph at lines 605--612
[][]\TU/lmr/bx/n/10 Lemma 13.8.39 \TU/lmr/m/n/10 (Relative modular square-root 
ratio on the support)\TU/lmr/bx/n/10 . [][][] [][][] [][] [][][] []\TU/lmr/m/it
/10 Let $[][] [][] [][] []$
[361] [362] [363] [364] [365] [366] [367] [368] [369] [370] [371] [372]
[373] [374]
Overfull \hbox (24.00725pt too wide) in paragraph at lines 2195--2208
[][]$\TU/lmr/m/n/10 . The von Neumann entropy of a weighted orthogonal direct s
um is $[][][][] [][] [][][] [] [] [][] [][] [] [][] []
[375]) (./chapter/ch12_entropy_mutual_information.tex [376]
Overfull \hbox (14.84778pt too wide) in paragraph at lines 118--118
[]\TU/lmr/bx/n/14.4 Mutual information: monotonicity and area-law bound 
[377]) (./chapter/ch12_entropy_data_processing.tex)
(./chapter/ch12_entropy_conditional_continuity.tex [378] [379])
(./chapter/ch12_entropy_classical_operator_schmidt_and_renyi.tex [380] [381]
Overfull \hbox (13.46095pt too wide) in paragraph at lines 159--168
[]\TU/lmr/m/n/10 The minimality theorem at the preceding definition proves that
 the range dimension $[] [] [][]$
[382] [383] [384] [385] [386]
Overfull \hbox (1.78531pt too wide) in paragraph at lines 761--765
\TU/lmr/m/it/10 Thus this theorem reduces the singular-reference case to the fa
ithful comparison. Theorem [][]13.15.14[][]
[387] [388] [389] [390]) (./chapter/ch12_entropy_finite_product.tex [391]
[392] (./chapter/ch12_entropy_finite_product_splitting.tex))
(./chapter/ch12_entropy_finite_product_information.tex [393])
(./chapter/ch12_entropy_conditional_two_families.tex [394])
(./chapter/ch12_entropy_typical_spectrum.tex)
(./chapter/ch12_entropy_typical_density.tex [395])
(./chapter/ch12_entropy_typical_pure_state.tex [396])
(./chapter/ch12_entropy_regional_typical_state.tex [397])
(./chapter/ch12_entropy_typical_tail.tex [398])
(./fragment/typical_pure_compression.tex) (./chapter/ch12_density_simplex.tex
[399]) (./chapter/ch12_shifted_density_commutation.tex [400])
(./fragment/spectral_cutoff_mass.tex) (./fragment/replica_defect.tex [401])
(./fragment/replica_excitation_decomposition.tex [402])
(./fragment/replica_excitation_symmetry.tex)
(./fragment/replica_marginal_symmetry.tex [403])
(./fragment/replica_good_auxiliary_marginal.tex [404])
(./chapter/ch12_entropy_physical_buffer_overlap.tex [405] [406])
(./chapter/ch12_entropy_doubled_system_gap.tex [407] [408])
(./fragment/replica_permutation_covariance.tex [409])
(./fragment/replica_good_copy_factorization.tex [410])
(./fragment/replica_good_copy_density.tex)
(./fragment/replica_regional_density.tex [411])
(./fragment/replica_joint_density.tex
Overfull \hbox (9.51262pt too wide) in paragraph at lines 1--1
[]\TU/lmr/bx/n/14.4 Joint density on the good physical and auxiliary copies 
[412]
Overfull \hbox (3.79626pt too wide) in paragraph at lines 47--59
[] [][][] []\TU/lmr/m/n/10 Before tracing auxiliary coordinates, the regional d
ensity theorem gives $[][][][][] []
)) (./chapter/ch12_entropy_corollaries.tex [413])
(./chapter/ch13_random_sources.tex [414]
Chapter 14.

Overfull \hbox (9.15724pt too wide) in paragraph at lines 63--69
[] [][][] \TU/lmr/m/n/10 Conjugation commutes with the finite product, so the i
ntegrand is $[][][][][][][][][][][]$.
[415] [416] [417] [418]) (./chapter/ch13_source_error.tex [419]
Chapter 15.
[420] [421] [422]) (./chapter/ch13_source_reduction.tex [423]
Chapter 16.
[424] [425]) (./chapter/ch13_source_bridges.tex [426]
Chapter 17.
[427] [428] [429] [430]
Overfull \hbox (4.36137pt too wide) in paragraph at lines 516--521
\TU/lmr/m/n/10 This is $[] [] [][]$ followed by the stated output permutation. 
On an arbitrary vector $[]$, $[][][][][][][][][] []
[431] [432]) (./chapter/ch13_buffered_filters.tex [433]
Chapter 18.
) (./chapter/ch13_spectral_filter.tex [434]
Chapter 19.
[435] [436] [437]
Overfull \hbox (14.4764pt too wide) in paragraph at lines 402--409
\TU/lmr/m/it/10 There are $[][][] [][] [] []$, depending only on $[][] [][] [][
] [][] []$, such that $[][][][][][] [] [][][][][][][] [] [][][] [][][][] [][][]
[]$
[438]) (./chapter/ch13_marginal_tails.tex [439]
Chapter 20.
[440] [441] [442] [443] [444]
Overfull \hbox (10.12883pt too wide) in paragraph at lines 560--566
[] [][][] \TU/lmr/m/n/10 Since $[][][][][] [] [][][]$, the left side is the sum
 over $[]$ of $[][][][][] [][][][] [] [][][] [][][][][][][][]$.
[445] [446]) (./chapter/ch13_schur_labels.tex [447]
Chapter 21.
[448] [449] [450]
Overfull \hbox (1.217pt too wide) in paragraph at lines 348--360
[] [][][] \TU/lmr/m/n/10 A joint block of $[][] []$ meeting the $[]$-isotypic c
omponent is invariant under $[][][][][] []
(./fragment/pair_merge_moment.tex [451]) [452] [453] [454]
(./fragment/merge_exponential.tex)
(./fragment/replica_component_merge_moment.tex [455]))
(./fragment/grouped_label_entropy.tex [456])
(./fragment/bad_copy_label_dimension.tex)
(./fragment/good_auxiliary_label_entropy.tex
Overfull \hbox (21.72034pt too wide) in paragraph at lines 37--1
[]\TU/lmr/m/n/10 This proves the bad-label dimension bound used in [[], Section
 7, equation (comparator:good-
[457]) (./fragment/good_auxiliary_label_compression.tex)
(./fragment/replica_good_auxiliary_label_bound.tex [458])
(./chapter/ch13_conditional_movement.tex [459]
Chapter 22.
[460]) (./chapter/ch13_marginal_phase.tex [461]
Chapter 23.

Overfull \hbox (2.48633pt too wide) in paragraph at lines 10--16
\TU/lmr/m/n/10 This chapter formalizes the resolvent argument behind the margin
al-phase comparison of [[],
[462]))
(/Users/siruilu/Local/agentFormalization/QICLean/worktrees/area-law-bell-pin-po
wers/blueprint/print/print.bbl [463]
Underfull \hbox (badness 1158) in paragraph at lines 52--58
[]\TU/lmr/m/n/10 The QICLean contributors.  Exact-rank wording in Wolf’s Choi a
nd wit-

Underfull \hbox (badness 1472) in paragraph at lines 52--58
\TU/lmr/m/n/10 CLean, 2026.  [][]$[][][][][] [] [] [] [][][][][][][][][] [] [][
][] [] [][][][][][][] [] [][][][][][][][][][][] [] [][][][] [] [][][][][] [] []
 []

Underfull \hbox (badness 10000) in paragraph at lines 60--66
\TU/lmr/m/n/10 QICLean, 2026.  [][]$[][][][][] [] [] [] [][][][][][][][][] [] [
][][] [] [][][][][][][] [] [][][][][][][][][][][] [] [][][][][][][] []

Underfull \hbox (badness 1297) in paragraph at lines 68--74
[]\TU/lmr/m/n/10 The QICLean contributors.  The missing order hypothesis in Wol
f’s uni-

Underfull \hbox (badness 5548) in paragraph at lines 68--74
\TU/lmr/m/n/10 QICLean, 2026.  [][]$[][][][][] [] [] [] [][][][][][][][][] [] [
][][] [] [][][][][][][] [] [][][][][][][][][][][] [] [][][][] [] [][][] []

Underfull \hbox (badness 1253) in paragraph at lines 76--81
\TU/lmr/m/n/10 QICLean, 2026.  [][]$[][][][][] [] [] [] [][][][][][][][][] [] [
][][] [] [][][][][][][] [] [][][][][][][][][][][] [] [][][][] [] [][][][][] []
[464]
Underfull \hbox (badness 1478) in paragraph at lines 90--96
[]\TU/lmr/m/n/10 The QICLean contributors.  Scope of Wolf chapter 5 operator co
nvexity

Underfull \hbox (badness 5548) in paragraph at lines 90--96
\TU/lmr/m/n/10 QICLean, 2026.  [][]$[][][][][] [] [] [] [][][][][][][][][] [] [
][][] [] [][][][][][][] [] [][][][][][][][][][][] [] [][][][] [] [][][] []

Underfull \hbox (badness 1817) in paragraph at lines 105--110
\TU/lmr/m/n/10 attainment.  Paper-gap note wolf_slater_attainment_conditions, Q
ICLean,

Underfull \hbox (badness 1803) in paragraph at lines 112--118
[]\TU/lmr/m/n/10 The QICLean contributors.  The structure theorem for finite-di
mensional

Underfull \hbox (badness 10000) in paragraph at lines 112--118
[][]$\TU/lmr/m/n/10 -algebras: Matrix-realized single-block scope.  Paper-gap n
ote

Underfull \hbox (badness 5548) in paragraph at lines 120--126
\TU/lmr/m/n/10 QICLean, 2026.  [][]$[][][][][] [] [] [] [][][][][][][][][] [] [
][][] [] [][][][][][][] [] [][][][][][][][][][][] [] [][][][] [] [][][] []

Underfull \hbox (badness 1152) in paragraph at lines 128--134
[]\TU/lmr/m/n/10 The QICLean contributors.  Wolf proposition 1.5: Factor and co
ordinate

Underfull \hbox (badness 10000) in paragraph at lines 136--143
[]\TU/lmr/m/n/10 The QICLean contributors.  Wolf proposition 1.6: Complete

Underfull \hbox (badness 10000) in paragraph at lines 136--143
\TU/lmr/m/n/10 positivity from positivity, commutative side.  Paper-gap note

Underfull \hbox (badness 7168) in paragraph at lines 136--143
\TU/lmr/m/n/10 wolf_prop16_cp_positivity_commutative_side, QICLean, 2026.  [][]
$[][][][][] []

Underfull \hbox (badness 10000) in paragraph at lines 136--143
[] [] [][][][][][][][][] [] [][][] [] [][][][][][][] [] [][][][][][][][][][][] 
[] [][][][] [] [][][][][][] [] [][] [] [][][][][][][][][][] []

Underfull \hbox (badness 2884) in paragraph at lines 153--159
\TU/lmr/m/n/10 QICLean, 2026.  [][]$[][][][][] [] [] [] [][][][][][][][][] [] [
][][] [] [][][][][][][] [] [][][][][][][][][][][] [] [][][][] [] [][][][] []
[465]
Underfull \hbox (badness 3428) in paragraph at lines 168--174
[]\TU/lmr/m/n/10 The QICLean contributors.  Yamagami’s simultaneous-singularity
 bound-

Underfull \hbox (badness 1253) in paragraph at lines 168--174
\TU/lmr/m/n/10 QICLean, 2026.  [][]$[][][][][] [] [] [] [][][][][][][][][] [] [
][][] [] [][][][][][][] [] [][][][][][][][][][][] [] [][][][][][][][][][] []

Underfull \hbox (badness 2376) in paragraph at lines 176--182
\TU/lmr/m/n/10 ity characterization and Hayashi–Markov decomposition.  Paper-ga
p note

Underfull \hbox (badness 2376) in paragraph at lines 184--190
\TU/lmr/m/n/10 TNLean, 2026.  [][]$[][][][][] [] [] [] [][][][][][][][][] [] []
[][] [] [][][][][][] [] [][][][][][][][][][][] [] [][][][][][] [] [][][][] []
[466]
Underfull \hbox (badness 10000) in paragraph at lines 288--293
[]\TU/lmr/m/n/10 OpenAI.  Polynomial peps approximation of gapped square-

Underfull \hbox (badness 10000) in paragraph at lines 288--293
\TU/lmr/m/n/10 grid ground states, 2026.  September 24, 2026; source revision
[467]) [468]
(/Users/siruilu/Local/agentFormalization/QICLean/worktrees/area-law-bell-pin-po
wers/blueprint/print/print.aux) )
(see the transcript file for additional information)
Output written on /Users/siruilu/Local/agentFormalization/QICLean/worktrees/are
a-law-bell-pin-powers/blueprint/print/print.pdf (469 pages).
SyncTeX written on /Users/siruilu/Local/agentFormalization/QICLean/worktrees/area-law-bell-pin-powers/blueprint/print/print.synctex.gz.
Transcript written on /Users/siruilu/Local/agentFormalization/QICLean/worktrees
/area-law-bell-pin-powers/blueprint/print/print.log.
Latexmk: Getting log file '/Users/siruilu/Local/agentFormalization/QICLean/worktrees/area-law-bell-pin-powers/blueprint/print/print.log'
Latexmk: Examining '/Users/siruilu/Local/agentFormalization/QICLean/worktrees/area-law-bell-pin-powers/blueprint/print/print.fls'
Latexmk: Examining '/Users/siruilu/Local/agentFormalization/QICLean/worktrees/area-law-bell-pin-powers/blueprint/print/print.log'
Latexmk: Found input bbl file '/Users/siruilu/Local/agentFormalization/QICLean/worktrees/area-law-bell-pin-powers/blueprint/print/print.bbl'
Latexmk: Log file says output to '/Users/siruilu/Local/agentFormalization/QICLean/worktrees/area-law-bell-pin-powers/blueprint/print/print.pdf'
Latexmk: Using bibtex to make bibliography file(s).
  ===Source file '/Users/siruilu/Local/agentFormalization/QICLean/worktrees/area-law-bell-pin-powers/blueprint/print/print.bbl' for 'pdflatex'
Latexmk: Found bibliography file(s):
  ./references.bib
Latexmk: All targets (/Users/siruilu/Local/agentFormalization/QICLean/worktrees/area-law-bell-pin-powers/blueprint/print/print.pdf) are up-to-date

